object_id,ein,SpclRlMtOn3rdSprtTstInd,Orgnztn501cInd,Orgnztn501c3ExmptPFInd,TtCntrRcvdMr1000Ind,TtCntrRcvdUpT1000Ind,Orgnztn527Ind,Orgnztn49471NtPFInd,Orgnztn501c3TxblPFInd,Orgnztn49471TrtdPFInd,GnrlRlInd,TtlUndr1000CntrbtnsAmt
202033039349301753,221821292,-,-,-,-,-,-,-,-,-,-,-
202100639349300445,381627600,-,-,-,-,-,-,-,-,-,-,-
202121349349303522,042103552,-,-,-,-,-,-,-,-,-,-,-
202001019349300300,430654876,-,-,-,-,-,-,-,-,-,-,-
202001019349301400,340714818,-,-,-,-,-,-,-,-,-,-,-
202001079349300020,741196134,-,-,-,-,-,-,-,-,-,-,-
202030769349301243,530196583,-,-,-,-,-,-,-,-,-,-,-
202031959349303053,620476822,-,-,-,-,-,-,-,-,-,-,-
202031959349303373,042103578,-,-,-,-,-,-,-,-,-,-,-
202041059349300414,420680404,-,-,-,-,-,-,-,-,-,-,-
202041059349300924,363005527,-,-,-,-,-,-,-,-,-,-,-
202001279349300320,580566116,-,-,-,-,-,-,-,-,-,-,-
202003509349300130,470418641,-,-,-,-,-,-,-,-,-,-,-
202131379349309148,450314233,-,-,-,-,-,-,-,-,-,-,-
202131379349309213,132635819,-,-,-,-,-,-,-,-,-,-,-
202131379349308268,510192025,-,-,-,-,-,-,-,-,-,-,-
202041059349301334,260152908,-,-,-,-,-,-,-,-,-,-,-
202041969349300214,042103552,-,-,-,-,-,-,-,-,-,-,-
202041969349300229,042104230,-,-,-,-,-,-,-,-,-,-,-
202041969349301239,042103637,-,-,-,-,-,-,-,-,-,-,-
202021359349303207,540714277,-,-,-,-,-,-,-,-,-,-,-
202121339349301872,480623882,-,-,-,-,-,-,-,-,-,-,-
202121339349301922,133281910,-,-,-,-,-,-,-,-,-,-,-
202121339349303292,941712371,-,-,-,-,-,-,-,-,-,-,-
202111349349303906,560530005,-,-,-,-,-,-,-,-,-,-,-
202111349349304581,340877803,-,-,-,-,-,-,-,-,-,-,-
202021329349302097,250965601,-,-,-,-,-,-,-,-,-,-,-
202021329349302117,540506306,-,-,-,-,-,-,-,-,-,-,-
202021329349302402,381673400,-,-,-,-,-,-,-,-,-,-,-
202140699349301559,930461940,-,-,-,-,-,-,-,-,-,-,-
202111479349300326,720408946,-,-,-,-,-,-,-,-,-,-,-
202121019349300307,231352674,-,-,-,-,-,-,-,-,-,-,-
202100849349300305,231352620,-,-,-,-,-,-,-,-,-,-,-
202100849349300905,591023117,-,-,-,-,-,-,-,-,-,-,-
202023219349322552,941186175,-,-,-,-,-,-,-,-,-,-,-
202023309349300032,650216638,-,-,-,-,-,-,-,-,-,-,-
202021979349301962,550357072,-,-,-,-,-,-,-,-,-,-,-
202021979349302142,060761704,-,-,-,-,-,-,-,-,-,-,-
202031779349301703,131632522,-,-,-,-,-,-,-,-,-,-,-
202023019349300422,541547408,-,-,-,-,-,-,-,-,-,-,-
202013189349303356,710236867,-,-,-,-,-,-,-,-,-,-,-
202041119349300514,430662529,-,-,-,-,-,-,-,-,-,-,-
202001339349303270,951667177,-,-,-,-,-,-,-,-,-,-,-
202140999349301114,520591661,-,-,-,-,-,-,-,-,-,-,-
202131379349308773,060646936,-,-,-,-,-,-,-,-,-,-,-
202121339349303267,381624684,-,-,-,-,-,-,-,-,-,-,-
202121339349306662,232215278,-,-,-,-,-,-,-,-,-,-,-
202011969349305526,590668483,-,-,-,-,-,-,-,-,-,-,-
202031969349303968,760690847,-,-,-,-,-,-,-,-,-,-,-
202032759349301513,521547103,-,-,-,-,-,-,-,-,-,-,-
202120919349301707,610444708,-,-,-,-,-,-,-,-,-,-,-
202111379349303531,231352118,-,-,-,-,-,-,-,-,-,-,-
202023219349304897,262037695,-,-,-,-,-,-,-,-,-,-,-
202033219349315688,251065148,-,-,-,-,-,-,-,-,-,-,-
202002759349301235,020309681,-,-,-,-,-,-,-,-,-,-,-
202101339349305120,010211494,-,-,-,-,-,-,-,-,-,-,-
202021979349302682,570314390,-,-,-,-,-,-,-,-,-,-,-
202031819349301673,460224600,-,-,-,-,-,-,-,-,-,-,-
202012879349300626,020344073,-,-,-,-,-,-,-,-,-,-,-
202032899349302553,942830046,-,-,-,-,-,-,-,-,-,-,-
202131039349301228,131635274,-,-,-,-,-,-,-,-,-,-,-
202043189349304149,470724387,-,-,-,-,-,-,-,-,-,-,-
202041139349301229,630288878,-,-,-,-,-,-,-,-,-,-,-
202041759349300209,221815636,-,-,-,-,-,-,-,-,-,-,-
202041769349300729,560547498,-,-,-,-,-,-,-,-,-,-,-
202111279349301021,480543715,-,-,-,-,-,-,-,-,-,-,-
202041969349302774,540505940,-,-,-,-,-,-,-,-,-,-,-
202031969349302758,381359081,-,-,-,-,-,-,-,-,-,-,-
202041349349300219,232215278,-,-,-,-,-,-,-,-,-,-,-
202111049349301136,231352654,-,-,-,-,-,-,-,-,-,-,-
202111049349300726,420680400,-,-,-,-,-,-,-,-,-,-,-
202111049349301026,060653264,-,-,-,-,-,-,-,-,-,-,-
202003239349301515,362169147,-,-,-,-,-,-,-,-,-,-,-
202011279349301721,911122839,-,-,-,-,-,-,-,-,-,-,-
202011299349301501,420680335,-,-,-,-,-,-,-,-,-,-,-
202021349349301722,520643528,-,-,-,-,-,-,-,-,-,-,-
202101419349300900,133716314,-,-,-,-,-,-,-,-,-,-,-
202043379349300424,362310478,-,-,-,-,-,-,-,-,-,-,-
202002879349300730,231352691,-,-,-,-,-,-,-,-,-,-,-
202002879349300805,381443369,-,-,-,-,-,-,-,-,-,-,-
202111379349302866,640303093,-,-,-,-,-,-,-,-,-,-,-
202121319349304372,880121831,-,-,-,-,-,-,-,-,-,-,-
202101329349304880,010211497,-,-,-,-,-,-,-,-,-,-,-
202110909349300531,570324906,-,-,-,-,-,-,-,-,-,-,-
202011989349301536,236297362,-,-,-,-,-,-,-,-,-,-,-
202131309349301523,362167773,-,-,-,-,-,-,-,-,-,-,-
202131329349304783,361408475,-,-,-,-,-,-,-,-,-,-,-
202021979349303797,560603922,-,-,-,-,-,-,-,-,-,-,-
202031929349301853,061645496,-,-,-,-,-,-,-,-,-,-,-
202031069349301728,730555460,-,-,-,-,-,-,-,-,-,-,-
202031839349301868,132642091,-,-,-,-,-,-,-,-,-,-,-
202111379349301906,132501829,-,-,-,-,-,-,-,-,-,-,-
202111379349303921,362169157,-,-,-,-,-,-,-,-,-,-,-
202003179349101735,742568941,-,-,-,-,-,-,-,-,-,-,-
202141339349301724,591083502,-,-,-,-,-,-,-,-,-,-,-
202041959349302114,370661227,-,-,-,-,-,-,-,-,-,-,-
202041969349303414,041679980,-,-,-,-,-,-,-,-,-,-,-
202121309349302972,841383926,-,-,-,-,-,-,-,-,-,-,-
202121309349302407,362167048,-,-,-,-,-,-,-,-,-,-,-
202043259349300139,260069167,-,-,-,-,-,-,-,-,-,-,-
202031969349300013,041081650,-,-,-,-,-,-,-,-,-,-,-
202141319349303834,340714363,-,-,-,-,-,-,-,-,-,-,-
202101379349302530,042103578,-,-,-,-,-,-,-,-,-,-,-
202023249349301302,240795439,-,-,-,-,-,-,-,-,-,-,-
202002949349301345,221487322,-,-,-,-,-,-,-,-,-,-,-
202111329349303741,860105586,-,-,-,-,-,-,-,-,-,-,-
202111329349303671,344428219,-,-,-,-,-,-,-,-,-,-,-
202111319349302911,231352354,-,-,-,-,-,-,-,-,-,-,-
202141339349302799,951644035,-,-,-,-,-,-,-,-,-,-,-
202041969349304299,560532296,-,-,-,-,-,-,-,-,-,-,-
202041969349304554,042105769,-,-,-,-,-,-,-,-,-,-,-
202041969349304654,131985627,-,-,-,-,-,-,-,-,-,-,-
202042629349300704,586002736,-,-,-,-,-,-,-,-,-,-,-
202141339349305074,620544854,-,-,-,-,-,-,-,-,-,-,-
202121309349301552,141423161,-,-,-,-,-,-,-,-,-,-,-
202043159349300524,620476661,-,-,-,-,-,-,-,-,-,-,-
202021979349305387,640325640,-,-,-,-,-,-,-,-,-,-,-
202141329349301349,350868149,-,-,-,-,-,-,-,-,-,-,-
202141329349300324,560532314,-,-,-,-,-,-,-,-,-,-,-
202131389349300623,590668483,-,-,-,-,-,-,-,-,-,-,-
202111329349300246,310643552,-,-,-,-,-,-,-,-,-,-,-
202111329349300341,020222111,-,-,-,-,-,-,-,-,-,-,-
202111379349307901,956002998,-,-,-,-,-,-,-,-,-,-,-
202041969349304959,591392749,-,-,-,-,-,-,-,-,-,-,-
202041969349305454,381360586,-,-,-,-,-,-,-,-,-,-,-
202041969349305469,751596658,-,-,-,-,-,-,-,-,-,-,-
202111379349302086,251191961,-,-,-,-,-,-,-,-,-,-,-
202111379349306046,720635884,-,-,-,-,-,-,-,-,-,-,-
202141339349306214,941658311,-,-,-,-,-,-,-,-,-,-,-
202131349349307773,590936101,-,-,-,-,-,-,-,-,-,-,-
202131379349310468,630315935,-,-,-,-,-,-,-,-,-,-,-
202041969349305854,042103629,-,-,-,-,-,-,-,-,-,-,-
202011979349300006,237227990,-,-,-,-,-,-,-,-,-,-,-
202111329349304701,364479457,-,-,-,-,-,-,-,-,-,-,-
202101309349302355,521106842,-,-,-,-,-,-,-,-,-,-,-
202101309349302405,540646523,-,-,-,-,-,-,-,-,-,-,-
202111379349302186,341695897,-,-,-,-,-,-,-,-,-,-,-
202033029349300703,540506331,-,-,-,-,-,-,-,-,-,-,-
202141329349303489,870212470,-,-,-,-,-,-,-,-,-,-,-
202141329349301879,362270695,-,-,-,-,-,-,-,-,-,-,-
202101379349300770,610470593,-,-,-,-,-,-,-,-,-,-,-
202101379349301535,610444671,-,-,-,-,-,-,-,-,-,-,-
202141319349301594,620483210,-,-,-,-,-,-,-,-,-,-,-
202141319349300829,200180768,-,-,-,-,-,-,-,-,-,-,-
202141319349301509,131740445,-,-,-,-,-,-,-,-,-,-,-
202141319349301709,310536715,-,-,-,-,-,-,-,-,-,-,-
202141319349302279,941156266,-,-,-,-,-,-,-,-,-,-,-
202041979349301944,231365966,-,-,-,-,-,-,-,-,-,-,-
202141279349302659,056015988,-,-,-,-,-,-,-,-,-,-,-
202011979349300521,135645885,-,-,-,-,-,-,-,-,-,-,-
202011979349302516,630302179,-,-,-,-,-,-,-,-,-,-,-
202041969349302764,990113930,-,-,-,-,-,-,-,-,-,-,-
202141329349304604,042103638,-,-,-,-,-,-,-,-,-,-,-
202031979349301508,311308555,-,-,-,-,-,-,-,-,-,-,-
202121379349303997,510067938,-,-,-,-,-,-,-,-,-,-,-
202141319349302784,475271468,-,-,-,-,-,-,-,-,-,-,-
202041369349304379,237179639,-,-,-,-,-,-,-,-,-,-,-
202041909349301329,330696561,-,-,-,-,-,-,-,-,-,-,-
202041909349301514,520591672,-,-,-,-,-,-,-,-,-,-,-
202031969349303743,590624412,-,-,-,-,-,-,-,-,-,-,-
202000659349300605,240795406,-,-,-,-,-,-,-,-,-,-,-
202022729349300852,610482955,-,-,-,-,-,-,-,-,-,-,-
202111379349309251,356071917,-,-,-,-,-,-,-,-,-,-,-
202011979349304111,440546278,-,-,-,-,-,-,-,-,-,-,-
202011979349305521,310725957,-,-,-,-,-,-,-,-,-,-,-
202141329349303694,741233796,-,-,-,-,-,-,-,-,-,-,-
202041909349302904,580566212,-,-,-,-,-,-,-,-,-,-,-
202121379349309792,930386839,-,-,-,-,-,-,-,-,-,-,-
202101319349303300,750827409,-,-,-,-,-,-,-,-,-,-,-
202141379349306069,560529961,-,-,-,-,-,-,-,-,-,-,-
202131379349306793,030482006,-,-,-,-,-,-,-,-,-,-,-
202131379349305678,160743996,-,-,-,-,-,-,-,-,-,-,-
202131309349302373,550561496,-,-,-,-,-,-,-,-,-,-,-
202031919349301023,060653264,-,-,-,-,-,-,-,-,-,-,-
202031979349304598,540946734,-,-,-,-,-,-,-,-,-,-,-
202031979349304848,560554207,-,-,-,-,-,-,-,-,-,-,-
202131379349303058,010275130,-,-,-,-,-,-,-,-,-,-,-
202131379349300153,560532138,-,-,-,-,-,-,-,-,-,-,-
202111349349303421,582032904,-,-,-,-,-,-,-,-,-,-,-
202111349349303711,231352152,-,-,-,-,-,-,-,-,-,-,-
202041979349304929,550419865,-,-,-,-,-,-,-,-,-,-,-
202041049349300129,520591661,-,-,-,-,-,-,-,-,-,-,-
202013049349301861,940836580,-,-,-,-,-,-,-,-,-,-,-
202131379349310723,942184330,-,-,-,-,-,-,-,-,-,-,-
202042819349300929,620518288,-,-,-,-,-,-,-,-,-,-,-
202041959349302509,810235407,-,-,-,-,-,-,-,-,-,-,-
202121479349301122,710462177,-,-,-,-,-,-,-,-,-,-,-
202131319349303363,350868175,-,-,-,-,-,-,-,-,-,-,-
202131319349304243,362169145,-,-,-,-,-,-,-,-,-,-,-
202011979349303561,010275130,-,-,-,-,-,-,-,-,-,-,-
202002889349301720,344429091,-,-,-,-,-,-,-,-,-,-,-
202023169349303312,570828733,-,-,-,-,-,-,-,-,-,-,-
202043079349301359,340909974,-,-,-,-,-,-,-,-,-,-,-
202101199349101530,840632115,-,-,-,-,-,-,-,-,-,-,-
202131379349311828,550516532,-,-,-,-,-,-,-,-,-,-,-
202121349349300207,231352613,-,-,-,-,-,-,-,-,-,-,-
202041929349301619,160805158,-,-,-,-,-,-,-,-,-,-,-
202041979349305114,951642394,-,-,-,-,-,-,-,-,-,-,-
202041979349305584,231352630,-,-,-,-,-,-,-,-,-,-,-
202001369349300220,141338309,-,-,-,-,-,-,-,-,-,-,-
202041979349302189,132673756,-,-,-,-,-,-,-,-,-,-,-
202011369349302321,840402510,-,-,-,-,-,-,-,-,-,-,-
202043109349302834,210662542,-,-,-,-,-,-,-,-,-,-,-
202003159349304805,362539399,-,-,-,-,-,-,-,-,-,-,-
202131329349302928,421511682,-,-,-,-,-,-,-,-,-,-,-
202041979349306034,060731360,-,-,-,-,-,-,-,-,-,-,-
202043159349300509,541744931,-,-,-,-,-,-,-,-,-,-,-
202002699349300705,310792741,-,-,-,-,-,-,-,-,-,-,-
202022869349301562,362170999,-,-,-,-,-,-,-,-,-,-,-
202021969349302802,050259080,-,-,-,-,-,-,-,-,-,-,-
202131349349302538,520591421,-,-,-,-,-,-,-,-,-,-,-
202141379349301299,041679980,-,-,-,-,-,-,-,-,-,-,-
202141379349301954,580566116,-,-,-,-,-,-,-,-,-,-,-
202031359349300008,314379532,-,-,-,-,-,-,-,-,-,-,-
202040869349301204,390477970,-,-,-,-,-,-,-,-,-,-,-
202041539349301884,141713034,-,-,-,-,-,-,-,-,-,-,-
202041579349300314,314379459,-,-,-,-,-,-,-,-,-,-,-
202042899349302469,134025667,-,-,-,-,-,-,-,-,-,-,-
202111379349311346,560547478,-,-,-,-,-,-,-,-,-,-,-
202041339349300214,540505906,-,-,-,-,-,-,-,-,-,-,-
202041979349303824,250983069,-,-,-,-,-,-,-,-,-,-,-
202041979349303554,580566256,-,-,-,-,-,-,-,-,-,-,-
202041979349305204,231386178,-,-,-,-,-,-,-,-,-,-,-
202121349349301752,131985627,-,-,-,-,-,-,-,-,-,-,-
202121349349302167,520591613,-,-,-,-,-,-,-,-,-,-,-
202121349349302272,730774245,-,-,-,-,-,-,-,-,-,-,-
202121349349302477,562057124,-,-,-,-,-,-,-,-,-,-,-
202032839349301623,480543782,-,-,-,-,-,-,-,-,-,-,-
202141449349300904,231352236,-,-,-,-,-,-,-,-,-,-,-
202021969349305007,750859668,-,-,-,-,-,-,-,-,-,-,-
202022689349300512,112705352,-,-,-,-,-,-,-,-,-,-,-
202031959349301503,141340095,-,-,-,-,-,-,-,-,-,-,-
202031959349301963,260812968,-,-,-,-,-,-,-,-,-,-,-
202003159349304845,956102146,-,-,-,-,-,-,-,-,-,-,-
202041019349300229,620570060,-,-,-,-,-,-,-,-,-,-,-
202041019349301414,941156485,-,-,-,-,-,-,-,-,-,-,-
202021959349302662,111532426,-,-,-,-,-,-,-,-,-,-,-
202131379349303133,363649217,-,-,-,-,-,-,-,-,-,-,-
202131379349301558,350868202,-,-,-,-,-,-,-,-,-,-,-
202013179349301911,410693856,-,-,-,-,-,-,-,-,-,-,-
202031969349302593,042104258,-,-,-,-,-,-,-,-,-,-,-
202031969349302988,231382408,-,-,-,-,-,-,-,-,-,-,-
202031979349302223,720423889,-,-,-,-,-,-,-,-,-,-,-
202021979349303047,570314406,-,-,-,-,-,-,-,-,-,-,-
202041969349300809,590624416,-,-,-,-,-,-,-,-,-,-,-
202131349349300908,314379507,-,-,-,-,-,-,-,-,-,-,-
202131349349302553,370661227,-,-,-,-,-,-,-,-,-,-,-
202031959349300318,231352213,-,-,-,-,-,-,-,-,-,-,-
202031959349301448,231352688,-,-,-,-,-,-,-,-,-,-,-
202031899349302268,590859121,-,-,-,-,-,-,-,-,-,-,-
202021979349306947,530204707,-,-,-,-,-,-,-,-,-,-,-
202021979349306452,630366652,-,-,-,-,-,-,-,-,-,-,-
202001929349301000,010355980,-,-,-,-,-,-,-,-,-,-,-
202042799349300529,340873175,-,-,-,-,-,-,-,-,-,-,-
202021969349300847,231352256,-,-,-,-,-,-,-,-,-,-,-
202021979349304112,362170866,-,-,-,-,-,-,-,-,-,-,-
202001909349302225,440562048,-,-,-,-,-,-,-,-,-,-,-
202033149349300903,133705284,-,-,-,-,-,-,-,-,-,-,-
202021979349306267,520805606,-,-,-,-,-,-,-,-,-,-,-
202021979349305802,741109661,-,-,-,-,-,-,-,-,-,-,-
202013119349301016,310621866,-,-,-,-,-,-,-,-,-,-,-
202131379349300128,210650678,-,-,-,-,-,-,-,-,-,-,-
202001929349302180,520491660,-,-,-,-,-,-,-,-,-,-,-
202141459349301209,954663290,-,-,-,-,-,-,-,-,-,-,-
202141469349300139,746066216,-,-,-,-,-,-,-,-,-,-,-
202021969349302142,231352665,-,-,-,-,-,-,-,-,-,-,-
202001979349300735,530196603,-,-,-,-,-,-,-,-,-,-,-
202022909349300422,237409172,-,-,-,-,-,-,-,-,-,-,-
202021979349304657,208449705,-,-,-,-,-,-,-,-,-,-,-
202021979349304917,112163504,-,-,-,-,-,-,-,-,-,-,-
202041969349304769,560532138,-,-,-,-,-,-,-,-,-,-,-
202031959349302733,560532303,-,-,-,-,-,-,-,-,-,-,-
202021979349309002,591571122,-,-,-,-,-,-,-,-,-,-,-
202001929349302610,111788788,-,-,-,-,-,-,-,-,-,-,-
202001929349302625,911160585,-,-,-,-,-,-,-,-,-,-,-
202001929349302700,231352685,-,-,-,-,-,-,-,-,-,-,-
202121349349306462,540505990,-,-,-,-,-,-,-,-,-,-,-
202121349349304472,042103558,-,-,-,-,-,-,-,-,-,-,-
202131349349305893,810378823,-,-,-,-,-,-,-,-,-,-,-
202011899349300811,410694721,-,-,-,-,-,-,-,-,-,-,-
202131379349309088,540568200,-,-,-,-,-,-,-,-,-,-,-
202021969349301437,141338544,-,-,-,-,-,-,-,-,-,-,-
202021969349301312,042121659,-,-,-,-,-,-,-,-,-,-,-
202021969349301592,042103594,-,-,-,-,-,-,-,-,-,-,-
202021979349305277,546039600,-,-,-,-,-,-,-,-,-,-,-
202021979349305712,237434499,-,-,-,-,-,-,-,-,-,-,-
202041969349303534,390806196,-,-,-,-,-,-,-,-,-,-,-
202043149349300204,550526150,-,-,-,-,-,-,-,-,-,-,-
202021959349302627,042103830,-,-,-,-,-,-,-,-,-,-,-
202031979349307718,620475690,-,-,-,-,-,-,-,-,-,-,-
202001959349302065,580814544,-,-,-,-,-,-,-,-,-,-,-
202131379349307598,910565553,-,-,-,-,-,-,-,-,-,-,-
202023169349302307,810231774,-,-,-,-,-,-,-,-,-,-,-
202131379349300428,150532239,-,-,-,-,-,-,-,-,-,-,-
202121349349304077,930386892,-,-,-,-,-,-,-,-,-,-,-
202001979349301860,261672457,-,-,-,-,-,-,-,-,-,-,-
202001979349303330,362174823,-,-,-,-,-,-,-,-,-,-,-
202021969349302017,042103589,-,-,-,-,-,-,-,-,-,-,-
202131459349300828,330720978,-,-,-,-,-,-,-,-,-,-,-
202021979349305532,430670936,-,-,-,-,-,-,-,-,-,-,-
202001889349301000,560530235,-,-,-,-,-,-,-,-,-,-,-
202000629349300815,042111203,-,-,-,-,-,-,-,-,-,-,-
202043169349302539,150532245,-,-,-,-,-,-,-,-,-,-,-
202001959349300130,231352152,-,-,-,-,-,-,-,-,-,-,-
202043219349323039,930999148,-,-,-,-,-,-,-,-,-,-,-
202011929349301301,251094922,-,-,-,-,-,-,-,-,-,-,-
202021329349302467,240795965,-,-,-,-,-,-,-,-,-,-,-
202031849349301513,710437657,-,-,-,-,-,-,-,-,-,-,-
202001889349301920,391453493,-,-,-,-,-,-,-,-,-,-,-
202041049349300239,135562314,-,-,-,-,-,-,-,-,-,-,-
202001059349300210,560530240,-,-,-,-,-,-,-,-,-,-,-
202001059349300340,590624459,-,-,-,-,-,-,-,-,-,-,-
202011049349301161,941156628,-,-,-,-,-,-,-,-,-,-,-
202031069349300113,350868074,-,-,-,-,-,-,-,-,-,-,-
202031069349301788,741159753,-,-,-,-,-,-,-,-,-,-,-
202031069349301653,710236897,-,-,-,-,-,-,-,-,-,-,-
202001959349300410,141338457,-,-,-,-,-,-,-,-,-,-,-
202041919349302074,111630906,-,-,-,-,-,-,-,-,-,-,-
202131349349303373,351087173,-,-,-,-,-,-,-,-,-,-,-
202001979349304650,150532276,-,-,-,-,-,-,-,-,-,-,-
202001979349304580,951246140,-,-,-,-,-,-,-,-,-,-,-
202131349349304968,132673756,-,-,-,-,-,-,-,-,-,-,-
202121349349304337,042005934,-,-,-,-,-,-,-,-,-,-,-
202021969349304267,430654872,-,-,-,-,-,-,-,-,-,-,-
202021979349306017,560532129,-,-,-,-,-,-,-,-,-,-,-
202121349349305997,060662150,-,-,-,-,-,-,-,-,-,-,-
202121349349306342,912037146,-,-,-,-,-,-,-,-,-,-,-
202131379349301978,250717890,-,-,-,-,-,-,-,-,-,-,-
202131479349300633,310725957,-,-,-,-,-,-,-,-,-,-,-
202031849349300908,381945965,-,-,-,-,-,-,-,-,-,-,-
202001279349300800,570314380,-,-,-,-,-,-,-,-,-,-,-
202011279349301201,237179567,-,-,-,-,-,-,-,-,-,-,-
202001929349302565,472654761,-,-,-,-,-,-,-,-,-,-,-
202011959349300336,421511682,-,-,-,-,-,-,-,-,-,-,-
202041929349300504,111630741,-,-,-,-,-,-,-,-,-,-,-
202002879349301325,910615846,-,-,-,-,-,-,-,-,-,-,-
202021909349302852,620475697,-,-,-,-,-,-,-,-,-,-,-
202031979349308023,620497613,-,-,-,-,-,-,-,-,-,-,-
202023169349300827,273339369,-,-,-,-,-,-,-,-,-,-,-
202021979349305962,741238438,-,-,-,-,-,-,-,-,-,-,-
202041979349303019,362270695,-,-,-,-,-,-,-,-,-,-,-
202131349349304603,430653493,-,-,-,-,-,-,-,-,-,-,-
202131349349304613,540524516,-,-,-,-,-,-,-,-,-,-,-
202013119349301251,640579585,-,-,-,-,-,-,-,-,-,-,-
202021829349300917,350715530,-,-,-,-,-,-,-,-,-,-,-
202021349349300617,272990527,-,-,-,-,-,-,-,-,-,-,-
202021349349302307,410695596,-,-,-,-,-,-,-,-,-,-,-
202001349349300410,361557840,-,-,-,-,-,-,-,-,-,-,-
202041969349300934,131988190,-,-,-,-,-,-,-,-,-,-,-
202041969349300244,540525605,-,-,-,-,-,-,-,-,-,-,-
202121349349307307,161032869,-,-,-,-,-,-,-,-,-,-,-
202013159349300611,540793767,-,-,-,-,-,-,-,-,-,-,-
202011959349303736,410711610,-,-,-,-,-,-,-,-,-,-,-
202021889349300312,150532254,-,-,-,-,-,-,-,-,-,-,-
202031919349301613,042103580,-,-,-,-,-,-,-,-,-,-,-
202121349349302757,311308555,-,-,-,-,-,-,-,-,-,-,-
202001979349308755,750818183,-,-,-,-,-,-,-,-,-,-,-
202011969349302061,381988915,-,-,-,-,-,-,-,-,-,-,-
202011969349303456,570314402,-,-,-,-,-,-,-,-,-,-,-
202131369349301843,314379435,-,-,-,-,-,-,-,-,-,-,-
202111379349307746,590949880,-,-,-,-,-,-,-,-,-,-,-
202041979349302454,042271070,-,-,-,-,-,-,-,-,-,-,-
202021829349301112,350715530,-,-,-,-,-,-,-,-,-,-,-
202011899349300446,720642832,-,-,-,-,-,-,-,-,-,-,-
202021359349300947,591083502,-,-,-,-,-,-,-,-,-,-,-
202011339349301211,391596986,-,-,-,-,-,-,-,-,-,-,-
202011349349301611,231365954,-,-,-,-,-,-,-,-,-,-,-
202011929349301041,440552485,-,-,-,-,-,-,-,-,-,-,-
202043039349300639,020222215,-,-,-,-,-,-,-,-,-,-,-
202001979349302435,310537514,-,-,-,-,-,-,-,-,-,-,-
202001979349302485,041843040,-,-,-,-,-,-,-,-,-,-,-
202001989349300705,910916534,-,-,-,-,-,-,-,-,-,-,-
202001959349302330,530196549,-,-,-,-,-,-,-,-,-,-,-
202011969349302901,060646973,-,-,-,-,-,-,-,-,-,-,-
202011979349304531,356071917,-,-,-,-,-,-,-,-,-,-,-
202011979349304161,314379585,-,-,-,-,-,-,-,-,-,-,-
202011369349301736,364195126,-,-,-,-,-,-,-,-,-,-,-
202011369349301841,060646701,-,-,-,-,-,-,-,-,-,-,-
202011369349302146,050258809,-,-,-,-,-,-,-,-,-,-,-
202032549349300123,942207895,-,-,-,-,-,-,-,-,-,-,-
202001979349304835,640303084,-,-,-,-,-,-,-,-,-,-,-
202121349349307352,391453493,-,-,-,-,-,-,-,-,-,-,-
202001919349300835,240839402,-,-,-,-,-,-,-,-,-,-,-
202001929349301040,590936101,-,-,-,-,-,-,-,-,-,-,-
202003169349306600,943111522,-,-,-,-,-,-,-,-,-,-,-
202011979349304206,460224588,-,-,-,-,-,-,-,-,-,-,-
202011979349304221,521435310,-,-,-,-,-,-,-,-,-,-,-
202041979349304849,952789388,-,-,-,-,-,-,-,-,-,-,-
202041979349306144,131628150,-,-,-,-,-,-,-,-,-,-,-
202021889349300827,200151437,-,-,-,-,-,-,-,-,-,-,-
202011909349301611,381308480,-,-,-,-,-,-,-,-,-,-,-
202001559349301860,910565553,-,-,-,-,-,-,-,-,-,-,-
202001559349301715,230465970,-,-,-,-,-,-,-,-,-,-,-
202001559349301720,540506314,-,-,-,-,-,-,-,-,-,-,-
202011649349300021,231352204,-,-,-,-,-,-,-,-,-,-,-
202042979349301859,350886846,-,-,-,-,-,-,-,-,-,-,-
202131379349303468,156019050,-,-,-,-,-,-,-,-,-,-,-
202131379349304083,540573801,-,-,-,-,-,-,-,-,-,-,-
202021979349300832,314379435,-,-,-,-,-,-,-,-,-,-,-
202021979349301527,660191965,-,-,-,-,-,-,-,-,-,-,-
202031959349303048,050258932,-,-,-,-,-,-,-,-,-,-,-
202041899349300549,362167048,-,-,-,-,-,-,-,-,-,-,-
202011959349303726,520591658,-,-,-,-,-,-,-,-,-,-,-
202011959349303786,135562985,-,-,-,-,-,-,-,-,-,-,-
202041959349302409,520591613,-,-,-,-,-,-,-,-,-,-,-
202022879349301857,616002351,-,-,-,-,-,-,-,-,-,-,-
202011979349305641,610469267,-,-,-,-,-,-,-,-,-,-,-
202031919349300228,363108821,-,-,-,-,-,-,-,-,-,-,-
202001779349301590,430653493,-,-,-,-,-,-,-,-,-,-,-
202031979349300743,741587916,-,-,-,-,-,-,-,-,-,-,-
202013119349300201,141338413,-,-,-,-,-,-,-,-,-,-,-
202011979349300726,042452884,-,-,-,-,-,-,-,-,-,-,-
202013039349301921,956120642,-,-,-,-,-,-,-,-,-,-,-
202131379349303383,911559533,-,-,-,-,-,-,-,-,-,-,-
202011979349307261,581357177,-,-,-,-,-,-,-,-,-,-,-
202011979349304846,381357980,-,-,-,-,-,-,-,-,-,-,-
202041979349308074,760057699,-,-,-,-,-,-,-,-,-,-,-
202022889349301627,620812782,-,-,-,-,-,-,-,-,-,-,-
202031919349302228,440545271,-,-,-,-,-,-,-,-,-,-,-
202003089349300855,750959996,-,-,-,-,-,-,-,-,-,-,-
202023149349303442,231352008,-,-,-,-,-,-,-,-,-,-,-
202031979349301903,010211494,-,-,-,-,-,-,-,-,-,-,-
202001979349308905,630400608,-,-,-,-,-,-,-,-,-,-,-
202021929349301757,161032869,-,-,-,-,-,-,-,-,-,-,-
202043179349309224,941570130,-,-,-,-,-,-,-,-,-,-,-
202003159349300730,370661231,-,-,-,-,-,-,-,-,-,-,-
202022689349301617,260152908,-,-,-,-,-,-,-,-,-,-,-
202011979349307901,591157081,-,-,-,-,-,-,-,-,-,-,-
202131379349306933,237421224,-,-,-,-,-,-,-,-,-,-,-
202131379349307358,383336473,-,-,-,-,-,-,-,-,-,-,-
202022729349300227,271503981,-,-,-,-,-,-,-,-,-,-,-
202121349349307792,951664112,-,-,-,-,-,-,-,-,-,-,-
202033179349300213,112673595,-,-,-,-,-,-,-,-,-,-,-
202131379349305043,610469267,-,-,-,-,-,-,-,-,-,-,-
202033169349303983,462931956,-,-,-,-,-,-,-,-,-,-,-
202003079349300215,111661359,-,-,-,-,-,-,-,-,-,-,-
202013169349303286,362166946,-,-,-,-,-,-,-,-,-,-,-
202013029349301401,421164750,-,-,-,-,-,-,-,-,-,-,-
202121479349301552,610444763,-,-,-,-,-,-,-,-,-,-,-
202003189349305995,420680452,-,-,-,-,-,-,-,-,-,-,-
202141379349304189,370661491,-,-,-,-,-,-,-,-,-,-,-
202111379349300196,240839402,-,-,-,-,-,-,-,-,-,-,-
202003169349304055,454620000,-,-,-,-,-,-,-,-,-,-,-
202013179349304346,431983168,-,-,-,-,-,-,-,-,-,-,-
202023219349314567,581581103,-,-,-,-,-,-,-,-,-,-,-
202013089349302686,810232122,-,-,-,-,-,-,-,-,-,-,-
202003179349309405,820309302,-,-,-,-,-,-,-,-,-,-,-
202023239349300627,860197576,-,-,-,-,-,-,-,-,-,-,-
202023109349300327,470394397,-,-,-,-,-,-,-,-,-,-,-
202111379349301556,042103544,-,-,-,-,-,-,-,-,-,-,-
202131349349302063,150532254,-,-,-,-,-,-,-,-,-,-,-
202131379349308248,630302179,-,-,-,-,-,-,-,-,-,-,-
202013039349302021,450231180,-,-,-,-,-,-,-,-,-,-,-
202033079349300023,112868878,-,-,-,-,-,-,-,-,-,-,-
202013049349301301,340714585,-,-,-,-,-,-,-,-,-,-,-
202013169349304716,561212691,-,-,-,-,-,-,-,-,-,-,-
202013169349303571,221487164,-,-,-,-,-,-,-,-,-,-,-
202023219349316407,526002036,-,-,-,-,-,-,-,-,-,-,-
202003189349303795,420681049,-,-,-,-,-,-,-,-,-,-,-
202013099349300606,020423502,-,-,-,-,-,-,-,-,-,-,-
202033039349300808,570314408,-,-,-,-,-,-,-,-,-,-,-
202033169349305633,141338428,-,-,-,-,-,-,-,-,-,-,-
202023099349301907,470378779,-,-,-,-,-,-,-,-,-,-,-
202023039349300302,340753531,-,-,-,-,-,-,-,-,-,-,-
202033179349309343,112626155,-,-,-,-,-,-,-,-,-,-,-
202013149349303846,222547262,-,-,-,-,-,-,-,-,-,-,-
202043089349301749,042037931,-,-,-,-,-,-,-,-,-,-,-
202023219349320842,470424785,-,-,-,-,-,-,-,-,-,-,-
202043029349301519,310785684,-,-,-,-,-,-,-,-,-,-,-
202023219349316717,226830873,-,-,-,-,-,-,-,-,-,-,-
202003189349305740,440545297,-,-,-,-,-,-,-,-,-,-,-
202033159349303288,208091013,-,-,-,-,-,-,-,-,-,-,-
202003179349303935,160743310,-,-,-,-,-,-,-,-,-,-,-
202023149349304507,221487173,-,-,-,-,-,-,-,-,-,-,-
202003189349307055,362739299,-,-,-,-,-,-,-,-,-,-,-
202023179349309257,381357020,-,-,-,-,-,-,-,-,-,-,-
202003179349302325,470376552,-,-,-,-,-,-,-,-,-,-,-
202023219349324447,210634462,-,-,-,-,-,-,-,-,-,-,-
202033169349300413,520743814,-,-,-,-,-,-,-,-,-,-,-
202043179349302649,430654874,-,-,-,-,-,-,-,-,-,-,-
202043179349308729,160743134,-,-,-,-,-,-,-,-,-,-,-
202033109349302168,540715569,-,-,-,-,-,-,-,-,-,-,-
202011979349302241,270694073,-,-,-,-,-,-,-,-,-,-,-
202013179349300406,550753754,-,-,-,-,-,-,-,-,-,-,-
202043169349305559,111635088,-,-,-,-,-,-,-,-,-,-,-
202013029349301981,386080947,-,-,-,-,-,-,-,-,-,-,-
202010729349300021,344427516,-,-,-,-,-,-,-,-,-,-,-
202010719349301566,231352674,-,-,-,-,-,-,-,-,-,-,-
202131049349300108,042596491,-,-,-,-,-,-,-,-,-,-,-
202030989349301313,610466713,-,-,-,-,-,-,-,-,-,-,-
202110279349300531,410789402,-,-,-,-,-,-,-,-,-,-,-
202110489349301036,430652667,-,-,-,-,-,-,-,-,-,-,-
202030989349301003,231352621,-,-,-,-,-,-,-,-,-,-,-
202020989349300712,951644593,-,-,-,-,-,-,-,-,-,-,-
202020779349300832,141338488,-,-,-,-,-,-,-,-,-,-,-
202120679349300137,730739626,-,-,-,-,-,-,-,-,-,-,-
202120679349301322,160743942,-,-,-,-,-,-,-,-,-,-,-
202020799349300627,941658311,-,-,-,-,-,-,-,-,-,-,-
202010749349300706,204984268,-,-,-,-,-,-,-,-,-,-,-
202130159349301228,941279803,-,-,-,-,-,-,-,-,-,-,-
202130539349300323,540129860,-,-,-,-,-,-,-,-,-,-,-
202130549349300203,383364284,-,-,-,-,-,-,-,-,-,-,-
202131049349300633,231352652,-,-,-,-,-,-,-,-,-,-,-
202140419349300829,340868798,-,-,-,-,-,-,-,-,-,-,-
202020949349300722,951643992,-,-,-,-,-,-,-,-,-,-,-
202141339349302439,231365971,-,-,-,-,-,-,-,-,-,-,-
202001069349301110,420680412,-,-,-,-,-,-,-,-,-,-,-
202120989349300732,231501197,-,-,-,-,-,-,-,-,-,-,-
202141379349307929,720408929,-,-,-,-,-,-,-,-,-,-,-
202001069349301310,420707124,-,-,-,-,-,-,-,-,-,-,-
202130549349300548,610660795,-,-,-,-,-,-,-,-,-,-,-
202120749349300522,204984268,-,-,-,-,-,-,-,-,-,-,-
202101059349300525,231352615,-,-,-,-,-,-,-,-,-,-,-
202100429349301370,750851900,-,-,-,-,-,-,-,-,-,-,-
202140369349300924,561995933,-,-,-,-,-,-,-,-,-,-,-
202030809349300503,340714626,-,-,-,-,-,-,-,-,-,-,-
202030809349300923,580566143,-,-,-,-,-,-,-,-,-,-,-
202001069349301405,741193459,-,-,-,-,-,-,-,-,-,-,-
202021059349300012,042037931,-,-,-,-,-,-,-,-,-,-,-
202021059349300112,030179424,-,-,-,-,-,-,-,-,-,-,-
202131059349300733,450273403,-,-,-,-,-,-,-,-,-,-,-
202140429349301504,910473310,-,-,-,-,-,-,-,-,-,-,-
202121329349302997,540506319,-,-,-,-,-,-,-,-,-,-,-
202100959349300820,550370901,-,-,-,-,-,-,-,-,-,-,-
202021059349300632,910565571,-,-,-,-,-,-,-,-,-,-,-
202021059349300817,410708577,-,-,-,-,-,-,-,-,-,-,-
202021059349301022,730579264,-,-,-,-,-,-,-,-,-,-,-
202021059349301327,570352247,-,-,-,-,-,-,-,-,-,-,-
202030659349301513,410693962,-,-,-,-,-,-,-,-,-,-,-
202110509349301106,620484185,-,-,-,-,-,-,-,-,-,-,-
202141269349301519,391773613,-,-,-,-,-,-,-,-,-,-,-
202141319349303079,480543772,-,-,-,-,-,-,-,-,-,-,-
202011919349302361,730579265,-,-,-,-,-,-,-,-,-,-,-
202001019349300220,237121060,-,-,-,-,-,-,-,-,-,-,-
202141349349307934,951690977,-,-,-,-,-,-,-,-,-,-,-
202141379349309724,630366652,-,-,-,-,-,-,-,-,-,-,-
202141379349306839,620502739,-,-,-,-,-,-,-,-,-,-,-
202041889349300134,351065063,-,-,-,-,-,-,-,-,-,-,-
202031979349304473,721173156,-,-,-,-,-,-,-,-,-,-,-
202021979349302387,231352642,-,-,-,-,-,-,-,-,-,-,-
202021929349301697,550394213,-,-,-,-,-,-,-,-,-,-,-
202100579349300730,750808791,-,-,-,-,-,-,-,-,-,-,-
202001889349302350,430652617,-,-,-,-,-,-,-,-,-,-,-
202011979349303746,560529961,-,-,-,-,-,-,-,-,-,-,-
202110889349300856,620202000,-,-,-,-,-,-,-,-,-,-,-
202131349349305203,240795453,-,-,-,-,-,-,-,-,-,-,-
202131349349305438,530196549,-,-,-,-,-,-,-,-,-,-,-
202131349349305838,362167842,-,-,-,-,-,-,-,-,-,-,-
202131349349305898,820200907,-,-,-,-,-,-,-,-,-,-,-
202141339349303759,061744054,-,-,-,-,-,-,-,-,-,-,-
202120979349301227,010378758,-,-,-,-,-,-,-,-,-,-,-
202141379349308034,560532129,-,-,-,-,-,-,-,-,-,-,-
202021119349301217,951644035,-,-,-,-,-,-,-,-,-,-,-
202141339349304059,221912028,-,-,-,-,-,-,-,-,-,-,-
202031899349302018,610444695,-,-,-,-,-,-,-,-,-,-,-
202100289349300020,231352692,-,-,-,-,-,-,-,-,-,-,-
202111379349306466,231178880,-,-,-,-,-,-,-,-,-,-,-
202111379349309946,710437657,-,-,-,-,-,-,-,-,-,-,-
202100579349300225,344427516,-,-,-,-,-,-,-,-,-,-,-
202120609349301002,382333042,-,-,-,-,-,-,-,-,-,-,-
202100839349300040,141713034,-,-,-,-,-,-,-,-,-,-,-
202141349349303034,340714654,-,-,-,-,-,-,-,-,-,-,-
202021939349300427,720408946,-,-,-,-,-,-,-,-,-,-,-
202021939349301152,860931108,-,-,-,-,-,-,-,-,-,-,-
202031969349300333,042103701,-,-,-,-,-,-,-,-,-,-,-
202031969349300708,570314422,-,-,-,-,-,-,-,-,-,-,-
202140899349300209,370673484,-,-,-,-,-,-,-,-,-,-,-
202141319349304384,660379122,-,-,-,-,-,-,-,-,-,-,-
202141339349304269,530196584,-,-,-,-,-,-,-,-,-,-,-
202021969349300102,710246213,-,-,-,-,-,-,-,-,-,-,-
202041969349300504,430654854,-,-,-,-,-,-,-,-,-,-,-
202011979349308651,131740468,-,-,-,-,-,-,-,-,-,-,-
202141359349301904,540714277,-,-,-,-,-,-,-,-,-,-,-
202141359349301939,363657734,-,-,-,-,-,-,-,-,-,-,-
202141359349302374,941156525,-,-,-,-,-,-,-,-,-,-,-
202031899349302083,930309970,-,-,-,-,-,-,-,-,-,-,-
202131379349306623,042152671,-,-,-,-,-,-,-,-,-,-,-
202121279349301017,716056774,-,-,-,-,-,-,-,-,-,-,-
202001369349303925,951958142,-,-,-,-,-,-,-,-,-,-,-
202001369349301240,460280847,-,-,-,-,-,-,-,-,-,-,-
202041899349302169,941698615,-,-,-,-,-,-,-,-,-,-,-
202021969349302227,133297197,-,-,-,-,-,-,-,-,-,-,-
202021979349305372,741357323,-,-,-,-,-,-,-,-,-,-,-
202021979349305402,231352236,-,-,-,-,-,-,-,-,-,-,-
202110989349301211,111635105,-,-,-,-,-,-,-,-,-,-,-
202121349349306872,391097032,-,-,-,-,-,-,-,-,-,-,-
202021969349305062,111633516,-,-,-,-,-,-,-,-,-,-,-
202141379349306979,237172306,-,-,-,-,-,-,-,-,-,-,-
202003299349300600,344430762,-,-,-,-,-,-,-,-,-,-,-
202111269349301666,250981156,-,-,-,-,-,-,-,-,-,-,-
202111269349301826,440545286,-,-,-,-,-,-,-,-,-,-,-
202023219349303082,132689918,-,-,-,-,-,-,-,-,-,-,-
202141279349300634,042104230,-,-,-,-,-,-,-,-,-,-,-
202141279349301884,520591685,-,-,-,-,-,-,-,-,-,-,-
202141339349305114,226017975,-,-,-,-,-,-,-,-,-,-,-
202141349349304449,042463847,-,-,-,-,-,-,-,-,-,-,-
202131349349301943,580566133,-,-,-,-,-,-,-,-,-,-,-
202011499349300626,710236867,-,-,-,-,-,-,-,-,-,-,-
202001059349300920,590624458,-,-,-,-,-,-,-,-,-,-,-
202120969349301422,340714681,-,-,-,-,-,-,-,-,-,-,-
202140279349300449,431345089,-,-,-,-,-,-,-,-,-,-,-
202033019349300633,570314415,-,-,-,-,-,-,-,-,-,-,-
202033179349301348,160759798,-,-,-,-,-,-,-,-,-,-,-
202141369349300809,237251952,-,-,-,-,-,-,-,-,-,-,-
202141379349309114,540505965,-,-,-,-,-,-,-,-,-,-,-
202141379349306594,941156485,-,-,-,-,-,-,-,-,-,-,-
202001509349301310,370662594,-,-,-,-,-,-,-,-,-,-,-
202011079349300701,630288841,-,-,-,-,-,-,-,-,-,-,-
202011369349302446,237172306,-,-,-,-,-,-,-,-,-,-,-
202011369349304916,363649217,-,-,-,-,-,-,-,-,-,-,-
202111379349309296,570314402,-,-,-,-,-,-,-,-,-,-,-
202101309349301930,030179403,-,-,-,-,-,-,-,-,-,-,-
202101309349302030,911849962,-,-,-,-,-,-,-,-,-,-,-
202100989349301230,411607453,-,-,-,-,-,-,-,-,-,-,-
202120559349300037,941748275,-,-,-,-,-,-,-,-,-,-,-
202101309349302500,591197022,-,-,-,-,-,-,-,-,-,-,-
202101379349303075,430653611,-,-,-,-,-,-,-,-,-,-,-
202101379349303750,910565006,-,-,-,-,-,-,-,-,-,-,-
202130979349301333,410695524,-,-,-,-,-,-,-,-,-,-,-
202130979349300303,410694747,-,-,-,-,-,-,-,-,-,-,-
202111269349302301,951667177,-,-,-,-,-,-,-,-,-,-,-
202111339349305901,941156646,-,-,-,-,-,-,-,-,-,-,-
202110129349300426,160909446,-,-,-,-,-,-,-,-,-,-,-
202141279349301949,210634584,-,-,-,-,-,-,-,-,-,-,-
202141279349302194,930309970,-,-,-,-,-,-,-,-,-,-,-
202141339349305309,251024358,-,-,-,-,-,-,-,-,-,-,-
202111349349305246,741161941,-,-,-,-,-,-,-,-,-,-,-
202141349349306154,350869045,-,-,-,-,-,-,-,-,-,-,-
202011609349301426,931139187,-,-,-,-,-,-,-,-,-,-,-
202001369349300115,541743079,-,-,-,-,-,-,-,-,-,-,-
202013539349301406,596046500,-,-,-,-,-,-,-,-,-,-,-
202130649349300128,420680332,-,-,-,-,-,-,-,-,-,-,-
202131179349301633,237013253,-,-,-,-,-,-,-,-,-,-,-
202101339349305375,383519708,-,-,-,-,-,-,-,-,-,-,-
202101339349305510,430743910,-,-,-,-,-,-,-,-,-,-,-
202131339349305323,560530235,-,-,-,-,-,-,-,-,-,-,-
202121379349302787,131693134,-,-,-,-,-,-,-,-,-,-,-
202141369349301779,310536640,-,-,-,-,-,-,-,-,-,-,-
202141379349311134,620475690,-,-,-,-,-,-,-,-,-,-,-
202141379349311334,586002736,-,-,-,-,-,-,-,-,-,-,-
202101349349305755,440617326,-,-,-,-,-,-,-,-,-,-,-
202101349349304540,910564961,-,-,-,-,-,-,-,-,-,-,-
202001339349303080,232825878,-,-,-,-,-,-,-,-,-,-,-
202101249349301625,310536647,-,-,-,-,-,-,-,-,-,-,-
202101249349301105,370864020,-,-,-,-,-,-,-,-,-,-,-
202101339349301840,620476822,-,-,-,-,-,-,-,-,-,-,-
202101339349302045,231352685,-,-,-,-,-,-,-,-,-,-,-
202101379349307790,381359081,-,-,-,-,-,-,-,-,-,-,-
202121379349302187,941279798,-,-,-,-,-,-,-,-,-,-,-
202141309349301974,231409675,-,-,-,-,-,-,-,-,-,-,-
202111059349301916,470405319,-,-,-,-,-,-,-,-,-,-,-
202131249349301918,411365561,-,-,-,-,-,-,-,-,-,-,-
202011199349301236,562057124,-,-,-,-,-,-,-,-,-,-,-
202011409349300726,370661238,-,-,-,-,-,-,-,-,-,-,-
202020629349300412,460283336,-,-,-,-,-,-,-,-,-,-,-
202013079349301901,560554230,-,-,-,-,-,-,-,-,-,-,-
202023159349303222,550357056,-,-,-,-,-,-,-,-,-,-,-
202111189349301816,310747997,-,-,-,-,-,-,-,-,-,-,-
202100909349301310,130429660,-,-,-,-,-,-,-,-,-,-,-
202141309349302679,610444788,-,-,-,-,-,-,-,-,-,-,-
202101329349303420,410854766,-,-,-,-,-,-,-,-,-,-,-
202131369349301983,231386178,-,-,-,-,-,-,-,-,-,-,-
202013529349300421,420680452,-,-,-,-,-,-,-,-,-,-,-
202003169349305665,620548917,-,-,-,-,-,-,-,-,-,-,-
202111319349301986,480556716,-,-,-,-,-,-,-,-,-,-,-
202111329349301786,561065978,-,-,-,-,-,-,-,-,-,-,-
202141119349300229,420772559,-,-,-,-,-,-,-,-,-,-,-
202001559349301005,060646623,-,-,-,-,-,-,-,-,-,-,-
202031539349301893,231352222,-,-,-,-,-,-,-,-,-,-,-
202001369349301870,141442493,-,-,-,-,-,-,-,-,-,-,-
202001369349302065,251191961,-,-,-,-,-,-,-,-,-,-,-
202130819349300628,350868074,-,-,-,-,-,-,-,-,-,-,-
202131379349301213,310604719,-,-,-,-,-,-,-,-,-,-,-
202131379349301218,210634501,-,-,-,-,-,-,-,-,-,-,-
202023179349302352,363160536,-,-,-,-,-,-,-,-,-,-,-
202111129349301146,580593414,-,-,-,-,-,-,-,-,-,-,-
202111369349301101,953127273,-,-,-,-,-,-,-,-,-,-,-
202121339349301877,550357021,-,-,-,-,-,-,-,-,-,-,-
202121379349306847,480543734,-,-,-,-,-,-,-,-,-,-,-
202011639349300731,362169145,-,-,-,-,-,-,-,-,-,-,-
202011299349301341,941156266,-,-,-,-,-,-,-,-,-,-,-
202011339349302541,530196584,-,-,-,-,-,-,-,-,-,-,-
202120919349300327,941585735,-,-,-,-,-,-,-,-,-,-,-
202140699349301209,650683159,-,-,-,-,-,-,-,-,-,-,-
202043089349302159,237034324,-,-,-,-,-,-,-,-,-,-,-
202131119349301768,361521940,-,-,-,-,-,-,-,-,-,-,-
202140929349300529,731303821,-,-,-,-,-,-,-,-,-,-,-
202101339349302825,542110067,-,-,-,-,-,-,-,-,-,-,-
202101339349302960,470757164,-,-,-,-,-,-,-,-,-,-,-
202131339349305908,362181973,-,-,-,-,-,-,-,-,-,-,-
202121379349304952,362191242,-,-,-,-,-,-,-,-,-,-,-
202121379349307577,131632522,-,-,-,-,-,-,-,-,-,-,-
202100429349300110,470376524,-,-,-,-,-,-,-,-,-,-,-
202101349349305500,221494434,-,-,-,-,-,-,-,-,-,-,-
202131349349301633,042103589,-,-,-,-,-,-,-,-,-,-,-
202131339349303368,430652649,-,-,-,-,-,-,-,-,-,-,-
202042659349300854,111679599,-,-,-,-,-,-,-,-,-,-,-
202011429349301951,810231777,-,-,-,-,-,-,-,-,-,-,-
202111029349300021,221494428,-,-,-,-,-,-,-,-,-,-,-
202140959349300714,362167804,-,-,-,-,-,-,-,-,-,-,-
202121239349301037,470491571,-,-,-,-,-,-,-,-,-,-,-
202100289349301710,560532297,-,-,-,-,-,-,-,-,-,-,-
202100539349300910,420680404,-,-,-,-,-,-,-,-,-,-,-
202131379349302073,530196640,-,-,-,-,-,-,-,-,-,-,-
202131379349302103,340714689,-,-,-,-,-,-,-,-,-,-,-
202131379349302123,042002060,-,-,-,-,-,-,-,-,-,-,-
202003579349301305,231352001,-,-,-,-,-,-,-,-,-,-,-
202131339349301223,520591691,-,-,-,-,-,-,-,-,-,-,-
202020659349301247,390806263,-,-,-,-,-,-,-,-,-,-,-
202111049349301436,560547511,-,-,-,-,-,-,-,-,-,-,-
202021979349305067,540505965,-,-,-,-,-,-,-,-,-,-,-
202121169349300982,430655867,-,-,-,-,-,-,-,-,-,-,-
202121179349301522,620476301,-,-,-,-,-,-,-,-,-,-,-
202101309349303120,420680387,-,-,-,-,-,-,-,-,-,-,-
202111309349300236,030220266,-,-,-,-,-,-,-,-,-,-,-
202111279349301501,251190341,-,-,-,-,-,-,-,-,-,-,-
202111279349301511,541031437,-,-,-,-,-,-,-,-,-,-,-
202111329349302436,030179298,-,-,-,-,-,-,-,-,-,-,-
202043219349306739,560529990,-,-,-,-,-,-,-,-,-,-,-
202141259349300624,480543736,-,-,-,-,-,-,-,-,-,-,-
202011769349301001,520591641,-,-,-,-,-,-,-,-,-,-,-
202110999349300036,520591623,-,-,-,-,-,-,-,-,-,-,-
202120819349301152,581216007,-,-,-,-,-,-,-,-,-,-,-
202033189349307503,810994377,-,-,-,-,-,-,-,-,-,-,-
202121179349300147,362170142,-,-,-,-,-,-,-,-,-,-,-
202121319349301552,200151437,-,-,-,-,-,-,-,-,-,-,-
202041369349304524,470424785,-,-,-,-,-,-,-,-,-,-,-
202041369349302834,150532078,-,-,-,-,-,-,-,-,-,-,-
202110819349300721,264078735,-,-,-,-,-,-,-,-,-,-,-
202131379349308258,060646959,-,-,-,-,-,-,-,-,-,-,-
202141139349300049,420680335,-,-,-,-,-,-,-,-,-,-,-
202141139349300034,382385150,-,-,-,-,-,-,-,-,-,-,-
202101339349303885,250912618,-,-,-,-,-,-,-,-,-,-,-
202101349349307420,450323401,-,-,-,-,-,-,-,-,-,-,-
202141339349300844,203823825,-,-,-,-,-,-,-,-,-,-,-
202100119349301360,956001907,-,-,-,-,-,-,-,-,-,-,-
202131259349301228,132642091,-,-,-,-,-,-,-,-,-,-,-
202111349349303966,060731360,-,-,-,-,-,-,-,-,-,-,-
202111349349303976,560767736,-,-,-,-,-,-,-,-,-,-,-
202011349349302276,250965576,-,-,-,-,-,-,-,-,-,-,-
202131039349300138,160746864,-,-,-,-,-,-,-,-,-,-,-
202140969349301124,160743989,-,-,-,-,-,-,-,-,-,-,-
202121379349308037,060646701,-,-,-,-,-,-,-,-,-,-,-
202131339349302153,150532078,-,-,-,-,-,-,-,-,-,-,-
202131339349302208,311778403,-,-,-,-,-,-,-,-,-,-,-
202131349349303858,610445823,-,-,-,-,-,-,-,-,-,-,-
202131339349303778,160743088,-,-,-,-,-,-,-,-,-,-,-
202121049349300232,237223216,-,-,-,-,-,-,-,-,-,-,-
202121049349301852,160743102,-,-,-,-,-,-,-,-,-,-,-
202100489349300215,431007642,-,-,-,-,-,-,-,-,-,-,-
202110589349300611,430653369,-,-,-,-,-,-,-,-,-,-,-
202120619349300522,160743150,-,-,-,-,-,-,-,-,-,-,-
202111209349301706,221815636,-,-,-,-,-,-,-,-,-,-,-
202111279349302551,521272129,-,-,-,-,-,-,-,-,-,-,-
202111349349300811,951860996,-,-,-,-,-,-,-,-,-,-,-
202131379349303548,340714777,-,-,-,-,-,-,-,-,-,-,-
202141129349300639,660404491,-,-,-,-,-,-,-,-,-,-,-
202021759349300412,350868175,-,-,-,-,-,-,-,-,-,-,-
202001789349301610,050258810,-,-,-,-,-,-,-,-,-,-,-
202011819349300016,383519708,-,-,-,-,-,-,-,-,-,-,-
202011819349300841,951664101,-,-,-,-,-,-,-,-,-,-,-
202141039349300309,560554207,-,-,-,-,-,-,-,-,-,-,-
202141039349300784,150545841,-,-,-,-,-,-,-,-,-,-,-
202111379349311086,221487164,-,-,-,-,-,-,-,-,-,-,-
202121249349301837,350868125,-,-,-,-,-,-,-,-,-,-,-
202111379349301416,141340095,-,-,-,-,-,-,-,-,-,-,-
202111379349301451,586044761,-,-,-,-,-,-,-,-,-,-,-
202121319349301707,560529988,-,-,-,-,-,-,-,-,-,-,-
202121319349301752,541061178,-,-,-,-,-,-,-,-,-,-,-
202121319349301967,951664123,-,-,-,-,-,-,-,-,-,-,-
202011339349300931,231352632,-,-,-,-,-,-,-,-,-,-,-
202001369349303480,410854766,-,-,-,-,-,-,-,-,-,-,-
202003429349301315,476025325,-,-,-,-,-,-,-,-,-,-,-
202120829349300127,942356338,-,-,-,-,-,-,-,-,-,-,-
202023499349300322,233102135,-,-,-,-,-,-,-,-,-,-,-
202023039349301512,560529972,-,-,-,-,-,-,-,-,-,-,-
202101249349301650,208825983,-,-,-,-,-,-,-,-,-,-,-
202101249349302150,237242844,-,-,-,-,-,-,-,-,-,-,-
202101249349302355,221500645,-,-,-,-,-,-,-,-,-,-,-
202101319349303030,540505892,-,-,-,-,-,-,-,-,-,-,-
202101349349308055,060646623,-,-,-,-,-,-,-,-,-,-,-
202131179349301528,590704726,-,-,-,-,-,-,-,-,-,-,-
202131179349302013,237179567,-,-,-,-,-,-,-,-,-,-,-
202111349349307871,750917417,-,-,-,-,-,-,-,-,-,-,-
202001369349303725,251035663,-,-,-,-,-,-,-,-,-,-,-
202111099349301706,591092732,-,-,-,-,-,-,-,-,-,-,-
202141119349300509,941312349,-,-,-,-,-,-,-,-,-,-,-
202111179349300316,610444650,-,-,-,-,-,-,-,-,-,-,-
202101379349306055,530204707,-,-,-,-,-,-,-,-,-,-,-
202111209349301436,540575812,-,-,-,-,-,-,-,-,-,-,-
202141309349302419,150543659,-,-,-,-,-,-,-,-,-,-,-
202120289349301237,850197752,-,-,-,-,-,-,-,-,-,-,-
202131339349302383,370663567,-,-,-,-,-,-,-,-,-,-,-
202131339349302753,250969449,-,-,-,-,-,-,-,-,-,-,-
202101259349302380,131628206,-,-,-,-,-,-,-,-,-,-,-
202101359349301435,131628150,-,-,-,-,-,-,-,-,-,-,-
202041609349301359,660432514,-,-,-,-,-,-,-,-,-,-,-
202011509349300121,382015048,-,-,-,-,-,-,-,-,-,-,-
202101059349301220,640303086,-,-,-,-,-,-,-,-,-,-,-
202101059349301655,010211810,-,-,-,-,-,-,-,-,-,-,-
202101059349301700,150543962,-,-,-,-,-,-,-,-,-,-,-
202110629349300146,660277396,-,-,-,-,-,-,-,-,-,-,-
202110629349300636,431658069,-,-,-,-,-,-,-,-,-,-,-
202141189349300909,520595110,-,-,-,-,-,-,-,-,-,-,-
202023189349308242,160743032,-,-,-,-,-,-,-,-,-,-,-
202101349349300930,520610538,-,-,-,-,-,-,-,-,-,-,-
202121379349308637,381360586,-,-,-,-,-,-,-,-,-,-,-
202121379349304182,340733165,-,-,-,-,-,-,-,-,-,-,-
202100499349300315,042104778,-,-,-,-,-,-,-,-,-,-,-
202121189349300517,237179639,-,-,-,-,-,-,-,-,-,-,-
202131349349303603,520591641,-,-,-,-,-,-,-,-,-,-,-
202141339349303324,231365353,-,-,-,-,-,-,-,-,-,-,-
202131059349300533,581494136,-,-,-,-,-,-,-,-,-,-,-
202031569349300418,381624684,-,-,-,-,-,-,-,-,-,-,-
202001749349300460,221487164,-,-,-,-,-,-,-,-,-,-,-
202100619349301025,350845258,-,-,-,-,-,-,-,-,-,-,-
202100619349301135,231352668,-,-,-,-,-,-,-,-,-,-,-
202111379349303216,042108346,-,-,-,-,-,-,-,-,-,-,-
202013219349306101,541954969,-,-,-,-,-,-,-,-,-,-,-
202121319349302287,941358307,-,-,-,-,-,-,-,-,-,-,-
202121339349304417,630417508,-,-,-,-,-,-,-,-,-,-,-
202121379349308697,941156610,-,-,-,-,-,-,-,-,-,-,-
202130789349300603,591392749,-,-,-,-,-,-,-,-,-,-,-
202101239349300240,060646829,-,-,-,-,-,-,-,-,-,-,-
202101239349300245,440545271,-,-,-,-,-,-,-,-,-,-,-
202101319349303475,261672457,-,-,-,-,-,-,-,-,-,-,-
202101319349303700,951664101,-,-,-,-,-,-,-,-,-,-,-
202043429349300204,610510937,-,-,-,-,-,-,-,-,-,-,-
202001369349305055,660276355,-,-,-,-,-,-,-,-,-,-,-
202011429349301701,391024723,-,-,-,-,-,-,-,-,-,-,-
202023079349300887,410908458,-,-,-,-,-,-,-,-,-,-,-
202131339349302998,042103701,-,-,-,-,-,-,-,-,-,-,-
202131339349303013,131656667,-,-,-,-,-,-,-,-,-,-,-
202131339349303158,911160585,-,-,-,-,-,-,-,-,-,-,-
202101369349302410,231352187,-,-,-,-,-,-,-,-,-,-,-
202011979349302206,362191242,-,-,-,-,-,-,-,-,-,-,-
202100329349301765,231352664,-,-,-,-,-,-,-,-,-,-,-
202120719349300342,566049935,-,-,-,-,-,-,-,-,-,-,-
202111189349301101,391620530,-,-,-,-,-,-,-,-,-,-,-
202111189349301111,370673513,-,-,-,-,-,-,-,-,-,-,-
202141189349300624,231352648,-,-,-,-,-,-,-,-,-,-,-
202140709349300619,310544271,-,-,-,-,-,-,-,-,-,-,-
202111299349300906,954559065,-,-,-,-,-,-,-,-,-,-,-
202100999349301300,900394713,-,-,-,-,-,-,-,-,-,-,-
202101349349307560,516000297,-,-,-,-,-,-,-,-,-,-,-
202101349349300305,363377698,-,-,-,-,-,-,-,-,-,-,-
202100479349301520,440545914,-,-,-,-,-,-,-,-,-,-,-
202101359349301585,042103637,-,-,-,-,-,-,-,-,-,-,-
202101059349301415,030179424,-,-,-,-,-,-,-,-,-,-,-
202131379349301683,710246213,-,-,-,-,-,-,-,-,-,-,-
202012749349300101,630369216,-,-,-,-,-,-,-,-,-,-,-
202041979349301979,131624217,-,-,-,-,-,-,-,-,-,-,-
202101349349301410,314379560,-,-,-,-,-,-,-,-,-,-,-
202121379349310662,251652518,-,-,-,-,-,-,-,-,-,-,-
202121379349310512,941196211,-,-,-,-,-,-,-,-,-,-,-
202121319349302957,626001104,-,-,-,-,-,-,-,-,-,-,-
202121339349304877,840404231,-,-,-,-,-,-,-,-,-,-,-
202100969349301025,560686603,-,-,-,-,-,-,-,-,-,-,-
202013179349309416,472237488,-,-,-,-,-,-,-,-,-,-,-
202011509349300526,540573802,-,-,-,-,-,-,-,-,-,-,-
202031349349300928,480543734,-,-,-,-,-,-,-,-,-,-,-
202111059349300716,750827421,-,-,-,-,-,-,-,-,-,-,-
202111059349300901,620476666,-,-,-,-,-,-,-,-,-,-,-
202111059349301836,710236897,-,-,-,-,-,-,-,-,-,-,-
202111059349300826,370661211,-,-,-,-,-,-,-,-,-,-,-
202111259349302976,610461768,-,-,-,-,-,-,-,-,-,-,-
202101379349307340,430817015,-,-,-,-,-,-,-,-,-,-,-
202100089349301395,860255393,-,-,-,-,-,-,-,-,-,-,-
202140269349300304,620789275,-,-,-,-,-,-,-,-,-,-,-
202033539349300603,596155069,-,-,-,-,-,-,-,-,-,-,-
202131339349303938,340801310,-,-,-,-,-,-,-,-,-,-,-
202001369349304935,941156599,-,-,-,-,-,-,-,-,-,-,-
202011979349302271,042104700,-,-,-,-,-,-,-,-,-,-,-
202101129349300325,560623936,-,-,-,-,-,-,-,-,-,-,-
202111329349304976,951643389,-,-,-,-,-,-,-,-,-,-,-
202111349349303431,310537516,-,-,-,-,-,-,-,-,-,-,-
202101009349301000,520591608,-,-,-,-,-,-,-,-,-,-,-
202101029349300605,440552049,-,-,-,-,-,-,-,-,-,-,-
202101029349300640,370661494,-,-,-,-,-,-,-,-,-,-,-
202111339349306551,364195126,-,-,-,-,-,-,-,-,-,-,-
202001019349301700,931022351,-,-,-,-,-,-,-,-,-,-,-
202130749349300913,056015988,-,-,-,-,-,-,-,-,-,-,-
202100729349300425,420707114,-,-,-,-,-,-,-,-,-,-,-
202111179349300541,135562314,-,-,-,-,-,-,-,-,-,-,-
202111379349305466,310537514,-,-,-,-,-,-,-,-,-,-,-
202101119349301235,710239576,-,-,-,-,-,-,-,-,-,-,-
202111349349300221,231352222,-,-,-,-,-,-,-,-,-,-,-
202013219349305166,640364542,-,-,-,-,-,-,-,-,-,-,-
202121269349302567,440562048,-,-,-,-,-,-,-,-,-,-,-
202111349349301751,381374230,-,-,-,-,-,-,-,-,-,-,-
202111349349301766,250965557,-,-,-,-,-,-,-,-,-,-,-
202141409349301309,200940772,-,-,-,-,-,-,-,-,-,-,-
202021059349301102,620475691,-,-,-,-,-,-,-,-,-,-,-
202110599349300601,150533545,-,-,-,-,-,-,-,-,-,-,-
202120549349301447,131662715,-,-,-,-,-,-,-,-,-,-,-
202110789349301136,640303069,-,-,-,-,-,-,-,-,-,-,-
202141029349300614,540506306,-,-,-,-,-,-,-,-,-,-,-
202111349349304341,030179592,-,-,-,-,-,-,-,-,-,-,-
202111349349306156,610444780,-,-,-,-,-,-,-,-,-,-,-
202111349349304676,590624416,-,-,-,-,-,-,-,-,-,-,-
202111349349305921,362182171,-,-,-,-,-,-,-,-,-,-,-
202121379349307287,560529933,-,-,-,-,-,-,-,-,-,-,-
202121379349307907,131624238,-,-,-,-,-,-,-,-,-,-,-
202033199349300518,550357045,-,-,-,-,-,-,-,-,-,-,-
202043569349300309,381369604,-,-,-,-,-,-,-,-,-,-,-
202131269349301218,141338371,-,-,-,-,-,-,-,-,-,-,-
202131319349300033,820200906,-,-,-,-,-,-,-,-,-,-,-
202141319349304504,521435310,-,-,-,-,-,-,-,-,-,-,-
202141319349303604,951664100,-,-,-,-,-,-,-,-,-,-,-
202130929349301408,931022351,-,-,-,-,-,-,-,-,-,-,-
202140979349301329,370681530,-,-,-,-,-,-,-,-,-,-,-
202140979349301754,440556862,-,-,-,-,-,-,-,-,-,-,-
202140979349300204,160743040,-,-,-,-,-,-,-,-,-,-,-
202110979349300221,946135772,-,-,-,-,-,-,-,-,-,-,-
202111059349300546,410708577,-,-,-,-,-,-,-,-,-,-,-
202131029349301233,350867954,-,-,-,-,-,-,-,-,-,-,-
202121259349300537,381381271,-,-,-,-,-,-,-,-,-,-,-
202101369349300525,951699394,-,-,-,-,-,-,-,-,-,-,-
202101369349300720,951644026,-,-,-,-,-,-,-,-,-,-,-
202111079349300501,251453441,-,-,-,-,-,-,-,-,-,-,-
202100639349300745,560530251,-,-,-,-,-,-,-,-,-,-,-
202100639349301135,480547846,-,-,-,-,-,-,-,-,-,-,-
202101329349303030,310971599,-,-,-,-,-,-,-,-,-,-,-
202121319349303602,251035663,-,-,-,-,-,-,-,-,-,-,-
202131319349302763,540506457,-,-,-,-,-,-,-,-,-,-,-
202011349349302801,221529785,-,-,-,-,-,-,-,-,-,-,-
202021369349303887,251775321,-,-,-,-,-,-,-,-,-,-,-
202140439349301209,362177133,-,-,-,-,-,-,-,-,-,-,-
202130989349301508,160743140,-,-,-,-,-,-,-,-,-,-,-
202100089349300740,350868152,-,-,-,-,-,-,-,-,-,-,-
202101069349300640,390988997,-,-,-,-,-,-,-,-,-,-,-
202111349349304171,520591667,-,-,-,-,-,-,-,-,-,-,-
202101039349300010,741196134,-,-,-,-,-,-,-,-,-,-,-
202101039349300305,560532303,-,-,-,-,-,-,-,-,-,-,-
202023189349312782,752765566,-,-,-,-,-,-,-,-,-,-,-
202141169349301269,250964126,-,-,-,-,-,-,-,-,-,-,-
202011979349305996,941196211,-,-,-,-,-,-,-,-,-,-,-
202001049349300805,042620216,-,-,-,-,-,-,-,-,-,-,-
202001059349300515,800477644,-,-,-,-,-,-,-,-,-,-,-
202001059349300635,850164940,-,-,-,-,-,-,-,-,-,-,-
202101049349301335,951643334,-,-,-,-,-,-,-,-,-,-,-
202111379349308886,270716971,-,-,-,-,-,-,-,-,-,-,-
202111379349310836,580814544,-,-,-,-,-,-,-,-,-,-,-
202111349349302326,042104329,-,-,-,-,-,-,-,-,-,-,-
202111349349302276,041081650,-,-,-,-,-,-,-,-,-,-,-
202023189349310217,952158727,-,-,-,-,-,-,-,-,-,-,-
202121279349300937,362581098,-,-,-,-,-,-,-,-,-,-,-
202121339349305662,351065063,-,-,-,-,-,-,-,-,-,-,-
202121339349305782,361263210,-,-,-,-,-,-,-,-,-,-,-
202001979349302820,131693134,-,-,-,-,-,-,-,-,-,-,-
202011649349300421,952944594,-,-,-,-,-,-,-,-,-,-,-
202130749349301668,240795495,-,-,-,-,-,-,-,-,-,-,-
202140749349300639,530196583,-,-,-,-,-,-,-,-,-,-,-
202101329349301755,951644048,-,-,-,-,-,-,-,-,-,-,-
202111349349301406,131099420,-,-,-,-,-,-,-,-,-,-,-
202101349349302150,352158366,-,-,-,-,-,-,-,-,-,-,-
202101349349303785,030179414,-,-,-,-,-,-,-,-,-,-,-
202121409349300807,730555460,-,-,-,-,-,-,-,-,-,-,-
202101379349302885,570341191,-,-,-,-,-,-,-,-,-,-,-
202101379349303010,150532276,-,-,-,-,-,-,-,-,-,-,-
202131359349301313,131740285,-,-,-,-,-,-,-,-,-,-,-
202140519349300614,430610813,-,-,-,-,-,-,-,-,-,-,-
202100799349300505,510175975,-,-,-,-,-,-,-,-,-,-,-
202120429349301207,231424055,-,-,-,-,-,-,-,-,-,-,-
202101379349308820,581357177,-,-,-,-,-,-,-,-,-,-,-
202100079349300055,621149976,-,-,-,-,-,-,-,-,-,-,-
202003219349305135,540808239,-,-,-,-,-,-,-,-,-,-,-
202131339349305378,841029228,-,-,-,-,-,-,-,-,-,-,-
202131329349300128,566061483,-,-,-,-,-,-,-,-,-,-,-
202000849349300425,221500484,-,-,-,-,-,-,-,-,-,-,-
202130449349300113,141599643,-,-,-,-,-,-,-,-,-,-,-
202131029349300708,581363100,-,-,-,-,-,-,-,-,-,-,-
202111249349300946,420698196,-,-,-,-,-,-,-,-,-,-,-
202111309349302331,131967322,-,-,-,-,-,-,-,-,-,-,-
202111309349302611,630312914,-,-,-,-,-,-,-,-,-,-,-
202111309349302681,431633187,-,-,-,-,-,-,-,-,-,-,-
202111339349300831,710240352,-,-,-,-,-,-,-,-,-,-,-
202111349349304916,580566167,-,-,-,-,-,-,-,-,-,-,-
202111349349305101,135562167,-,-,-,-,-,-,-,-,-,-,-
202111379349307941,942822559,-,-,-,-,-,-,-,-,-,-,-
202001489349300110,580566243,-,-,-,-,-,-,-,-,-,-,-
202013219349308066,953797687,-,-,-,-,-,-,-,-,-,-,-
202033189349307653,550356985,-,-,-,-,-,-,-,-,-,-,-
202121329349300727,210634981,-,-,-,-,-,-,-,-,-,-,-
202121329349300807,223431049,-,-,-,-,-,-,-,-,-,-,-
202121379349300837,541251090,-,-,-,-,-,-,-,-,-,-,-
202100689349300535,590722789,-,-,-,-,-,-,-,-,-,-,-
202120709349300522,910236600,-,-,-,-,-,-,-,-,-,-,-
202110719349300816,840402707,-,-,-,-,-,-,-,-,-,-,-
202101139349301115,382385150,-,-,-,-,-,-,-,-,-,-,-
202101329349302795,381357980,-,-,-,-,-,-,-,-,-,-,-
202131209349300013,381673400,-,-,-,-,-,-,-,-,-,-,-
202100819349300410,231352641,-,-,-,-,-,-,-,-,-,-,-
202100569349301865,880435559,-,-,-,-,-,-,-,-,-,-,-
202100219349300830,480842156,-,-,-,-,-,-,-,-,-,-,-
202141049349301464,410706151,-,-,-,-,-,-,-,-,-,-,-
202141049349301484,440567385,-,-,-,-,-,-,-,-,-,-,-
202101379349309045,570387838,-,-,-,-,-,-,-,-,-,-,-
202101379349309245,330696561,-,-,-,-,-,-,-,-,-,-,-
202111109349300931,560530242,-,-,-,-,-,-,-,-,-,-,-
202111109349301211,936002614,-,-,-,-,-,-,-,-,-,-,-
202130219349301608,570352247,-,-,-,-,-,-,-,-,-,-,-
202131319349304103,390826049,-,-,-,-,-,-,-,-,-,-,-
202131359349302593,362174823,-,-,-,-,-,-,-,-,-,-,-
202101339349301725,350868073,-,-,-,-,-,-,-,-,-,-,-
202041839349301114,131810448,-,-,-,-,-,-,-,-,-,-,-
202120819349301167,911122839,-,-,-,-,-,-,-,-,-,-,-
202120819349301302,260152908,-,-,-,-,-,-,-,-,-,-,-
202120819349300867,344431169,-,-,-,-,-,-,-,-,-,-,-
202110819349300646,264078735,-,-,-,-,-,-,-,-,-,-,-
202131379349301308,042103594,-,-,-,-,-,-,-,-,-,-,-
202111339349301746,546039600,-,-,-,-,-,-,-,-,-,-,-
202111379349308951,660349669,-,-,-,-,-,-,-,-,-,-,-
202101049349300925,350868158,-,-,-,-,-,-,-,-,-,-,-
202101049349301800,660380485,-,-,-,-,-,-,-,-,-,-,-
202101379349306150,660191965,-,-,-,-,-,-,-,-,-,-,-
202101379349305700,042104847,-,-,-,-,-,-,-,-,-,-,-
202110279349301401,410789402,-,-,-,-,-,-,-,-,-,-,-
202121209349301917,410693960,-,-,-,-,-,-,-,-,-,-,-
202011349349301721,610461768,-,-,-,-,-,-,-,-,-,-,-
202023189349308067,480548361,-,-,-,-,-,-,-,-,-,-,-
202121379349301677,240795965,-,-,-,-,-,-,-,-,-,-,-
202121379349301662,131624067,-,-,-,-,-,-,-,-,-,-,-
202121329349301827,620528217,-,-,-,-,-,-,-,-,-,-,-
202121329349301852,421264647,-,-,-,-,-,-,-,-,-,-,-
202121329349301242,640303084,-,-,-,-,-,-,-,-,-,-,-
202031959349301303,230596940,-,-,-,-,-,-,-,-,-,-,-
202001069349301125,910236600,-,-,-,-,-,-,-,-,-,-,-
202001069349301565,750800689,-,-,-,-,-,-,-,-,-,-,-
202120629349300402,231526668,-,-,-,-,-,-,-,-,-,-,-
202101329349303400,042103607,-,-,-,-,-,-,-,-,-,-,-
202101349349302180,522027415,-,-,-,-,-,-,-,-,-,-,-
202121329349304987,391596986,-,-,-,-,-,-,-,-,-,-,-
202013219349314886,131740126,-,-,-,-,-,-,-,-,-,-,-
202131209349300938,430694556,-,-,-,-,-,-,-,-,-,-,-
202101379349311050,550356985,-,-,-,-,-,-,-,-,-,-,-
202140779349300529,610448560,-,-,-,-,-,-,-,-,-,-,-
202043219349317339,953921204,-,-,-,-,-,-,-,-,-,-,-
202121329349300812,020223339,-,-,-,-,-,-,-,-,-,-,-
202021359349303627,910567740,-,-,-,-,-,-,-,-,-,-,-
202041759349301904,951911219,-,-,-,-,-,-,-,-,-,-,-
202130509349300623,390808497,-,-,-,-,-,-,-,-,-,-,-
202110819349300131,221500484,-,-,-,-,-,-,-,-,-,-,-
202141049349301964,741109633,-,-,-,-,-,-,-,-,-,-,-
202111339349302211,941156599,-,-,-,-,-,-,-,-,-,-,-
202111349349306051,050312747,-,-,-,-,-,-,-,-,-,-,-
202111349349306466,231433899,-,-,-,-,-,-,-,-,-,-,-
202101059349301325,410693968,-,-,-,-,-,-,-,-,-,-,-
202101059349301665,370661217,-,-,-,-,-,-,-,-,-,-,-
202101339349302520,941156566,-,-,-,-,-,-,-,-,-,-,-
202101339349302675,470377991,-,-,-,-,-,-,-,-,-,-,-
202011539349301706,910565006,-,-,-,-,-,-,-,-,-,-,-
202011539349300701,350868202,-,-,-,-,-,-,-,-,-,-,-
202110499349301321,592139553,-,-,-,-,-,-,-,-,-,-,-
202101339349305170,041958460,-,-,-,-,-,-,-,-,-,-,-
202141349349300814,230465970,-,-,-,-,-,-,-,-,-,-,-
202121379349301537,560530003,-,-,-,-,-,-,-,-,-,-,-
202023209349301767,410956618,-,-,-,-,-,-,-,-,-,-,-
202121389349301717,710298658,-,-,-,-,-,-,-,-,-,-,-
202031359349302678,941186179,-,-,-,-,-,-,-,-,-,-,-
202011369349301531,911561025,-,-,-,-,-,-,-,-,-,-,-
202011369349301831,731523469,-,-,-,-,-,-,-,-,-,-,-
202100849349300515,350935587,-,-,-,-,-,-,-,-,-,-,-
202131259349302373,314379537,-,-,-,-,-,-,-,-,-,-,-
202101349349302860,250965600,-,-,-,-,-,-,-,-,-,-,-
202121379349301712,041843040,-,-,-,-,-,-,-,-,-,-,-
202013359349300306,020223955,-,-,-,-,-,-,-,-,-,-,-
202131209349301773,314379584,-,-,-,-,-,-,-,-,-,-,-
202131279349301448,951230865,-,-,-,-,-,-,-,-,-,-,-
202031959349301603,042103634,-,-,-,-,-,-,-,-,-,-,-
202031959349302378,210650678,-,-,-,-,-,-,-,-,-,-,-
202031959349301818,160743088,-,-,-,-,-,-,-,-,-,-,-
202031959349302508,042105777,-,-,-,-,-,-,-,-,-,-,-
202100699349301140,132981115,-,-,-,-,-,-,-,-,-,-,-
202140679349300514,510109178,-,-,-,-,-,-,-,-,-,-,-
202120969349300742,560529982,-,-,-,-,-,-,-,-,-,-,-
202111259349300541,010271210,-,-,-,-,-,-,-,-,-,-,-
202121339349303057,930433696,-,-,-,-,-,-,-,-,-,-,-
202121339349302462,132676570,-,-,-,-,-,-,-,-,-,-,-
202120359349300647,580568687,-,-,-,-,-,-,-,-,-,-,-
202131329349301028,111630822,-,-,-,-,-,-,-,-,-,-,-
202131349349302228,133206848,-,-,-,-,-,-,-,-,-,-,-
202031349349300523,141338587,-,-,-,-,-,-,-,-,-,-,-
202140549349301134,131923959,-,-,-,-,-,-,-,-,-,-,-
202100159349300305,362216176,-,-,-,-,-,-,-,-,-,-,-
202130769349300023,540505922,-,-,-,-,-,-,-,-,-,-,-
202130999349300813,620599339,-,-,-,-,-,-,-,-,-,-,-
202121179349300202,570314374,-,-,-,-,-,-,-,-,-,-,-
202141059349301674,420680412,-,-,-,-,-,-,-,-,-,-,-
202111389349300806,590624440,-,-,-,-,-,-,-,-,-,-,-
202023209349302457,566007078,-,-,-,-,-,-,-,-,-,-,-
202121329349301312,480543728,-,-,-,-,-,-,-,-,-,-,-
202121329349302942,231352204,-,-,-,-,-,-,-,-,-,-,-
202141189349301339,956151774,-,-,-,-,-,-,-,-,-,-,-
202121379349304277,430719506,-,-,-,-,-,-,-,-,-,-,-
202121379349306227,540946734,-,-,-,-,-,-,-,-,-,-,-
202001779349300525,370692975,-,-,-,-,-,-,-,-,-,-,-
202110719349301116,930386972,-,-,-,-,-,-,-,-,-,-,-
202110719349300836,410747165,-,-,-,-,-,-,-,-,-,-,-
202120639349300612,340714670,-,-,-,-,-,-,-,-,-,-,-
202111379349308241,480554341,-,-,-,-,-,-,-,-,-,-,-
202003539349300900,060647016,-,-,-,-,-,-,-,-,-,-,-
202101189349300140,240795460,-,-,-,-,-,-,-,-,-,-,-
202101379349305460,460225483,-,-,-,-,-,-,-,-,-,-,-
202121379349302547,046130872,-,-,-,-,-,-,-,-,-,-,-
202101339349303185,591157081,-,-,-,-,-,-,-,-,-,-,-
202101279349302660,460224600,-,-,-,-,-,-,-,-,-,-,-
202101279349302670,520491660,-,-,-,-,-,-,-,-,-,-,-
202101329349304515,231353385,-,-,-,-,-,-,-,-,-,-,-
202101329349304575,550357072,-,-,-,-,-,-,-,-,-,-,-
202101379349308285,590624412,-,-,-,-,-,-,-,-,-,-,-
202101379349303255,580619030,-,-,-,-,-,-,-,-,-,-,-
202141379349303894,952261113,-,-,-,-,-,-,-,-,-,-,-
202131339349305438,430652675,-,-,-,-,-,-,-,-,-,-,-
202121329349303672,141338580,-,-,-,-,-,-,-,-,-,-,-
202121329349303687,271928322,-,-,-,-,-,-,-,-,-,-,-
202021709349301712,951860996,-,-,-,-,-,-,-,-,-,-,-
202021709349301722,951644037,-,-,-,-,-,-,-,-,-,-,-
202031959349303873,381498763,-,-,-,-,-,-,-,-,-,-,-
202141099349301439,390806428,-,-,-,-,-,-,-,-,-,-,-
202111139349301216,420703280,-,-,-,-,-,-,-,-,-,-,-
202111259349301841,314379515,-,-,-,-,-,-,-,-,-,-,-
202043459349300624,840442429,-,-,-,-,-,-,-,-,-,-,-
202131349349303258,570314404,-,-,-,-,-,-,-,-,-,-,-
202131349349303313,391024723,-,-,-,-,-,-,-,-,-,-,-
202131349349303708,231352294,-,-,-,-,-,-,-,-,-,-,-
202121339349305602,231352213,-,-,-,-,-,-,-,-,-,-,-
202001979349304275,710298658,-,-,-,-,-,-,-,-,-,-,-
202011819349300621,042103731,-,-,-,-,-,-,-,-,-,-,-
202130709349300748,952962604,-,-,-,-,-,-,-,-,-,-,-
202110959349301301,610466713,-,-,-,-,-,-,-,-,-,-,-
202013389349300316,480543766,-,-,-,-,-,-,-,-,-,-,-
202111319349302461,950549600,-,-,-,-,-,-,-,-,-,-,-
202121109349301717,941581707,-,-,-,-,-,-,-,-,-,-,-
202121339349302512,200363127,-,-,-,-,-,-,-,-,-,-,-
202121339349302032,310537486,-,-,-,-,-,-,-,-,-,-,-
202101349349301830,133297197,-,-,-,-,-,-,-,-,-,-,-
202140569349300104,520591694,-,-,-,-,-,-,-,-,-,-,-
202120779349300802,710239383,-,-,-,-,-,-,-,-,-,-,-
202111059349301031,362722198,-,-,-,-,-,-,-,-,-,-,-
202131029349301123,381359569,-,-,-,-,-,-,-,-,-,-,-
202120999349300217,420707124,-,-,-,-,-,-,-,-,-,-,-
202110729349300401,381945965,-,-,-,-,-,-,-,-,-,-,-
202141209349300414,316064854,-,-,-,-,-,-,-,-,-,-,-
202141209349300309,920158414,-,-,-,-,-,-,-,-,-,-,-
202121379349303462,930386908,-,-,-,-,-,-,-,-,-,-,-
202121379349306162,860294012,-,-,-,-,-,-,-,-,-,-,-
202140849349300709,250965430,-,-,-,-,-,-,-,-,-,-,-
202101119349301210,580566143,-,-,-,-,-,-,-,-,-,-,-
202101349349304275,931139187,-,-,-,-,-,-,-,-,-,-,-
202101349349304330,141338544,-,-,-,-,-,-,-,-,-,-,-
202141249349301534,050465628,-,-,-,-,-,-,-,-,-,-,-
202111379349304576,390806325,-,-,-,-,-,-,-,-,-,-,-
202111379349302351,390806261,-,-,-,-,-,-,-,-,-,-,-
202011369349305601,990272261,-,-,-,-,-,-,-,-,-,-,-
202001499349300815,381381271,-,-,-,-,-,-,-,-,-,-,-
202023529349300907,390806297,-,-,-,-,-,-,-,-,-,-,-
202101379349302295,730579265,-,-,-,-,-,-,-,-,-,-,-
202141349349302024,362170866,-,-,-,-,-,-,-,-,-,-,-
202101379349304965,952786163,-,-,-,-,-,-,-,-,-,-,-
202101379349307835,581685139,-,-,-,-,-,-,-,-,-,-,-
202141379349301709,351148835,-,-,-,-,-,-,-,-,-,-,-
202141379349303449,310537177,-,-,-,-,-,-,-,-,-,-,-
202013219349325151,580073726,-,-,-,-,-,-,-,-,-,-,-
202131349349304493,310820394,-,-,-,-,-,-,-,-,-,-,-
202131349349305103,580566205,-,-,-,-,-,-,-,-,-,-,-
202141339349301104,250983069,-,-,-,-,-,-,-,-,-,-,-
202141339349301539,237227990,-,-,-,-,-,-,-,-,-,-,-
202121339349303442,251698677,-,-,-,-,-,-,-,-,-,-,-
202002589349300730,350715530,-,-,-,-,-,-,-,-,-,-,-
202131379349300668,952798775,-,-,-,-,-,-,-,-,-,-,-
202121259349301427,591407629,-,-,-,-,-,-,-,-,-,-,-
202111349349307916,941674865,-,-,-,-,-,-,-,-,-,-,-
202100329349300820,410970173,-,-,-,-,-,-,-,-,-,-,-
202011829349300306,042104300,-,-,-,-,-,-,-,-,-,-,-
202101139349300420,952415066,-,-,-,-,-,-,-,-,-,-,-
202111209349301481,041591060,-,-,-,-,-,-,-,-,-,-,-
202121239349300917,620516509,-,-,-,-,-,-,-,-,-,-,-
202121239349301617,540505906,-,-,-,-,-,-,-,-,-,-,-
202131339349304998,410695596,-,-,-,-,-,-,-,-,-,-,-
202121339349301592,436052681,-,-,-,-,-,-,-,-,-,-,-
202121309349301457,010211781,-,-,-,-,-,-,-,-,-,-,-
202121329349304912,132584273,-,-,-,-,-,-,-,-,-,-,-
202101349349302445,362593545,-,-,-,-,-,-,-,-,-,-,-
202101349349302505,610447250,-,-,-,-,-,-,-,-,-,-,-
202101349349302995,430654854,-,-,-,-,-,-,-,-,-,-,-
202021559349300217,111635105,-,-,-,-,-,-,-,-,-,-,-
202120359349301317,112357063,-,-,-,-,-,-,-,-,-,-,-
202033189349313093,131624135,-,-,-,-,-,-,-,-,-,-,-
202111119349301236,470378777,-,-,-,-,-,-,-,-,-,-,-
202101309349300040,041286950,-,-,-,-,-,-,-,-,-,-,-
202101339349300225,231352665,-,-,-,-,-,-,-,-,-,-,-
202101379349302420,570314422,-,-,-,-,-,-,-,-,-,-,-
202131319349302913,590624364,-,-,-,-,-,-,-,-,-,-,-
202011359349303716,941156610,-,-,-,-,-,-,-,-,-,-,-
202011359349303556,231352626,-,-,-,-,-,-,-,-,-,-,-
202011369349305001,710462177,-,-,-,-,-,-,-,-,-,-,-
202110109349300601,200471061,-,-,-,-,-,-,-,-,-,-,-
202120559349301607,461812625,-,-,-,-,-,-,-,-,-,-,-
202111339349301901,314421101,-,-,-,-,-,-,-,-,-,-,-
202121209349300422,382015048,-,-,-,-,-,-,-,-,-,-,-
202121209349301452,314379459,-,-,-,-,-,-,-,-,-,-,-
202121209349301902,730579298,-,-,-,-,-,-,-,-,-,-,-
202141349349302049,060646587,-,-,-,-,-,-,-,-,-,-,-
202011369349304726,941610694,-,-,-,-,-,-,-,-,-,-,-
202031649349300438,330720978,-,-,-,-,-,-,-,-,-,-,-
202100859349301610,850271348,-,-,-,-,-,-,-,-,-,-,-
202023269349200102,592850837,-,-,-,-,-,-,-,-,-,-,-
202033529349300218,042104451,-,-,-,-,-,-,-,-,-,-,-
202140479349301719,420681046,-,-,-,-,-,-,-,-,-,-,-
202111339349303411,251114320,-,-,-,-,-,-,-,-,-,-,-
202131209349301758,042103585,-,-,-,-,-,-,-,-,-,-,-
202111319349303481,954625327,-,-,-,-,-,-,-,-,-,-,-
202111339349304541,231177930,-,-,-,-,-,-,-,-,-,-,-
202111339349304836,231352632,-,-,-,-,-,-,-,-,-,-,-
202101379349304255,990113930,-,-,-,-,-,-,-,-,-,-,-
202141379349302149,310970262,-,-,-,-,-,-,-,-,-,-,-
202003259349300920,420680323,-,-,-,-,-,-,-,-,-,-,-
202121139349300137,580566212,-,-,-,-,-,-,-,-,-,-,-
202131319349304033,840402510,-,-,-,-,-,-,-,-,-,-,-
202011359349302671,132584273,-,-,-,-,-,-,-,-,-,-,-
202011359349302756,950549600,-,-,-,-,-,-,-,-,-,-,-
202140969349301604,520705392,-,-,-,-,-,-,-,-,-,-,-
202013439349300421,370706154,-,-,-,-,-,-,-,-,-,-,-
202101199349301485,390806202,-,-,-,-,-,-,-,-,-,-,-
202131179349301313,410684657,-,-,-,-,-,-,-,-,-,-,-
202121309349301937,581845423,-,-,-,-,-,-,-,-,-,-,-
202121379349304622,133643485,-,-,-,-,-,-,-,-,-,-,-
202121379349304637,390806251,-,-,-,-,-,-,-,-,-,-,-
202121379349304772,580603153,-,-,-,-,-,-,-,-,-,-,-
202121379349304922,350868107,-,-,-,-,-,-,-,-,-,-,-
202140979349301809,560554199,-,-,-,-,-,-,-,-,-,-,-
202140859349300714,237032625,-,-,-,-,-,-,-,-,-,-,-
202101309349301485,042225850,-,-,-,-,-,-,-,-,-,-,-
202141269349301349,231365954,-,-,-,-,-,-,-,-,-,-,-
202131339349303323,061645496,-,-,-,-,-,-,-,-,-,-,-
202131339349303353,231355135,-,-,-,-,-,-,-,-,-,-,-
202131339349303608,410518750,-,-,-,-,-,-,-,-,-,-,-
202121339349302112,141442493,-,-,-,-,-,-,-,-,-,-,-
202131249349300218,580568698,-,-,-,-,-,-,-,-,-,-,-
202101349349303945,111797182,-,-,-,-,-,-,-,-,-,-,-
202101349349304345,430654872,-,-,-,-,-,-,-,-,-,-,-
202101349349304385,470376525,-,-,-,-,-,-,-,-,-,-,-
202101349349303530,310538525,-,-,-,-,-,-,-,-,-,-,-
202130989349301013,582624570,-,-,-,-,-,-,-,-,-,-,-
202110639349301021,275316628,-,-,-,-,-,-,-,-,-,-,-
202043509349301579,237102720,-,-,-,-,-,-,-,-,-,-,-
202013219349311446,710236856,-,-,-,-,-,-,-,-,-,-,-
202023209349302157,416011702,-,-,-,-,-,-,-,-,-,-,-
202141369349300039,592961536,-,-,-,-,-,-,-,-,-,-,-
202141369349302404,314379585,-,-,-,-,-,-,-,-,-,-,-
202121389349300707,560603922,-,-,-,-,-,-,-,-,-,-,-
202121389349300722,570324916,-,-,-,-,-,-,-,-,-,-,-
202011479349301476,951684064,-,-,-,-,-,-,-,-,-,-,-
202003459349300110,610492351,-,-,-,-,-,-,-,-,-,-,-
202141289349300409,930401259,-,-,-,-,-,-,-,-,-,-,-
202141329349301899,420680448,-,-,-,-,-,-,-,-,-,-,-
202141339349305849,951246140,-,-,-,-,-,-,-,-,-,-,-
202101269349302205,430654876,-,-,-,-,-,-,-,-,-,-,-
202141349349303214,341226547,-,-,-,-,-,-,-,-,-,-,-
202141349349303134,760057699,-,-,-,-,-,-,-,-,-,-,-
202141349349303219,111733439,-,-,-,-,-,-,-,-,-,-,-
202101379349309235,630400608,-,-,-,-,-,-,-,-,-,-,-
202141209349301224,550357039,-,-,-,-,-,-,-,-,-,-,-
202120899349300837,150543658,-,-,-,-,-,-,-,-,-,-,-
202043219349304344,340714650,-,-,-,-,-,-,-,-,-,-,-
202111309349302181,741357323,-,-,-,-,-,-,-,-,-,-,-
202141379349306504,710448822,-,-,-,-,-,-,-,-,-,-,-
202121379349305047,741613878,-,-,-,-,-,-,-,-,-,-,-
202011359349303466,150532081,-,-,-,-,-,-,-,-,-,-,-
202021559349301312,540505941,-,-,-,-,-,-,-,-,-,-,-
202031369349302833,030220266,-,-,-,-,-,-,-,-,-,-,-
202130939349300408,390806154,-,-,-,-,-,-,-,-,-,-,-
202110979349301576,580633971,-,-,-,-,-,-,-,-,-,-,-
202110989349300701,240795506,-,-,-,-,-,-,-,-,-,-,-
202013209349301061,550643304,-,-,-,-,-,-,-,-,-,-,-
202131029349300413,420707120,-,-,-,-,-,-,-,-,-,-,-
202121379349311192,750891464,-,-,-,-,-,-,-,-,-,-,-
202131269349300708,221500483,-,-,-,-,-,-,-,-,-,-,-
202131269349301983,050259080,-,-,-,-,-,-,-,-,-,-,-
202131179349301853,420680344,-,-,-,-,-,-,-,-,-,-,-
202131139349301108,440545813,-,-,-,-,-,-,-,-,-,-,-
202131249349301603,941653023,-,-,-,-,-,-,-,-,-,-,-
202041769349301109,430817015,-,-,-,-,-,-,-,-,-,-,-
202110779349300316,426081293,-,-,-,-,-,-,-,-,-,-,-
202130909349300703,237434499,-,-,-,-,-,-,-,-,-,-,-
202120119349301482,362662739,-,-,-,-,-,-,-,-,-,-,-
202121339349302667,382410852,-,-,-,-,-,-,-,-,-,-,-
202141339349302494,550394213,-,-,-,-,-,-,-,-,-,-,-
202131329349304803,050258932,-,-,-,-,-,-,-,-,-,-,-
202101349349305995,042103576,-,-,-,-,-,-,-,-,-,-,-
202130989349300818,951641455,-,-,-,-,-,-,-,-,-,-,-
202110429349301671,910564993,-,-,-,-,-,-,-,-,-,-,-
202110709349300911,591237047,-,-,-,-,-,-,-,-,-,-,-
202120709349300137,440589787,-,-,-,-,-,-,-,-,-,-,-
202120999349301502,410969244,-,-,-,-,-,-,-,-,-,-,-
202121019349300102,910916534,-,-,-,-,-,-,-,-,-,-,-
202130199349300613,391201561,-,-,-,-,-,-,-,-,-,-,-
202141329349302334,410711610,-,-,-,-,-,-,-,-,-,-,-
202121099349300537,620497990,-,-,-,-,-,-,-,-,-,-,-
202101339349302020,540505940,-,-,-,-,-,-,-,-,-,-,-
202131329349303043,593239650,-,-,-,-,-,-,-,-,-,-,-
202013459349300221,366069820,-,-,-,-,-,-,-,-,-,-,-
202013459349300311,910570848,-,-,-,-,-,-,-,-,-,-,-
202121259349300242,010212542,-,-,-,-,-,-,-,-,-,-,-
202121259349300407,240804602,-,-,-,-,-,-,-,-,-,-,-
202111349349303796,431560263,-,-,-,-,-,-,-,-,-,-,-
202111349349305701,381359083,-,-,-,-,-,-,-,-,-,-,-
202111349349303956,160743900,-,-,-,-,-,-,-,-,-,-,-
202041059349301249,520591623,-,-,-,-,-,-,-,-,-,-,-
202101029349300720,133800725,-,-,-,-,-,-,-,-,-,-,-
202101039349300015,231352621,-,-,-,-,-,-,-,-,-,-,-
202110359349300701,208384273,-,-,-,-,-,-,-,-,-,-,-
202130349349300013,510107088,-,-,-,-,-,-,-,-,-,-,-
202130569349300203,231627436,-,-,-,-,-,-,-,-,-,-,-
202131059349301608,560529999,-,-,-,-,-,-,-,-,-,-,-
202121349349302572,810444020,-,-,-,-,-,-,-,-,-,-,-
202101339349301015,141463151,-,-,-,-,-,-,-,-,-,-,-
202121339349301122,250965591,-,-,-,-,-,-,-,-,-,-,-
202121339349301637,560532144,-,-,-,-,-,-,-,-,-,-,-
202121379349305922,131740469,-,-,-,-,-,-,-,-,-,-,-
202011359349303621,450323401,-,-,-,-,-,-,-,-,-,-,-
202110919349300921,750800691,-,-,-,-,-,-,-,-,-,-,-
202130889349300528,410693979,-,-,-,-,-,-,-,-,-,-,-
202110999349300621,951716809,-,-,-,-,-,-,-,-,-,-,-
202110559349300326,042111203,-,-,-,-,-,-,-,-,-,-,-
202120329349301012,750855633,-,-,-,-,-,-,-,-,-,-,-
202121169349301242,410693970,-,-,-,-,-,-,-,-,-,-,-
202141339349302589,042103567,-,-,-,-,-,-,-,-,-,-,-
202023189349306212,135564934,-,-,-,-,-,-,-,-,-,-,-
202111329349304371,362177139,-,-,-,-,-,-,-,-,-,-,-
202111329349301126,930398802,-,-,-,-,-,-,-,-,-,-,-
202013569349300851,430764111,-,-,-,-,-,-,-,-,-,-,-
202120719349301117,951744369,-,-,-,-,-,-,-,-,-,-,-
202121029349300852,620535755,-,-,-,-,-,-,-,-,-,-,-
202141329349303149,340714334,-,-,-,-,-,-,-,-,-,-,-
202141349349301619,610444695,-,-,-,-,-,-,-,-,-,-,-
202121209349301117,951921340,-,-,-,-,-,-,-,-,-,-,-
202131279349300133,250496976,-,-,-,-,-,-,-,-,-,-,-
202041429349300149,480543772,-,-,-,-,-,-,-,-,-,-,-
202041429349300509,340868798,-,-,-,-,-,-,-,-,-,-,-
202031429349301408,475271468,-,-,-,-,-,-,-,-,-,-,-
202141039349301454,560547498,-,-,-,-,-,-,-,-,-,-,-
202141059349301324,750800653,-,-,-,-,-,-,-,-,-,-,-
202043189349306254,111631796,-,-,-,-,-,-,-,-,-,-,-
202013449349300916,381619831,-,-,-,-,-,-,-,-,-,-,-
202130409349301268,430356250,-,-,-,-,-,-,-,-,-,-,-
202130569349301313,410695527,-,-,-,-,-,-,-,-,-,-,-
202130829349301028,640428676,-,-,-,-,-,-,-,-,-,-,-
202141379349302079,330413730,-,-,-,-,-,-,-,-,-,-,-
202101339349302355,010355980,-,-,-,-,-,-,-,-,-,-,-
202101339349302455,810420980,-,-,-,-,-,-,-,-,-,-,-
202101339349302700,042133255,-,-,-,-,-,-,-,-,-,-,-
202101339349302740,340714629,-,-,-,-,-,-,-,-,-,-,-
202101339349303090,133508093,-,-,-,-,-,-,-,-,-,-,-
202111349349304961,760690847,-,-,-,-,-,-,-,-,-,-,-
202041349349301509,720408915,-,-,-,-,-,-,-,-,-,-,-
202131059349300318,570314406,-,-,-,-,-,-,-,-,-,-,-
202140629349301314,236297362,-,-,-,-,-,-,-,-,-,-,-
202101379349311410,042104700,-,-,-,-,-,-,-,-,-,-,-
202101379349310470,741238438,-,-,-,-,-,-,-,-,-,-,-
202101379349310385,630288870,-,-,-,-,-,-,-,-,-,-,-
202140409349300239,952882724,-,-,-,-,-,-,-,-,-,-,-
202111349349302956,042103731,-,-,-,-,-,-,-,-,-,-,-
202111349349302991,042271070,-,-,-,-,-,-,-,-,-,-,-
202011329349302066,210634584,-,-,-,-,-,-,-,-,-,-,-
202130639349301303,460283336,-,-,-,-,-,-,-,-,-,-,-
202101329349301005,240772407,-,-,-,-,-,-,-,-,-,-,-
202111049349300736,951916051,-,-,-,-,-,-,-,-,-,-,-
202141109349300604,240795686,-,-,-,-,-,-,-,-,-,-,-
202111379349310381,251775321,-,-,-,-,-,-,-,-,-,-,-
202033219349305813,221487307,-,-,-,-,-,-,-,-,-,-,-
202041359349302699,231639911,-,-,-,-,-,-,-,-,-,-,-
202041359349304604,952786163,-,-,-,-,-,-,-,-,-,-,-
202131049349301803,750800689,-,-,-,-,-,-,-,-,-,-,-
202121039349301287,111630830,-,-,-,-,-,-,-,-,-,-,-
202100899349300820,480777079,-,-,-,-,-,-,-,-,-,-,-
202043189349306584,580633977,-,-,-,-,-,-,-,-,-,-,-
202043189349308504,222325405,-,-,-,-,-,-,-,-,-,-,-
202023439349301402,590624459,-,-,-,-,-,-,-,-,-,-,-
202111329349304296,540505977,-,-,-,-,-,-,-,-,-,-,-
202042899349300029,562231069,-,-,-,-,-,-,-,-,-,-,-
202002869349301500,570650419,-,-,-,-,-,-,-,-,-,-,-
202120849349300822,610673886,-,-,-,-,-,-,-,-,-,-,-
202013589349300101,020302477,-,-,-,-,-,-,-,-,-,-,-
202100259349300840,420680466,-,-,-,-,-,-,-,-,-,-,-
202130849349300218,750995027,-,-,-,-,-,-,-,-,-,-,-
202101269349303155,526072925,-,-,-,-,-,-,-,-,-,-,-
202101269349301345,430654855,-,-,-,-,-,-,-,-,-,-,-
202111059349301621,042300472,-,-,-,-,-,-,-,-,-,-,-
202023399349300422,930726917,-,-,-,-,-,-,-,-,-,-,-
202111319349303191,042104258,-,-,-,-,-,-,-,-,-,-,-
202041349349301639,131628206,-,-,-,-,-,-,-,-,-,-,-
202021349349300542,540506457,-,-,-,-,-,-,-,-,-,-,-
202121049349300517,362225483,-,-,-,-,-,-,-,-,-,-,-
202111039349300031,250965212,-,-,-,-,-,-,-,-,-,-,-
202100279349300910,450273403,-,-,-,-,-,-,-,-,-,-,-
202111379349306141,131624217,-,-,-,-,-,-,-,-,-,-,-
202141349349301019,710329353,-,-,-,-,-,-,-,-,-,-,-
202111379349310101,570314395,-,-,-,-,-,-,-,-,-,-,-
202101349349304945,050258809,-,-,-,-,-,-,-,-,-,-,-
202101349349304970,131624225,-,-,-,-,-,-,-,-,-,-,-
202121379349309257,580566199,-,-,-,-,-,-,-,-,-,-,-
202121379349311257,591146751,-,-,-,-,-,-,-,-,-,-,-
202140919349300949,231585611,-,-,-,-,-,-,-,-,-,-,-
202111379349301111,010263385,-,-,-,-,-,-,-,-,-,-,-
202043189349301649,160743905,-,-,-,-,-,-,-,-,-,-,-
202121049349300612,741193459,-,-,-,-,-,-,-,-,-,-,-
202121049349300927,590737882,-,-,-,-,-,-,-,-,-,-,-
202121049349301422,237121060,-,-,-,-,-,-,-,-,-,-,-
202141309349301729,131740451,-,-,-,-,-,-,-,-,-,-,-
202101169349301465,911036794,-,-,-,-,-,-,-,-,-,-,-
202003439349300830,521859814,-,-,-,-,-,-,-,-,-,-,-
202002829349301215,593300248,-,-,-,-,-,-,-,-,-,-,-
202043239349300834,383336473,-,-,-,-,-,-,-,-,-,-,-
202131309349301143,231352683,-,-,-,-,-,-,-,-,-,-,-
202121039349301027,941156628,-,-,-,-,-,-,-,-,-,-,-
202120409349301242,310840764,-,-,-,-,-,-,-,-,-,-,-
202023469349300412,631191637,-,-,-,-,-,-,-,-,-,-,-
202131309349300443,741109620,-,-,-,-,-,-,-,-,-,-,-
202111329349302206,520591658,-,-,-,-,-,-,-,-,-,-,-
202042809349300944,344434288,-,-,-,-,-,-,-,-,-,-,-
202011269349300021,060646587,-,-,-,-,-,-,-,-,-,-,-
202031279349300443,520591608,-,-,-,-,-,-,-,-,-,-,-
202111349349302221,350868188,-,-,-,-,-,-,-,-,-,-,-
202131329349302853,910567740,-,-,-,-,-,-,-,-,-,-,-
202013219349315946,390830664,-,-,-,-,-,-,-,-,-,-,-
202111349349307081,111797166,-,-,-,-,-,-,-,-,-,-,-
202101349349305050,620475697,-,-,-,-,-,-,-,-,-,-,-
202001979349302310,510163080,-,-,-,-,-,-,-,-,-,-,-
202042749349300439,943109801,-,-,-,-,-,-,-,-,-,-,-
202023189349308062,951643359,-,-,-,-,-,-,-,-,-,-,-
202120539349300342,350868086,-,-,-,-,-,-,-,-,-,-,-
202120759349301317,756001300,-,-,-,-,-,-,-,-,-,-,-
202141309349302784,540506314,-,-,-,-,-,-,-,-,-,-,-
202111349349307806,951684064,-,-,-,-,-,-,-,-,-,-,-
202141349349301639,520591672,-,-,-,-,-,-,-,-,-,-,-
202141349349302944,020222182,-,-,-,-,-,-,-,-,-,-,-
202111379349307811,030179419,-,-,-,-,-,-,-,-,-,-,-
202111379349307831,042103542,-,-,-,-,-,-,-,-,-,-,-
202111379349307636,421315493,-,-,-,-,-,-,-,-,-,-,-
202043539349300524,952540850,-,-,-,-,-,-,-,-,-,-,-
202141379349301414,362167725,-,-,-,-,-,-,-,-,-,-,-
202042589349300939,161411935,-,-,-,-,-,-,-,-,-,-,-
202110919349300121,741109641,-,-,-,-,-,-,-,-,-,-,-
202120859349300827,952113260,-,-,-,-,-,-,-,-,-,-,-
202043189349306569,141338457,-,-,-,-,-,-,-,-,-,-,-
202130889349300418,620475691,-,-,-,-,-,-,-,-,-,-,-
202130889349301158,160755807,-,-,-,-,-,-,-,-,-,-,-
202131379349311003,860186050,-,-,-,-,-,-,-,-,-,-,-
202110679349300531,231365953,-,-,-,-,-,-,-,-,-,-,-
202111169349300116,131834089,-,-,-,-,-,-,-,-,-,-,-
202121189349300427,381459365,-,-,-,-,-,-,-,-,-,-,-
202141329349301919,540525605,-,-,-,-,-,-,-,-,-,-,-
202131339349302228,133838740,-,-,-,-,-,-,-,-,-,-,-
202002829349300215,742128239,-,-,-,-,-,-,-,-,-,-,-
202131049349301323,750827465,-,-,-,-,-,-,-,-,-,-,-
202140899349300904,730587210,-,-,-,-,-,-,-,-,-,-,-
202111379349301616,020274509,-,-,-,-,-,-,-,-,-,-,-
202141349349307609,042134818,-,-,-,-,-,-,-,-,-,-,-
202131309349301518,362167855,-,-,-,-,-,-,-,-,-,-,-
202120429349301167,160871487,-,-,-,-,-,-,-,-,-,-,-
202121059349301562,920174205,-,-,-,-,-,-,-,-,-,-,-
202100709349300140,952668328,-,-,-,-,-,-,-,-,-,-,-
202121039349300927,160743045,-,-,-,-,-,-,-,-,-,-,-
202111029349301056,166031585,-,-,-,-,-,-,-,-,-,-,-
202111029349300641,930386858,-,-,-,-,-,-,-,-,-,-,-
202131059349300518,362515868,-,-,-,-,-,-,-,-,-,-,-
202131059349300528,042104149,-,-,-,-,-,-,-,-,-,-,-
202110919349300006,741159753,-,-,-,-,-,-,-,-,-,-,-
202110919349300931,250965376,-,-,-,-,-,-,-,-,-,-,-
202110929349300501,251120678,-,-,-,-,-,-,-,-,-,-,-
202120399349300002,370673506,-,-,-,-,-,-,-,-,-,-,-
202120399349300032,580644897,-,-,-,-,-,-,-,-,-,-,-
202141339349301814,232810852,-,-,-,-,-,-,-,-,-,-,-
202121309349303057,381498763,-,-,-,-,-,-,-,-,-,-,-
202131319349302283,042105777,-,-,-,-,-,-,-,-,-,-,-
202013189349306366,136171197,-,-,-,-,-,-,-,-,-,-,-
202013189349306371,942992642,-,-,-,-,-,-,-,-,-,-,-
202013189349306726,136192377,-,-,-,-,-,-,-,-,-,-,-
202021349349301942,550357039,-,-,-,-,-,-,-,-,-,-,-
202001979349302065,362167817,-,-,-,-,-,-,-,-,-,-,-
202120189349300622,480608889,-,-,-,-,-,-,-,-,-,-,-
202120789349301027,650807808,-,-,-,-,-,-,-,-,-,-,-
202121059349302042,610482955,-,-,-,-,-,-,-,-,-,-,-
202121059349302102,131628149,-,-,-,-,-,-,-,-,-,-,-
202141349349304219,042103629,-,-,-,-,-,-,-,-,-,-,-
202141349349304474,231484178,-,-,-,-,-,-,-,-,-,-,-
202141379349304104,060646973,-,-,-,-,-,-,-,-,-,-,-
202101379349301725,251125048,-,-,-,-,-,-,-,-,-,-,-
202043539349300039,930386890,-,-,-,-,-,-,-,-,-,-,-
202101359349301715,951911219,-,-,-,-,-,-,-,-,-,-,-
202141379349305514,231352689,-,-,-,-,-,-,-,-,-,-,-
202130439349301658,381368367,-,-,-,-,-,-,-,-,-,-,-
202130639349301038,042620216,-,-,-,-,-,-,-,-,-,-,-
202130899349300208,410693962,-,-,-,-,-,-,-,-,-,-,-
202140129349300119,542052107,-,-,-,-,-,-,-,-,-,-,-
202141379349304349,050258810,-,-,-,-,-,-,-,-,-,-,-
202121349349300922,250965601,-,-,-,-,-,-,-,-,-,-,-
202110999349301006,952592468,-,-,-,-,-,-,-,-,-,-,-
202141349349305189,314379532,-,-,-,-,-,-,-,-,-,-,-
202111379349307216,131967321,-,-,-,-,-,-,-,-,-,-,-
202043469349300719,620485733,-,-,-,-,-,-,-,-,-,-,-
202140329349301534,610444825,-,-,-,-,-,-,-,-,-,-,-
202111189349300141,390833608,-,-,-,-,-,-,-,-,-,-,-
202141179349301104,570314380,-,-,-,-,-,-,-,-,-,-,-
202100859349301535,510174094,-,-,-,-,-,-,-,-,-,-,-
202012819349301411,586002736,-,-,-,-,-,-,-,-,-,-,-
202140469349300529,020222120,-,-,-,-,-,-,-,-,-,-,-
202100709349301125,941339635,-,-,-,-,-,-,-,-,-,-,-
202100419349301800,951644593,-,-,-,-,-,-,-,-,-,-,-
202131319349303608,231352655,-,-,-,-,-,-,-,-,-,-,-
202111269349302651,043348440,-,-,-,-,-,-,-,-,-,-,-
202141319349302519,232825878,-,-,-,-,-,-,-,-,-,-,-
202121049349300712,590637903,-,-,-,-,-,-,-,-,-,-,-
202121049349300922,231352688,-,-,-,-,-,-,-,-,-,-,-
202111039349300771,941347042,-,-,-,-,-,-,-,-,-,-,-
202130289349300803,561388743,-,-,-,-,-,-,-,-,-,-,-
202013189349307506,420698265,-,-,-,-,-,-,-,-,-,-,-
202013219349321876,840166760,-,-,-,-,-,-,-,-,-,-,-
202043189349306344,420504780,-,-,-,-,-,-,-,-,-,-,-
202111119349300306,800205752,-,-,-,-,-,-,-,-,-,-,-
202100499349301705,391399196,-,-,-,-,-,-,-,-,-,-,-
202130919349300908,362182170,-,-,-,-,-,-,-,-,-,-,-
202130919349301013,560556753,-,-,-,-,-,-,-,-,-,-,-
202111069349300031,231543518,-,-,-,-,-,-,-,-,-,-,-
202101379349301780,150532081,-,-,-,-,-,-,-,-,-,-,-
202141349349302514,590859121,-,-,-,-,-,-,-,-,-,-,-
202141349349302534,050306206,-,-,-,-,-,-,-,-,-,-,-
202141349349304119,530196603,-,-,-,-,-,-,-,-,-,-,-
202021199349300932,561995933,-,-,-,-,-,-,-,-,-,-,-
202111379349306556,411261358,-,-,-,-,-,-,-,-,-,-,-
202141349349304944,042105769,-,-,-,-,-,-,-,-,-,-,-
202131379349307428,710239729,-,-,-,-,-,-,-,-,-,-,-
202131029349301318,362167770,-,-,-,-,-,-,-,-,-,-,-
202120999349300812,942155109,-,-,-,-,-,-,-,-,-,-,-
202131349349300323,580593438,-,-,-,-,-,-,-,-,-,-,-
202131349349302513,344428207,-,-,-,-,-,-,-,-,-,-,-
202110649349300206,590972013,-,-,-,-,-,-,-,-,-,-,-
202110649349300541,362170136,-,-,-,-,-,-,-,-,-,-,-
202110979349301211,410795255,-,-,-,-,-,-,-,-,-,-,-
202141119349301514,150532204,-,-,-,-,-,-,-,-,-,-,-
202130299349300108,350868095,-,-,-,-,-,-,-,-,-,-,-
202033469349300143,620548913,-,-,-,-,-,-,-,-,-,-,-
202131339349302648,370661238,-,-,-,-,-,-,-,-,-,-,-
202100859349300205,470376551,-,-,-,-,-,-,-,-,-,-,-
202111039349300626,730579264,-,-,-,-,-,-,-,-,-,-,-
202120569349300747,131624158,-,-,-,-,-,-,-,-,-,-,-
202141349349305479,941698615,-,-,-,-,-,-,-,-,-,-,-
202141349349305754,060646927,-,-,-,-,-,-,-,-,-,-,-
202141349349305809,150532200,-,-,-,-,-,-,-,-,-,-,-
202101259349302465,363108821,-,-,-,-,-,-,-,-,-,-,-
202121059349300347,141338562,-,-,-,-,-,-,-,-,-,-,-
202140139349301024,570474291,-,-,-,-,-,-,-,-,-,-,-
202141379349304144,510197108,-,-,-,-,-,-,-,-,-,-,-
202131339349305418,010356077,-,-,-,-,-,-,-,-,-,-,-
202101379349303735,640325640,-,-,-,-,-,-,-,-,-,-,-
202141349349305764,450306841,-,-,-,-,-,-,-,-,-,-,-
202141349349305804,570324915,-,-,-,-,-,-,-,-,-,-,-
202033249349301203,363157451,-,-,-,-,-,-,-,-,-,-,-
202120859349301407,111532426,-,-,-,-,-,-,-,-,-,-,-
202101379349302210,030179593,-,-,-,-,-,-,-,-,-,-,-
202111369349300016,160805158,-,-,-,-,-,-,-,-,-,-,-
202141359349301434,941021164,-,-,-,-,-,-,-,-,-,-,-
202111349349304376,370661496,-,-,-,-,-,-,-,-,-,-,-
202101029349300235,741109748,-,-,-,-,-,-,-,-,-,-,-
202101029349300875,141338498,-,-,-,-,-,-,-,-,-,-,-
202110999349300146,620481463,-,-,-,-,-,-,-,-,-,-,-
202110999349300811,363005527,-,-,-,-,-,-,-,-,-,-,-
202101309349302520,050258956,-,-,-,-,-,-,-,-,-,-,-
202131379349306983,943185612,-,-,-,-,-,-,-,-,-,-,-
202131379349305923,440546278,-,-,-,-,-,-,-,-,-,-,-
202131379349305453,460224604,-,-,-,-,-,-,-,-,-,-,-
202110349349300901,231930438,-,-,-,-,-,-,-,-,-,-,-
202100439349301845,362191252,-,-,-,-,-,-,-,-,-,-,-
202100919349300005,390477970,-,-,-,-,-,-,-,-,-,-,-
202120859349301017,231657958,-,-,-,-,-,-,-,-,-,-,-
202130119349300418,131916574,-,-,-,-,-,-,-,-,-,-,-
202141339349302159,520643528,-,-,-,-,-,-,-,-,-,-,-
202141349349306479,810420650,-,-,-,-,-,-,-,-,-,-,-
202141349349306584,941186179,-,-,-,-,-,-,-,-,-,-,-
202141379349306444,941610694,-,-,-,-,-,-,-,-,-,-,-
202121259349302907,042121659,-,-,-,-,-,-,-,-,-,-,-
202111249349301471,465138928,-,-,-,-,-,-,-,-,-,-,-
202023499349301557,580685908,-,-,-,-,-,-,-,-,-,-,-
202101059349301235,042103545,-,-,-,-,-,-,-,-,-,-,-
202101059349300530,560529953,-,-,-,-,-,-,-,-,-,-,-
202111029349300306,590624401,-,-,-,-,-,-,-,-,-,-,-
202130689349301133,231352698,-,-,-,-,-,-,-,-,-,-,-
202121059349301507,420680408,-,-,-,-,-,-,-,-,-,-,-
202013219349304316,470385129,-,-,-,-,-,-,-,-,-,-,-
202130689349300738,560532296,-,-,-,-,-,-,-,-,-,-,-
202141249349300344,141338587,-,-,-,-,-,-,-,-,-,-,-
202110189349300421,310643552,-,-,-,-,-,-,-,-,-,-,-
202101209349300220,042104300,-,-,-,-,-,-,-,-,-,-,-
202101209349300445,381366958,-,-,-,-,-,-,-,-,-,-,-
202101379349302350,480543729,-,-,-,-,-,-,-,-,-,-,-
202130089349301603,591416396,-,-,-,-,-,-,-,-,-,-,-
202141349349307354,410698301,-,-,-,-,-,-,-,-,-,-,-
202001229349301225,275316628,-,-,-,-,-,-,-,-,-,-,-
202140439349302369,941700607,-,-,-,-,-,-,-,-,-,-,-
202140439349302219,250965603,-,-,-,-,-,-,-,-,-,-,-
202110439349300041,222586208,-,-,-,-,-,-,-,-,-,-,-
202110439349302161,350868181,-,-,-,-,-,-,-,-,-,-,-
202111029349300931,560529940,-,-,-,-,-,-,-,-,-,-,-
202120209349301422,460224589,-,-,-,-,-,-,-,-,-,-,-
202131349349306978,030197728,-,-,-,-,-,-,-,-,-,-,-
202131349349306708,750859668,-,-,-,-,-,-,-,-,-,-,-
202131379349306978,250965438,-,-,-,-,-,-,-,-,-,-,-
202141349349303919,135645885,-,-,-,-,-,-,-,-,-,-,-
202141349349305504,231352651,-,-,-,-,-,-,-,-,-,-,-
202141349349307054,340737794,-,-,-,-,-,-,-,-,-,-,-
202001349349300005,520591421,-,-,-,-,-,-,-,-,-,-,-
202100779349301300,942515428,-,-,-,-,-,-,-,-,-,-,-
202043219349309354,593069793,-,-,-,-,-,-,-,-,-,-,-
202120859349301317,231522643,-,-,-,-,-,-,-,-,-,-,-
202120859349301342,951643992,-,-,-,-,-,-,-,-,-,-,-
202130329349300918,750891465,-,-,-,-,-,-,-,-,-,-,-
202043219349317209,160960470,-,-,-,-,-,-,-,-,-,-,-
202111379349310996,810231777,-,-,-,-,-,-,-,-,-,-,-
202111309349302581,581825259,-,-,-,-,-,-,-,-,-,-,-
202111309349300906,042108376,-,-,-,-,-,-,-,-,-,-,-
202130979349301583,141468399,-,-,-,-,-,-,-,-,-,-,-
202011159349300936,131740447,-,-,-,-,-,-,-,-,-,-,-
202111029349300521,020263136,-,-,-,-,-,-,-,-,-,-,-
202120679349300142,364682140,-,-,-,-,-,-,-,-,-,-,-
202140539349300109,741143128,-,-,-,-,-,-,-,-,-,-,-
202111039349301851,850164940,-,-,-,-,-,-,-,-,-,-,-
202023209349300647,550525724,-,-,-,-,-,-,-,-,-,-,-
202141359349302184,141338309,-,-,-,-,-,-,-,-,-,-,-
202101379349303970,942382546,-,-,-,-,-,-,-,-,-,-,-
202003599349300405,410695509,-,-,-,-,-,-,-,-,-,-,-
202120619349300637,800390564,-,-,-,-,-,-,-,-,-,-,-
202131349349306003,231352635,-,-,-,-,-,-,-,-,-,-,-
202131349349305293,060776644,-,-,-,-,-,-,-,-,-,-,-
202141369349300444,810235407,-,-,-,-,-,-,-,-,-,-,-
202131379349306703,920023588,-,-,-,-,-,-,-,-,-,-,-
202001329349300900,720467515,-,-,-,-,-,-,-,-,-,-,-
202021339349301532,420680387,-,-,-,-,-,-,-,-,-,-,-
202130549349300848,362166964,-,-,-,-,-,-,-,-,-,-,-
202130709349300903,741277664,-,-,-,-,-,-,-,-,-,-,-
202130989349300548,750926755,-,-,-,-,-,-,-,-,-,-,-
202130989349301703,420680372,-,-,-,-,-,-,-,-,-,-,-
202140159349301124,522069008,-,-,-,-,-,-,-,-,-,-,-
202101319349302330,362387148,-,-,-,-,-,-,-,-,-,-,-
202131339349301138,230973290,-,-,-,-,-,-,-,-,-,-,-
202110469349300321,381393841,-,-,-,-,-,-,-,-,-,-,-
202110709349300321,611124267,-,-,-,-,-,-,-,-,-,-,-
202111099349301261,240795445,-,-,-,-,-,-,-,-,-,-,-
202111339349300826,160743310,-,-,-,-,-,-,-,-,-,-,-
202011169349300201,650683159,-,-,-,-,-,-,-,-,-,-,-
202110089349300206,350868101,-,-,-,-,-,-,-,-,-,-,-
202110679349301306,560530240,-,-,-,-,-,-,-,-,-,-,-
202110719349300331,240795406,-,-,-,-,-,-,-,-,-,-,-
202111049349301466,231639911,-,-,-,-,-,-,-,-,-,-,-
202111049349301761,951684793,-,-,-,-,-,-,-,-,-,-,-
202111049349301846,420680351,-,-,-,-,-,-,-,-,-,-,-
202111049349302101,430662529,-,-,-,-,-,-,-,-,-,-,-
202111059349300906,042199867,-,-,-,-,-,-,-,-,-,-,-
202120259349300412,231608264,-,-,-,-,-,-,-,-,-,-,-
202023219349301237,237001501,-,-,-,-,-,-,-,-,-,-,-
202041359349302674,381459365,-,-,-,-,-,-,-,-,-,-,-
202120909349300432,860561847,-,-,-,-,-,-,-,-,-,-,-
202120909349300502,580607083,-,-,-,-,-,-,-,-,-,-,-
202120909349300717,990272261,-,-,-,-,-,-,-,-,-,-,-
202120629349300717,410693977,-,-,-,-,-,-,-,-,-,-,-
202120639349300102,382080820,-,-,-,-,-,-,-,-,-,-,-
202121269349302507,150532082,-,-,-,-,-,-,-,-,-,-,-
202101379349306360,430652617,-,-,-,-,-,-,-,-,-,-,-
202101379349304775,231352256,-,-,-,-,-,-,-,-,-,-,-
202101379349309020,231382408,-,-,-,-,-,-,-,-,-,-,-
202131349349306348,370661219,-,-,-,-,-,-,-,-,-,-,-
202003219349315310,131740127,-,-,-,-,-,-,-,-,-,-,-
202101339349304540,231352626,-,-,-,-,-,-,-,-,-,-,-
202121379349300942,540505941,-,-,-,-,-,-,-,-,-,-,-
202121379349302962,060646520,-,-,-,-,-,-,-,-,-,-,-
202101379349304520,430670936,-,-,-,-,-,-,-,-,-,-,-
202121379349302262,541911091,-,-,-,-,-,-,-,-,-,-,-
202130719349300243,381358014,-,-,-,-,-,-,-,-,-,-,-
202130999349300418,720408915,-,-,-,-,-,-,-,-,-,-,-
202130999349301753,910565571,-,-,-,-,-,-,-,-,-,-,-
202001059349300045,420680351,-,-,-,-,-,-,-,-,-,-,-
202141309349301004,150533561,-,-,-,-,-,-,-,-,-,-,-
202141309349301104,470376583,-,-,-,-,-,-,-,-,-,-,-
202141309349301419,660552714,-,-,-,-,-,-,-,-,-,-,-
202141049349301704,480547702,-,-,-,-,-,-,-,-,-,-,-
202003189349307045,370661223,-,-,-,-,-,-,-,-,-,-,-
202020789349301212,710239383,-,-,-,-,-,-,-,-,-,-,-
202131339349302018,237225104,-,-,-,-,-,-,-,-,-,-,-
202131339349300608,361557840,-,-,-,-,-,-,-,-,-,-,-
202012559349301521,741180155,-,-,-,-,-,-,-,-,-,-,-
202110719349301221,741400699,-,-,-,-,-,-,-,-,-,-,-
202000979349300510,160743989,-,-,-,-,-,-,-,-,-,-,-
202101269349300810,061519057,-,-,-,-,-,-,-,-,-,-,-
202043219349309774,430471057,-,-,-,-,-,-,-,-,-,-,-
202041339349301014,390806325,-,-,-,-,-,-,-,-,-,-,-
202041339349301139,340714654,-,-,-,-,-,-,-,-,-,-,-
202140649349300604,340714626,-,-,-,-,-,-,-,-,-,-,-
202120689349300527,420680460,-,-,-,-,-,-,-,-,-,-,-
202130699349300813,521010577,-,-,-,-,-,-,-,-,-,-,-
202120919349301722,510143399,-,-,-,-,-,-,-,-,-,-,-
202041049349300909,231352668,-,-,-,-,-,-,-,-,-,-,-
202011029349300011,952501387,-,-,-,-,-,-,-,-,-,-,-
202131169349300503,231365966,-,-,-,-,-,-,-,-,-,-,-
202111139349300036,480730814,-,-,-,-,-,-,-,-,-,-,-
202121329349301897,231653718,-,-,-,-,-,-,-,-,-,-,-
202101349349305250,250965576,-,-,-,-,-,-,-,-,-,-,-
202131029349301403,590624458,-,-,-,-,-,-,-,-,-,-,-
202021069349300217,590737882,-,-,-,-,-,-,-,-,-,-,-
202111259349302936,042103865,-,-,-,-,-,-,-,-,-,-,-
202141379349300774,030179299,-,-,-,-,-,-,-,-,-,-,-
202141379349305409,731523469,-,-,-,-,-,-,-,-,-,-,-
202141379349305429,520805606,-,-,-,-,-,-,-,-,-,-,-
202033229349300213,363196629,-,-,-,-,-,-,-,-,-,-,-
202110569349302206,420686467,-,-,-,-,-,-,-,-,-,-,-
202141029349301504,952501387,-,-,-,-,-,-,-,-,-,-,-
202111049349300041,420680389,-,-,-,-,-,-,-,-,-,-,-
202111049349300406,620465076,-,-,-,-,-,-,-,-,-,-,-
202121349349304692,440552485,-,-,-,-,-,-,-,-,-,-,-
202121349349304857,370661228,-,-,-,-,-,-,-,-,-,-,-
202140569349301144,251900793,-,-,-,-,-,-,-,-,-,-,-
202110479349301356,460280847,-,-,-,-,-,-,-,-,-,-,-
202141379349308434,390806263,-,-,-,-,-,-,-,-,-,-,-
202141379349307979,131740468,-,-,-,-,-,-,-,-,-,-,-
202022899349301562,410696906,-,-,-,-,-,-,-,-,-,-,-
202110219349300921,730599209,-,-,-,-,-,-,-,-,-,-,-
202011959349202291,650473019,-,-,-,-,-,-,-,-,-,-,-
202020789349300907,480777079,-,-,-,-,-,-,-,-,-,-,-
202031069349300608,420680389,-,-,-,-,-,-,-,-,-,-,-
202021069349300517,440567385,-,-,-,-,-,-,-,-,-,-,-
202021069349300547,141423161,-,-,-,-,-,-,-,-,-,-,-
202131099349300508,231937954,-,-,-,-,-,-,-,-,-,-,-
202121329349301942,060761704,-,-,-,-,-,-,-,-,-,-,-
202121329349303862,042321292,-,-,-,-,-,-,-,-,-,-,-
202041359349301314,041286950,-,-,-,-,-,-,-,-,-,-,-
202021359349301767,132513162,-,-,-,-,-,-,-,-,-,-,-
202120119349300012,410694721,-,-,-,-,-,-,-,-,-,-,-
202001049349300870,730579298,-,-,-,-,-,-,-,-,-,-,-
202041139349301224,541031437,-,-,-,-,-,-,-,-,-,-,-
202101349349306700,010215213,-,-,-,-,-,-,-,-,-,-,-
202013189349300421,341726619,-,-,-,-,-,-,-,-,-,-,-
202001349349301240,231433899,-,-,-,-,-,-,-,-,-,-,-
202110829349301456,311601569,-,-,-,-,-,-,-,-,-,-,-
202130839349300213,237373765,-,-,-,-,-,-,-,-,-,-,-
202041059349300024,141338562,-,-,-,-,-,-,-,-,-,-,-
202041059349300629,952592468,-,-,-,-,-,-,-,-,-,-,-
202141379349306009,231352630,-,-,-,-,-,-,-,-,-,-,-
202141379349309774,630288878,-,-,-,-,-,-,-,-,-,-,-
202141379349306934,900171867,-,-,-,-,-,-,-,-,-,-,-
202120579349301712,943204136,-,-,-,-,-,-,-,-,-,-,-
202100829349300800,050470320,-,-,-,-,-,-,-,-,-,-,-
202100889349301305,061149131,-,-,-,-,-,-,-,-,-,-,-
202100889349300775,751081109,-,-,-,-,-,-,-,-,-,-,-
202131049349300713,630288841,-,-,-,-,-,-,-,-,-,-,-
202043189349307059,421351526,-,-,-,-,-,-,-,-,-,-,-
202041059349301119,370661211,-,-,-,-,-,-,-,-,-,-,-
202041059349301829,042104149,-,-,-,-,-,-,-,-,-,-,-
202021079349301102,750800653,-,-,-,-,-,-,-,-,-,-,-
202013199349301026,150533577,-,-,-,-,-,-,-,-,-,-,-
202100899349300710,340714818,-,-,-,-,-,-,-,-,-,-,-
202001059349300205,381359569,-,-,-,-,-,-,-,-,-,-,-
202001059349301225,560529953,-,-,-,-,-,-,-,-,-,-,-
202141259349301024,721226741,-,-,-,-,-,-,-,-,-,-,-
202121329349303392,240795508,-,-,-,-,-,-,-,-,-,-,-
202023189349302062,042702102,-,-,-,-,-,-,-,-,-,-,-
202021269349301122,870212470,-,-,-,-,-,-,-,-,-,-,-
202100419349301380,390977529,-,-,-,-,-,-,-,-,-,-,-
202010839349300521,953890724,-,-,-,-,-,-,-,-,-,-,-
202131119349301723,911561025,-,-,-,-,-,-,-,-,-,-,-
202001979349301765,010356077,-,-,-,-,-,-,-,-,-,-,-
202110789349301101,236002304,-,-,-,-,-,-,-,-,-,-,-
202120839349300512,390821861,-,-,-,-,-,-,-,-,-,-,-
202111339349303091,131988190,-,-,-,-,-,-,-,-,-,-,-
202111339349305151,135562985,-,-,-,-,-,-,-,-,-,-,-
202111339349303986,560657294,-,-,-,-,-,-,-,-,-,-,-
202013219349304006,541743079,-,-,-,-,-,-,-,-,-,-,-
202042869349301824,596605703,-,-,-,-,-,-,-,-,-,-,-
202011189349301101,750827409,-,-,-,-,-,-,-,-,-,-,-
202131259349301103,510064335,-,-,-,-,-,-,-,-,-,-,-
202131259349301648,560543261,-,-,-,-,-,-,-,-,-,-,-
202131259349302058,042104229,-,-,-,-,-,-,-,-,-,-,-
202131379349302903,580566243,-,-,-,-,-,-,-,-,-,-,-
202131379349304143,221508627,-,-,-,-,-,-,-,-,-,-,-
202013189349300541,161554414,-,-,-,-,-,-,-,-,-,-,-
202021479349301327,060776644,-,-,-,-,-,-,-,-,-,-,-
202111319349300716,621669683,-,-,-,-,-,-,-,-,-,-,-
202121319349302812,381367080,-,-,-,-,-,-,-,-,-,-,-
202131379349307783,741180151,-,-,-,-,-,-,-,-,-,-,-
202031959349302503,131740448,-,-,-,-,-,-,-,-,-,-,-
202001269349301960,042104229,-,-,-,-,-,-,-,-,-,-,-
202100889349300615,340714687,-,-,-,-,-,-,-,-,-,-,-
202100419349301305,540505945,-,-,-,-,-,-,-,-,-,-,-
202001619349301000,061627882,-,-,-,-,-,-,-,-,-,-,-
202001369349304135,042104847,-,-,-,-,-,-,-,-,-,-,-
202041959349302624,952668328,-,-,-,-,-,-,-,-,-,-,-
202130649349300228,830340684,-,-,-,-,-,-,-,-,-,-,-
202140159349300234,660177776,-,-,-,-,-,-,-,-,-,-,-
202130849349301653,350868096,-,-,-,-,-,-,-,-,-,-,-
202100849349300120,370711798,-,-,-,-,-,-,-,-,-,-,-
202021979349300347,750800691,-,-,-,-,-,-,-,-,-,-,-
202030609349300108,231352698,-,-,-,-,-,-,-,-,-,-,-
