object_id,ein,GrntRcrdsMntndInd,Ttl501c3OrgCnt,TtlOthrOrgCnt
201903199349311450,980149857,true,1,-
201903579349300855,141463151,1,-,-
201932959349300728,208434503,0,1,0
201933579349300468,201730126,true,-,-
201933129349303308,752760831,1,-,-
201923179349308802,202884155,true,0,0
201923179349302332,954529650,1,-,-
201912889349300246,344429091,true,3,-
201943529349300639,620481463,1,-,-
201913439349300841,620548913,1,-,-
201913519349300816,750827421,true,2,-
202020979349300507,221487354,true,-,-
202030989349301708,391353508,1,-,-
201943189349314139,473609601,false,-,-
201932839349301028,616002351,1,-,-
202041979349305184,042103542,true,6,1
202041979349307414,951664112,true,-,-
202031969349302723,580603153,1,-,-
202021929349302767,820200907,1,-,-
201912849349300401,381443369,true,-,-
202031019349301603,231937954,true,0,0
202041069349300824,160743040,true,3,-
202001909349302800,942340692,1,-,-
202020699349301007,042111203,1,10,0
202020319349300222,620485733,1,-,-
202020639349301012,231627436,true,-,-
201923169349305267,942514843,false,-,-
201942949349301614,640579585,true,-,-
202011689349300911,630312914,true,3,0
202001149349301525,951641455,1,-,-
202000799349300935,520705392,true,-,-
201933369349300203,160909446,1,-,-
202011969349301031,936002614,1,-,-
202010569349300701,560657294,1,-,-
201943579349300209,562476876,1,1,0
201913119349301796,810231774,1,-,-
202010079349300536,362216176,true,-,-
202041369349305314,951664123,1,-,-
202040949349300014,560556753,1,-,-
202040229349300214,363157451,1,-,-
202000379349300105,131624158,1,-,-
201923199349304272,581494136,false,-,-
202010919349301701,952962604,1,1,0
201913119349301786,237050293,1,1,-
202030509349301018,942515428,1,-,-
202021399349300237,540573801,1,-,-
202011899349301786,050312747,0,-,-
202041419349301659,951699394,1,-,-
202021489349300987,420703280,1,-,-
202010729349300726,840402707,true,3,0
202041419349301764,941156566,true,-,-
202031369349300313,560623936,1,-,-
202031369349303828,020274509,true,6,-
202040839349300359,410694747,1,10,0
202041359349301949,591023117,true,-,-
201933129349301853,042104451,1,-,-
202011919349301236,131624067,true,-,-
202041979349301829,450314233,true,-,-
202041979349301854,210634501,true,30,1
202041979349307089,370661219,1,-,-
202010499349300046,381359083,true,-,-
201913199349319751,541954969,1,-,-
202001369349301620,330413730,true,-,-
202021409349300347,362181973,true,-,-
202022309349302522,464588696,true,-,-
202030159349300018,420698196,1,-,-
201902959349300845,581418202,1,1,0
201903179349302475,160743126,true,1,-
201903399349301020,237099472,true,-,-
201923199349305957,231352008,1,-,-
201913129349302851,541863192,1,-,1
202041329349302209,516017306,1,1,0
202021959349303612,050258810,true,-,-
202001919349303150,951644048,true,0,0
202010649349301211,202394946,true,-,-
201923609349300112,452208063,true,-,-
202001949349300600,610444763,1,-,-
202000079349302115,131916574,1,-,-
202020599349301402,956001907,1,-,-
202001089349301300,741109631,true,-,-
202001749349301100,112357063,1,-,-
202030699349301008,986001141,1,0,10
202031979349306293,237367633,true,-,-
202001429349300900,440545813,1,-,-
202041719349300524,381368367,1,-,-
202040599349301229,231501197,true,-,-
201933199349320313,640902475,1,-,-
202031689349300528,362593545,true,3,1
202000769349300545,350867954,1,-,-
202010219349301106,620502739,1,-,-
202030429349300313,741400699,0,-,-
202030169349301308,251491411,true,-,-
202000709349300415,620484185,1,-,-
201923099349300017,137096544,true,1,0
201903169349301975,240795439,1,-,-
201933179349304883,420730347,1,-,-
202030489349300103,620535755,1,-,-
202011059349300036,160755807,1,-,-
202001259349300000,953127273,true,-,-
202001699349301000,390980974,1,-,-
201903189349302870,454620000,1,1,16
202041609349301424,340714363,1,8,0
201913109349302336,463103295,1,-,-
202000339349300250,237032625,false,-,-
202020509349300927,390808497,1,-,-
202031479349301053,362167773,true,-,-
202010429349300541,231352664,1,-,-
202011269349302156,480547702,true,-,-
202041829349301654,562535892,1,2,0
201903189349305390,461001797,true,0,4
202030169349301013,510109178,1,-,-
202010989349300831,930386858,1,6,0
202031699349301613,390806428,1,-,-
202011369349303671,020222182,true,-,-
202011369349303706,141338580,true,1,-
202021049349300412,237223216,true,-,-
202001649349301100,830686168,1,-,-
202040849349300734,410695524,1,-,-
202031929349302573,041591060,1,-,-
202021899349300727,042103558,true,5,-
202021959349301602,060766747,true,0,0
202021959349301617,560529999,1,20,0
202030459349301228,382333042,true,-,-
201923169349300507,541370198,false,0,0
201923169349303357,136192377,true,0,0
202011919349302021,311146505,false,1,-
202030289349301768,420681046,1,-,-
202031479349300958,050258956,1,-,-
202010209349300716,750851900,1,10,0
201903509349300530,350845258,true,-,-
202041489349300644,237424429,1,-,-
202001969349303715,440556862,0,-,-
202002189349301325,030179299,true,0,0
202001969349302350,030179414,true,-,-
202012059349300706,474670026,0,-,-
202030719349301318,830340684,1,-,-
202030559349300523,930461940,1,-,-
202030099349300123,344428207,true,-,-
202041009349300324,464884633,true,1,-
202020459349300812,160871487,1,-,-
202031679349300623,470378777,1,-,-
202032539349300123,730590036,-,-,-
202031059349300313,590637903,1,2,3
202031979349304623,570324915,1,-,-
202041339349302264,042103638,1,-,-
202041339349302344,250969449,1,92,48
202041359349303179,880121831,1,-,-
202011969349301346,030179419,false,0,0
202000879349301400,581363100,1,-,-
202001929349300200,042105776,1,-,-
201943189349305324,273183285,false,-,-
202011369349303121,952261113,1,-,-
202030879349300438,430653369,true,-,-
202000699349300445,204499806,1,-,-
202001199349300140,231352613,1,-,-
202031339349301788,480559090,1,-,-
202041009349300524,231352652,1,-,-
202041689349300649,200059646,true,-,-
202010559349301121,611312812,1,-,-
202010909349301211,042103865,1,2,2
202040739349301419,941339635,true,0,0
202021969349300322,720635884,true,2,-
202021769349300302,581438873,true,-,-
202012539349300006,581494136,false,-,-
202000739349301410,952882724,1,-,-
202000429349300540,310747997,1,-,-
202031149349300113,850365964,true,-,-
202031329349300908,231352683,true,-,-
202011069349300716,411607453,1,-,-
202011069349301111,231352615,1,-,-
201903409349300100,954573427,-,-,-
202011349349301306,237251952,1,5,0
202030919349300633,430764111,1,0,0
202001289349301475,350869045,true,-,-
202041979349304394,240795453,1,-,-
202031979349303368,570314404,1,-,-
202011909349301116,470405319,1,-,-
202031679349300403,941279798,false,-,-
202040569349300909,202173923,1,-,-
202001269349302150,953909672,1,-,-
202020999349300017,410693979,1,-,-
202021009349300737,582624570,1,-,-
202011149349300811,042108376,true,-,-
202021269349302062,540505945,1,-,-
202011369349303136,920158414,true,1,-
202020569349301462,362170142,1,-,-
202031119349301618,956151774,1,8,0
202041009349300444,166031585,1,-,-
202041979349304529,042152671,1,-,-
202041979349301344,135604699,true,-,-
202000719349301410,730739626,1,1,1
202031429349300148,930386892,true,-,-
202001349349302790,111630822,true,-,-
202000239349300700,943204136,1,-,-
202031059349300448,010211810,1,-,-
202040979349300144,330704703,true,-,-
202001969349303880,920023588,true,-,-
202041329349301204,470376583,1,14,0
202021329349300207,250965591,1,306,19
202001419349301100,626001104,1,-,-
202031369349303108,954625327,1,-,-
202031339349301533,231353385,1,5,0
201913189349301541,591092732,1,-,-
202010229349301506,610660795,1,-,-
202000509349300105,150533545,true,-,-
202020519349301127,231409675,1,-,-
202010509349301301,910564993,1,-,-
202010509349301416,951744369,1,-,-
202020839349300902,160743942,1,-,-
202030869349300818,030197728,false,-,-
202031979349305813,591146751,true,-,-
202040349349300714,480543736,true,-,-
202041919349302144,010378758,1,-,-
202001269349300545,941156525,true,-,-
202001269349300605,020222120,1,-,-
202002269349302530,810351900,1,-,-
201903189349303545,201612906,true,2,-
202041009349301029,050465628,1,-,-
202001359349302675,042133255,1,4,0
202010429349300906,391399196,1,-,-
202010429349300946,530219639,true,-,-
202021269349301812,362167725,true,-,-
202021919349302497,200118161,0,2,-
201923189349304737,251065148,1,2,1
202040249349300009,860711495,true,0,0
202041979349304134,570314395,true,5,4
201923029349301652,541919810,1,-,-
201943129349303514,942427596,1,-,-
202012279349300331,237135915,true,-,-
202030639349300003,202394341,true,-,-
202012469349300421,540646523,1,-,-
202020719349301312,391319049,false,-,-
201923199349312582,540568200,1,-,-
202020439349300942,222586208,1,-,-
202041719349301204,310820394,1,-,-
201943179349308369,237034324,1,-,-
202002139349301310,650000627,1,-,-
202031769349300203,540534105,true,-,-
202000649349300020,566049935,1,-,-
202040589349301414,030482006,1,-,-
202010979349300716,362191252,false,0,0
202030979349301043,221494428,true,-,-
202031819349301908,150532200,1,6,0
202041829349301604,200551778,false,1,-
202041779349300719,742606557,true,-,-
202040739349300039,236002304,1,-,-
202010949349300536,370864020,1,-,-
202010949349300801,561065978,1,-,-
202010949349300821,560530242,1,-,-
202032469349301663,451171945,1,-,-
202031209349300938,221500645,true,8,-
202041279349302129,810420650,1,-,-
202041679349300814,660201206,1,-,-
202001009349300435,750995027,true,-,-
202001009349300800,160746864,1,-,-
202020809349300922,350868086,true,-,-
202031009349301553,560529940,true,-,-
202020919349300502,231352641,true,-,-
202010879349300301,131740469,true,-,-
202011299349300336,741109620,true,-,-
202040919349300834,590624401,1,-,-
202010089349300531,660177776,1,-,-
202001409349301025,340714600,1,-,-
202030769349301568,131740445,true,-,-
202020649349300537,311048513,1,-,-
202000519349300500,930391586,true,-,-
202041679349300939,756114836,1,-,-
202000219349300920,610444825,1,-,-
202031339349301123,590624364,1,-,-
202040909349300604,381358014,1,-,-
202040869349300824,010263385,1,-,-
202041819349300909,156019050,1,-,-
202031909349301593,823882005,false,-,-
202021359349302367,231352661,1,-,-
202001359349300440,383001876,1,1,0
202030579349300223,440545914,true,-,-
202030579349300323,541911091,true,-,-
202031699349300433,134304343,1,-,-
202021359349302327,050306206,1,9,-
202011819349301651,060646520,1,-,-
202031069349301118,362515868,1,2,0
202011369349302556,231365971,true,87,24
202011369349302606,542110067,1,-,-
202041979349303804,610444671,true,-,-
202041979349303834,060646936,1,-,-
202031549349301503,954749034,true,-,-
202011369349304291,237421224,1,-,-
202001329349301800,042321292,1,-,-
202020539349300612,800957275,1,1,0
202011209349301021,570314408,1,1,0
202001679349301535,391773613,1,3,0
202031909349302358,620516509,true,-,-
202000309349301565,061013935,1,-,-
202031759349301023,522027415,1,-,-
202040569349300809,410693960,1,1,0
202011899349301686,741554976,true,-,-
201933129349300003,320237828,1,5,0
201942889349301709,562231069,1,-,-
202040979349300944,350867977,true,-,-
202011369349304466,135562167,true,4,-
202041349349302284,042134818,1,-,-
202041349349302444,042300472,true,-,-
202001369349303775,581825259,true,-,-
202001189349300445,956002998,1,-,-
202011069349300021,150545841,true,-,-
201922919349300232,200617900,1,-,-
202021329349301037,436052681,1,-,-
202011969349302676,111797166,1,-,-
202011689349300611,610444788,1,-,-
202021819349300727,042103576,1,-,-
201931349349303268,030179414,true,-,-
202000659349300915,310544271,1,0,0
202001969349305740,943185612,1,-,-
202041929349302624,630417508,1,-,-
202011369349304221,430652675,1,-,-
201943199349300539,200180768,1,-,-
202030839349300558,530199507,true,-,-
202010869349300601,580593414,1,-,-
202011059349301911,750926755,true,2,-
202020349349301102,362662739,1,-,-
202041429349301504,590704726,1,-,-
202041349349302239,350868149,true,-,-
202031979349300128,110461385,1,-,-
202031979349300133,731303821,1,-,-
202031979349306533,710239729,1,-,-
202021989349301537,200909475,true,7,7
202021369349304427,250965438,1,-,-
202021339349301017,041958460,1,-,-
201913109349300006,237242844,1,-,-
202030839349300418,420707120,true,-,-
202031339349302598,430746185,0,-,-
202001789349300340,370673513,1,-,-
202000429349301530,580685908,1,-,-
202021369349305222,540505990,1,-,-
202041359349303369,610444780,true,-,-
202021359349302342,620476301,true,-,-
202001339349302120,350868107,true,3,0
201941099349300709,310970262,1,-,-
201931349349303158,042104847,true,13,1
202000769349300315,370711798,0,-,-
202011909349301571,730774245,false,-,-
202021969349303432,430743910,1,-,-
202001399349300870,310537177,1,-,-
202001349349303510,133508093,true,-,-
202031269349301148,350868125,true,-,1
202010459349301101,430654855,1,-,-
202000149349300400,550788917,false,-,-
202020099349300302,640303069,true,-,-
202010729349300801,410695527,1,-,-
202001329349302080,910564961,1,-,-
202041129349300239,410706151,1,-,-
202000699349300725,222212290,false,-,-
202041749349300714,560529990,1,-,-
202000839349301000,474649648,1,-,-
202021929349301527,010211781,1,1,0
202001199349300820,391467668,1,1,-
202011199349301501,420680344,true,-,-
202001919349301975,560532314,1,-,-
202041279349300509,570967350,true,-,-
202030659349300718,941279803,1,1,0
202031259349301093,260536138,false,-,-
202021129349301212,710430687,false,-,-
202001919349300145,020222111,true,58,1
202031979349305483,750917417,true,-,-
202041689349300144,231653718,1,3,-
201941339349302264,061013935,1,-,-
201941339349302304,231365971,true,90,21
202011299349300021,381367080,true,1,-
202010249349300116,470376524,1,-,-
201903199349308290,250965603,1,-,-
202040509349301019,426081293,1,1,1
202000649349300400,481249429,1,-,-
202041779349300539,721226741,false,0,0
202041349349301004,231355135,true,-,-
202010459349301421,440589787,true,-,-
202001899349300520,381358000,true,-,-
202010249349300211,231352648,true,-,-
202041329349300514,250965557,1,1,0
202011059349300421,951716809,1,-,-
202001479349300875,381366958,1,-,-
202031059349301248,141338498,true,1,0
202040979349300804,250965376,1,-,-
202021359349303002,420680372,1,-,-
202011369349303436,810378943,1,-,-
202031409349300113,133838740,true,1,-
202011399349301151,010271210,1,-,-
202020169349300327,463015560,true,0,0
202041959349303384,560530005,1,-,-
202031229349300323,370661491,1,-,-
202000499349301450,310971599,0,-,-
202031749349300813,043403049,1,-,-
201923459349300107,350715530,true,-,-
202001899349300710,150533561,true,0,0
202001749349301215,580566167,true,1,7
202000769349301805,741277664,true,-,-
202041269349301449,364479457,1,-,-
202000359349301400,750808791,0,-,-
201913159349301791,262192639,true,0,0
202041979349304699,660379122,true,0,4
202001539349301415,341226547,1,-,-
202031789349300728,381358399,true,-,-
202000079349300235,350868101,true,-,1
202001969349305815,912037146,1,-,-
202041979349304914,060646927,true,-,-
202000649349301125,231526668,1,-,-
202030629349301653,381393841,1,-,-
202031889349300008,440552049,0,-,-
202021969349306157,950948050,1,-,-
202031979349305593,440545286,1,-,-
202020349349300827,510107088,1,11,-
202031009349300143,050277222,1,-,-
202041339349302554,620528217,0,-,-
201923189349304152,580633977,false,0,0
202001919349301885,314379507,1,-,-
202031979349305763,630315935,true,-,-
202041599349300004,951644026,true,-,-
201903189349309790,562538741,false,0,1
202011399349300821,620497990,1,-,-
202011399349300836,391097032,true,-,-
202020839349300562,640303086,1,7,0
202041359349303969,841383926,0,-,-
202010499349300631,452926542,0,-,-
201931349349303023,010211497,1,8,1
202040939349300614,420680400,1,-,-
201901309349303300,420680387,1,5,0
202001399349300120,390806261,true,140,5
201943089349300969,020309681,true,-,-
201901309349303465,041081650,true,1,1
202021969349305657,160743209,true,-,-
202041989349301289,150532239,1,1,0
202040379349301654,930386839,1,-,-
202001979349303010,620511454,1,-,-
201931349349305608,430743910,1,-,-
202011969349305211,930398802,true,0,0
202041959349303504,135562308,1,17,1
202000909349300820,270869586,1,-,-
202031979349305453,510064335,0,-,-
202031979349306413,160743996,1,-,-
202021649349301672,208371402,1,-,-
202021959349302252,251698677,1,-,-
201933179349303313,381619831,true,-,-
202041979349304744,510305893,1,5,0
202030859349300133,570324906,1,-,-
202031369349303453,350868188,true,234,13
202001419349301235,111797182,1,-,-
202031059349301903,951684793,1,-,-
202030919349300118,470376551,1,-,-
202021919349302757,741109641,true,-,-
202001339349302510,941358307,1,-,-
202041349349302854,231352635,1,5,1
202021919349302017,560529933,1,-,-
202030629349301033,264360361,0,-,-
202011959349302526,341695897,true,-,-
202030719349300213,060646829,true,-,-
201942979349300724,350869063,1,-,-
202042039349300854,480554341,1,-,-
202021369349300122,310536640,1,-,-
202021619349301317,751596658,1,1,2
202040299349301204,420680466,1,-,-
202001349349302850,383071514,1,99,0
202021339349301337,231177930,1,-,-
202001339349302650,760196908,1,-,-
202041369349301804,132676570,true,1,0
202041289349301719,430655867,true,-,-
202030839349300408,160759798,1,-,-
202040909349301109,364682140,1,-,-
202020569349301472,410747165,1,-,-
202031309349300108,237225104,1,-,-
202011709349301801,361408475,true,53,2
202031939349300723,231352689,1,-,-
202001089349300505,141468399,true,-,-
202000569349300100,431007642,1,-,-
202041199349300124,240795445,true,30,-
202040539349300719,420686467,1,-,-
201921789349300112,446000294,true,-,-
201943059349300819,750959996,true,0,0
202001359349304055,620550981,true,-,-
202000699349300920,160743140,true,13,6
202001839349302160,446000294,true,-,-
202021549349301942,741613878,true,1,0
202021349349300332,230973290,1,-,-
202021349349300407,453656162,1,1,0
202021209349301532,141338371,1,-,-
202041339349302504,580566205,true,-,-
202021839349301637,410684657,1,-,-
202031979349307063,430653611,true,289,44
202040509349300019,042002060,1,-,-
202041959349303829,430694556,1,-,-
202021209349301592,250964126,1,-,-
202021629349301692,310536647,-,-,-
202031049349300833,570474291,1,-,-
202031619349301713,240795686,1,2,0
202010849349300101,610444708,1,-,-
202020229349301407,480914282,0,-,-
202021969349302687,340714777,1,-,-
202031359349303738,840404231,1,2,0
202041959349302944,010212542,1,1,0
202012139349300416,042152671,1,-,-
202031909349300538,340733165,1,-,-
202021199349301122,540505922,1,1,0
202041339349302559,410693970,true,4,0
202031209349300228,231543518,1,-,-
202010939349300011,591407629,false,-,-
202011299349301766,340714629,true,-,-
201913549349301036,362581098,1,-,-
202041429349300104,452104341,true,1,-
202000599349300830,610444650,true,42,-
202011959349302536,570705675,1,1,-
202001959349303965,421315493,true,6,-
202000569349300235,231352692,1,-,-
202020239349300412,231608264,1,-,-
202041559349301219,042463847,1,-,-
202030229349300018,560686603,1,-,-
202000929349300905,042199867,true,6,1
202020879349300512,390826049,1,-,-
202020879349300832,570933257,1,1,0
202030929349300223,756001300,1,-,-
202041269349300509,470376525,true,-,-
202021359349302647,952798775,1,-,-
202001989349300500,560547478,true,-,-
202030179349300723,540505892,1,-,-
202011069349300636,560529982,1,-,-
202030629349300738,237213309,true,10,-
202001959349300715,231352294,true,-,-
202001179349300200,042225850,1,-,-
202011919349300441,440617326,true,-,-
201913519349301006,233102135,true,-,-
202040509349300304,620544854,1,-,-
201943119349303019,930391547,1,-,-
202011399349300021,250496976,1,2,-
202021969349302647,951890710,1,-,-
202011329349300901,231657958,1,-,-
202001359349303420,340737794,true,-,-
202001359349303250,250717890,1,1,0
202032029349300203,371332634,0,-,-
202031319349300503,350868127,1,1,0
202011329349302126,941156646,1,-,-
202030579349300038,420680460,1,-,-
202001359349300800,560543261,1,-,-
202001329349302540,210634981,true,-,-
202030979349300118,340714687,true,-,-
201923199349310042,930433696,1,0,0
201923139349300707,420681049,1,-,-
202001639349300110,640303093,true,-,-
202011059349300821,741109633,true,-,-
202031189349300903,770342669,1,-,-
202031699349301908,550357021,1,-,-
202041219349301644,470491571,true,-,-
202031429349300508,231484178,1,5,0
202040429349300919,750950119,true,0,0
202041209349301534,370661496,1,-,-
202021509349300122,366112087,true,5,0
202021509349300132,730587210,1,1,-
202021399349301232,314421101,1,-,-
202031329349301208,911849962,1,-,1
202041899349301719,750859801,1,-,-
202001679349301450,370661228,1,-,-
202011969349300606,340714689,1,-,-
202011969349300806,560767736,1,-,-
202031539349300028,150543659,true,3,-
202031059349301343,620465076,true,-,-
202000419349300420,741109748,1,-,-
202000419349300535,042596491,1,-,-
202031009349301103,480730814,1,-,-
202021399349301552,381374230,1,2,0
202041359349300629,580566199,1,-,-
202021369349304527,581216007,true,-,-
202021369349304727,133643485,1,-,-
202021969349302592,340946903,1,2,0
202011709349301401,440545280,true,7,2
202031979349302288,530196640,1,-,-
202001819349300100,620479542,false,-,-
202011359349304156,200363127,true,-,-
202011119349301656,237013253,true,-,-
202040439349300224,580568687,1,-,-
202001909349300440,952544535,1,-,-
202031369349303093,580566133,1,-,-
202001129349301550,590722789,1,-,-
202011059349301501,370681530,1,-,-
202000609349300500,850297355,true,-,-
202021679349301407,820200906,1,-,-
202021149349300817,231352654,1,-,-
202031299349301698,410518750,1,3,0
202021509349301027,480577656,1,-,-
202031259349300928,111733439,true,-,-
202031189349301113,480556716,true,-,-
202041619349301324,430719506,1,1,0
202041069349300109,942155109,1,-,-
202041069349300219,042108346,0,-,-
202020499349301762,880435559,1,-,-
202000789349301225,930386908,1,-,-
202000789349301305,231352620,1,-,-
202031369349304568,131967321,1,-,-
202030299349300713,930401259,1,1,0
202011059349300936,362167770,true,-,-
202042099349300129,810420980,true,0,0
201913189349305946,591298070,0,-,-
201943199349309934,390806297,1,1,0
202021769349301967,270716971,1,-,-
202011059349302006,362722198,true,-,-
202021049349300752,350868096,true,-,-
202011359349300001,550665758,1,91,8
202011369349304416,362167842,1,-,-
202011369349304441,951664100,1,-,-
202040319349300909,340877803,true,-,-
202021479349300512,344431169,true,-,-
202021969349302772,042104329,1,-,-
202010809349300931,850271348,1,-,-
202020699349300327,131628149,1,13,0
202041089349300129,951643389,1,-,-
202031329349302513,251114320,1,-,-
202021479349300707,620479189,false,-,-
202041069349300829,341018992,true,-,-
202041069349301114,042103545,true,6,0
201943189349314904,942992642,true,-,-
201903189349310185,810994377,1,-,-
202030659349301558,390821861,1,-,-
202021479349300137,314379537,1,-,-
202031639349300323,046130872,1,-,-
202041069349301434,590624440,true,0,0
202031369349304913,900171867,1,1,-
202001049349300960,951921340,1,-,-
202001079349300930,541061178,1,1,0
202020769349300012,020263136,1,-,-
202021369349301537,221494434,true,6,1
202011369349303686,042103547,true,193,48
202031969349301103,516000297,true,89,-
202001579349300605,480623882,true,-,-
202001579349300725,310537516,1,11,1
202031019349300518,131740285,true,0,0
202031019349301318,231413680,1,1,0
202041489349300984,860294012,1,-,-
202021549349300417,231352354,1,2,0
202041029349301104,361521940,1,-,-
202011839349300011,580619030,1,-,-
202031349349301523,150532082,true,243,22
202011369349301941,350868073,1,1,0
202000769349301370,952113260,1,-,-
202001329349303050,710239576,1,-,-
202000809349301200,370661494,1,-,-
202001329349301755,314379515,true,-,-
202001339349302815,251024358,1,1,0
202000509349300730,390806154,1,-,-
201903019349301250,570314415,1,-,-
202041819349300619,131967322,true,-,-
202011059349301801,240795495,1,1,0
202020839349300142,570314374,1,1,0
202020839349300307,340714681,true,2,-
202001359349304415,310536715,true,15,0
201913189349314246,822571598,true,-,-
202000879349300630,570329786,true,-,-
202011959349302221,520591691,true,-,-
202011959349302226,362182171,true,26,0
202011539349301856,952415066,1,-,-
202041299349300314,208765327,true,-,-
202011059349301951,250981156,1,1,0
202021439349300472,452880238,true,-,-
201923189349314362,263162145,true,8,-
202042129349300209,237242844,1,-,-
202040769349301389,350868158,true,-,-
202000349349300770,410970173,1,-,-
202000349349300790,560554199,1,-,-
202000249349300400,310840764,1,-,-
202030589349300823,560530003,true,-,-
202030949349300023,351087173,1,-,-
202041339349303014,203823825,-,-,-
202010589349300411,237373765,1,-,-
202011279349301111,240795460,1,-,-
202001359349303465,560529988,true,-,-
202031979349302188,131624225,true,5,0
202031359349301613,131740451,true,12,-
202001959349300610,231352651,true,66,8
202010999349300801,251120678,1,1,0
202040789349301129,203469787,true,-,-
202000819349300210,620475751,1,-,-
201903199349310165,391620530,1,-,-
202041009349300024,750827465,true,0,1
202040519349301014,263586792,1,-,-
202020449349300947,460224589,true,-,-
201933169349306348,460515673,false,-,-
201923159349301657,640303094,false,1,0
202011299349301031,352158366,true,-,-
202010989349301321,620518288,1,-,-
202011329349301411,431633187,1,-,-
202010949349300021,750983821,1,-,-
202011359349301721,480543715,false,-,-
202030439349301143,430610813,1,-,-
202011549349301706,030179593,1,-,-
202011009349300821,240795506,1,-,-
202031069349301408,951643334,true,2,0
202040239349301019,233069199,1,-,-
202031359349301583,741233796,1,-,-
202030719349301423,610448560,1,-,-
202032479349300418,810378823,1,-,-
202010709349300641,370661217,1,-,-
202030739349301458,640428676,true,-,-
201943409349300624,462711511,1,-,-
201933539349300208,350868181,1,-,-
202000559349301750,314379584,true,-,-
202040499349301414,910473310,1,-,-
202041899349300024,060646959,true,1,0
202001709349301700,841029228,1,-,-
201933509349301023,344430762,false,-,-
202030939349301133,560532297,1,-,-
202001979349303335,630288870,true,-,-
201923189349314787,367468174,false,-,-
202031369349304543,941581707,1,-,-
202001289349301325,382410852,1,-,-
202011339349303066,911036794,1,-,-
202001009349300310,953156658,true,0,1
201913299349300926,386080947,1,-,-
202011049349300861,362167804,true,-,-
202000519349300035,231365953,1,-,-
202040449349301484,846024048,0,-,-
202042109349300839,860702049,1,-,-
202031329349300433,042103585,1,-,-
202010349349300346,750855633,1,-,-
201933199349305448,351148835,1,-,-
202031839349301128,362387148,true,-,-
202031829349300028,221912028,1,-,-
202031619349301013,340801310,1,1,-
202001369349304315,010215213,true,3,-
202031059349300843,591237047,true,-,-
202021349349303717,132981115,1,-,-
202031689349301718,061519057,1,3,0
202020219349300817,840442429,true,-,-
202041929349302924,610458355,1,-,-
202011009349301306,160743150,1,-,-
202001709349301705,660362666,true,-,-
202031969349305463,340714334,1,-,-
202041009349301404,420707114,1,-,-
202011359349301641,560532144,1,-,-
202021959349303987,941156365,true,103,-
202031829349300348,941021164,1,-,-
202011359349304471,314379560,true,-,-
202041209349300324,941312349,1,-,-
201923199349304052,470724387,1,1,-
201923109349301637,550357056,0,-,-
202040789349301124,620599339,1,-,-
202020739349300307,480547846,true,-,-
202001979349306785,860186050,1,-,-
202001969349305225,741180151,1,-,-
202040979349301034,410969244,true,1,-
201943199349306079,912132082,false,-,-
201903179349303985,273339369,1,-,-
201943199349311444,350868095,true,-,-
202021369349300807,231522643,1,-,-
202001759349300205,461192687,1,24,-
202021189349300922,841123408,1,1,0
201913199349316211,770495799,true,1,0
201923059349302162,486106237,1,2,-
202040789349300904,420680332,true,-,-
202021369349300737,586044761,1,-,-
202031639349300628,010211497,1,9,2
201923189349312277,390978445,1,-,-
201913199349302586,362167792,true,0,0
202011359349304001,520595110,1,421,342
201913499349300001,460623034,true,-,-
201903519349300310,370661231,true,-,-
201923299349300042,640329300,1,-,-
201903119349302325,941570130,1,1,0
201943129349301834,522242995,1,-,-
201923099349302567,820309302,1,-,-
201923099349301117,710887547,1,1,1
202001969349302050,060662150,1,-,-
201913479349300606,131662715,1,-,-
201932819349300503,020344073,1,-,-
201913169349304336,221508627,true,-,-
202000709349301200,410795255,1,-,-
202040789349300534,930386839,1,-,-
202030949349301103,550370901,1,-,-
202001209349300120,390806202,1,-,-
201923179349303092,060647016,0,-,-
201923369349300702,580644897,1,-,-
202000709349301100,410693977,1,-,-
202021959349304412,130429660,1,-,-
201913199349311076,941279803,1,2,0
201903189349314195,480851998,true,-,-
201913509349300321,237410494,0,-,-
201933409349300203,560530251,1,-,-
201933179349304138,341726619,true,-,-
201903199349307550,470377991,1,-,-
202031969349302168,952111210,1,-,-
202040799349300734,930386972,1,-,-
202022259349301027,951643307,true,2,0
202041309349300614,363377698,true,-,-
201943189349300649,237065664,false,-,-
201933199349307808,410789397,true,-,-
201933479349300223,410693968,1,-,-
202030739349301148,362515281,true,-,-
201933369349300113,362310478,true,-,-
202010349349300306,042104778,1,-,-
202001969349301780,942382546,1,-,-
201943179349307749,237065664,true,1,0
201943459349300644,370706154,1,-,-
201903089349301925,350886846,1,-,-
201903199349312110,274967732,true,39,0
201943089349302289,611124267,true,0,0
202000639349301000,521859814,1,-,-
202031349349302528,221500483,1,-,-
202011359349301341,020223339,1,-,-
201923199349318377,263453472,true,-,-
202000639349300045,510175975,true,-,-
202000989349300110,480543728,true,-,-
201903159349303625,350885591,true,6,-
202000699349300615,410695509,1,-,-
202000699349300625,362170136,true,-,-
201943189349313214,208651702,false,0,0
202040769349301009,810588012,true,2,0
202020639349301017,941585735,1,-,-
202010709349300021,362166964,true,2,0
202020999349300507,250965212,1,1,0
201943189349310359,570341191,true,-,-
202042279349300424,621599670,1,1,0
201943199349311814,116039909,1,1,-
201923159349301097,480543766,true,-,-
201942809349301004,161476258,1,-,-
202021489349300612,362169157,true,-,-
202031929349300133,030179403,true,2,0
202011489349300631,042103567,true,2,-
202040659349300404,751081109,true,1,-
201913189349305966,430471057,true,-,-
202000149349301800,391201561,1,-,-
201902839349300530,362170999,1,-,-
202001219349301015,362167855,1,-,-
202021489349301322,540575812,1,-,-
202021489349301417,160743900,1,-,-
201903379349300020,610492351,true,-,-
201921799349300037,111630741,true,-,-
202030789349300408,430356250,true,1,1
202020579349301312,420680408,1,-,-
201943199349318704,330611334,false,1,0
201912879349300606,570650419,0,-,-
202031929349301818,951916051,1,-,-
202040919349300639,741143128,true,-,-
202040999349300414,250965430,1,1,1
202000149349301415,476025325,1,-,-
202040999349300019,150543658,1,-,-
202040659349300419,236050131,1,-,-
202031929349300248,381550064,1,-,-
202001009349300900,240795441,1,-,-
202021499349301552,237275328,false,0,0
202011479349301711,560547511,1,-,-
201903199349310155,421351526,1,-,-
202010659349300601,540524516,1,-,-
202040919349300614,620483210,0,-,-
202001969349302750,131624238,1,3,-
201933229349300443,480548361,1,-,-
201923199349305157,470418641,1,-,-
202011009349300441,111630830,true,-,-
202031129349301143,596155069,1,-,-
202031129349301148,592961536,1,-,-
202031089349301403,430652649,1,-,-
202022269349302262,475148345,true,-,-
201913209349300606,954457666,false,0,0
201943199349316564,650216638,true,-,-
202041979349307874,942514843,false,-,-
202031369349302408,540505977,true,3,0
202001979349308040,620202000,1,-,-
202001339349301925,344428219,true,-,-
202031369349301838,610470593,1,1,-
202021959349300802,240772407,true,3,0
202041479349300509,020223955,1,-,-
202030769349300133,362177133,1,-,-
202010649349300911,580593438,true,-,-
202001969349303630,310707369,1,-,-
202031929349301518,362167854,true,-,-
202031929349301603,362177139,1,-,-
202001359349302290,930391563,1,-,-
202001359349302825,131099420,true,17,-
202001359349302845,560594591,true,-,-
202040719349300714,340714670,1,-,-
202001989349300335,823228207,true,-,-
202000459349301925,990255042,1,-,-
202010299349300241,510179259,1,-,-
202001359349300230,042103544,true,-,-
202040599349300514,056015988,1,-,-
202001359349303745,941156617,1,13,0
202011959349302321,201304472,1,2,-
202011479349300971,480543729,true,-,-
202011329349301101,240804602,1,-,-
202031329349300428,580568698,1,-,-
202040499349300509,620488046,1,-,-
202042309349300944,364619621,1,46,0
202020159349300252,231424055,1,-,-
202032069349300713,030214106,true,0,0
