object_id,ein,TxExmptBndsArbtrg_BndRfrncCd,TxExmptBndsArbtrg_Frm8038TFldInd,TxExmptBndsArbtrg_RbtNtDYtInd,TxExmptBndsArbtrg_ExcptnTRbtInd,TxExmptBndsArbtrg_NRbtDInd,TxExmptBndsArbtrg_VrblRtIssInd,TxExmptBndsArbtrg_HdgIdntfdInBksAndRcInd,TxExmptBndsArbtrg_GrssPrcdsInvstdInGICInd,TxExmptBndsArbtrg_GrssPrcdsInvstdInd,TxExmptBndsArbtrg_WrttnPrcTMntrRqsInd
201912889349300246,344429091,A,false,true,true,false,0,false,0,false,false
201912889349300246,344429091,B,false,true,true,false,0,false,0,false,false
201912849349301461,480543782,A,0,0,0,0,0,0,0,0,0
201913519349300816,750827421,A,true,false,false,false,true,false,true
201913519349300816,750827421,B,true,false,false,false,true,false,true
202020979349300507,221487354,A,false,true,false,false,false,false,0,false,0,false,true
202020979349300507,221487354,B,false,true,false,false,false,false,0,false,0,false,true
202020979349300507,221487354,C,false,true,false,false,false,false,0,false,0,false,true
202020979349300507,221487354,D,false,true,false,false,false,false,0,false,0,false,true
202041979349305184,042103542,IRS990ScheduleK,A,false,false,false,true,true,false,0,false,0,false,true
202041979349305184,042103542,IRS990ScheduleK,B,false,false,false,true,true,true,BOFA MERRILL LYNCH,30.42,true,false,false,0,false,true
202041979349305184,042103542,IRS990ScheduleK,C,false,false,false,true,true,false,0,false,0,false,true
202041979349305184,042103542,IRS990ScheduleK,D,false,false,false,true,true,true,BOFA MERRILL LYNCH,23.42,true,false,false,0,true,true
202041979349307414,951664112,IRS990ScheduleK,A,false,false,false,true,false,false,0,true,AIG,0.038,true,true,true
202041979349307414,951664112,IRS990ScheduleK,B,true,false,false,0,true,FSA,0.032,true,false,true
202041979349307414,951664112,IRS990ScheduleK,C,false,false,false,true,false,false,0,false,0,false,true
202041979349307414,951664112,IRS990ScheduleK,D,false,false,true,false,false,false,0,false,0,false,true
202031969349302723,580603153,A,0,0,0,0,0,0,0,0,0
202021929349302767,820200907,A,0,1,0,0,0,0,0,0,0
201912849349300401,381443369,A,false,true,true,false,false,false,true
202041069349300824,160743040,A,false,false,true,false,true,true,RBC CAPITAL MARKETS,30.,true,false,false,0,false,true
202041069349300824,160743040,B,false,false,true,false,false,false,0,false,0,false,true
202041069349300824,160743040,C,false,false,false,true,false,false,0,false,0,false,true
202020699349301007,042111203,A,0,0,1,1,1,1,Barclay's,30,0,0,0,0,0
202020699349301007,042111203,B,0,1,0,1,0,0,0,0,0
202020699349301007,042111203,C,0,1,0,1,0,0,0,0,0
202020319349300222,620485733,A,0,0,0,1,0,0,0,0,1
202020319349300222,620485733,B,0,0,0,1,0,0,0,0,1
202020319349300222,620485733,C,0,0,0,1,0,0,0,0,1
202011689349300911,630312914,IRS990ScheduleK1,A,false,false,true,false,true,false,false,false,true
202011689349300911,630312914,IRS990ScheduleK1,B,false,false,true,false,true,false,false,false,true
202011689349300911,630312914,IRS990ScheduleK1,C,false,false,true,false,false,false,false,false,true
202011689349300911,630312914,IRS990ScheduleK1,D,false,false,true,false,true,false,false,false,true
202001149349301525,951641455,A,0,0,0,1,0,0,0,0,1
202000799349300935,520705392,A,false,false,false,true,true,true,BANK OF AMERPNC,20.,false,false,false,0,false,true
202010569349300701,560657294,A,0,0,1,1,0,0,0,0,0
202010569349300701,560657294,B,0,0,1,0,1,1,BANK OF AMERICA &,SUNTRUST,0,0,0,0,0
201913119349301796,810231774,A,0,0,0,0,0,0,0,0
201913119349301796,810231774,B,0,0,0,0,0,0,0,0
201913119349301796,810231774,C,0,0,0,0,0,0,0,0
202041369349305314,951664123,A,0,1,0,0,0,0,0,0,1
202040949349300014,560556753,A,1,1,1,SUN TRUST,10.000000000000,0,0,0,0,0
202040949349300014,560556753,B,1,1,1,SUN TRUST,10.000000000000,0,0,0,0,0
202000379349300105,131624158,RetDoc1053100001,A,0,0,1,1,1,0,0,0,1
202000379349300105,131624158,RetDoc1053100001,B,0,0,1,1,0,0,0,0,1
202000379349300105,131624158,RetDoc1053100001,C,0,0,0,1,0,0,0,1,1
202000379349300105,131624158,RetDoc1053100001,D,0,0,0,1,0,0,0,1,1
202010919349301701,952962604,A,0,1,0,0,0,0,0,0,1
202021399349300237,540573801,A,0,1,0,0,0,0,0,0,1
202021399349300237,540573801,B,0,1,0,0,0,0,0,0,1
202011899349301786,050312747,A,0,0,0,0,1,1,MERRILL LYNCH,CAPITAL,16.000000000000,1,0,0,0,1
202011899349301786,050312747,B,0,0,0,0,0,0,0,0,1
202011899349301786,050312747,C,0,0,0,0,0,0,0,0,1
202021489349300987,420703280,A,0,0,1,1,1,0,0,0,1
202021489349300987,420703280,B,0,0,1,1,0,0,0,0,1
202010729349300726,840402707,A,false,false,false,true,false,false,0,false,0,false,true
202041419349301764,941156566,A,false,true,false,false,false,false,false,false,true
202031369349303828,020274509,A,false,false,false,true,false,false,0,false,0,true,true
202031369349303828,020274509,B,false,false,false,true,true,false,0,false,0,false,true
202031369349303828,020274509,C,false,true,false,false,false,false,0,false,0,false,true
202031369349303828,020274509,D,false,true,false,false,false,false,0,false,0,false,true
202040839349300359,410694747,A,0,0,1,0,1,1,MORGAN STANLEY,CAPITAL,7.000000000000,0,0,0,0,1
202040839349300359,410694747,B,0,0,1,1,0,0,0,0,1
202041359349301949,591023117,A,false,false,true,false,false,false,false,false,true
202041359349301949,591023117,B,false,true,false,false,true,false,false,false,true
202041359349301949,591023117,C,false,true,false,false,true,false,false,false,true
202041359349301949,591023117,D,false,true,false,false,true,false,false,false,true
201933129349301853,042104451,A,0,0,0,1,0,0,0,0,0
202011919349301236,131624067,A,false,false,false,true,false,false,0,false,0,false,false
202011919349301236,131624067,B,false,false,false,true,true,false,0,false,0,false,false
202011919349301236,131624067,C,false,false,false,true,true,false,0,false,0,false,false
202011919349301236,131624067,D,false,false,false,true,false,false,0,false,0,false,false
202041979349301854,210634501,IRS990ScheduleK1,A,false,false,true,false,false,false,false,false,true
202041979349301854,210634501,IRS990ScheduleK1,B,false,false,true,false,false,false,false,false,true
202041979349301854,210634501,IRS990ScheduleK1,C,false,false,true,false,false,false,false,false,true
202041979349301854,210634501,IRS990ScheduleK1,D,false,false,true,false,false,false,false,false,true
202041979349307089,370661219,A,0,1,0,0,0,0,0,0,1
202041979349307089,370661219,B,0,1,0,0,0,0,0,0,1
202010499349300046,381359083,A,false,false,false,false,false,false,false,false,true
202010499349300046,381359083,B,false,false,false,false,false,false,false,false,true
202001369349301620,330413730,A,false,false,false,false,true,true,WELLS FARGO BANK,10.,false,false,0,false,false
202001369349301620,330413730,B,false,false,false,false,true,true,WELLS FARGO BANK,10.,false,false,0,false,false
202021409349300347,362181973,A,false,true,false,false,true,false,false,false,true
202030159349300018,420698196,A,0,0,0,0,0,0,0,0,1
201903179349302475,160743126,A,false,false,false,false,true,false,0,false,0,false,false
201913129349302851,541863192,RetDoc1053100001,A,0,0,0,0,1,0,0,0,1
201913129349302851,541863192,RetDoc1053100001,B,0,0,0,0,0,0,0,0,1
201913129349302851,541863192,RetDoc1053100001,C,0,0,0,0,0,0,0,0,1
201913129349302851,541863192,RetDoc1053100001,D,0,0,0,0,0,0,0,0,1
202021959349303612,050258810,A,false,false,false,true,true,true,WELL FARGOBARLAYS,26.5,false,false,false,0,false,true
202021959349303612,050258810,B,false,false,false,true,false,false,0,false,0,false,true
202021959349303612,050258810,C,false,false,false,true,false,false,0,false,0,false,true
202001919349303150,951644048,A,true,true,15.0000,false,false,false,false,true
202001949349300600,610444763,A,0,0,0,0,0,0,0,0,0
202001949349300600,610444763,B,0,0,0,0,0,0,0,0,0
202020289349301607,596046500,A,false,false,false,true,false,false,false,false,true
202000079349302115,131916574,A,0,0,0,1,0,0,0,0,1
202020599349301402,956001907,A,0,0,0,0,1,1,US Bank National,Association,0,0,0,0,1
202001089349301300,741109631,A,false,true,false,false,false,false,0,false,0,false,true
202001429349300900,440545813,A,0,0,0,0,0,0,0,0,0
202001429349300900,440545813,B,0,0,0,0,1,1,WELLS FARGO,21.000000000000,0,0,0,0,0
202001429349300900,440545813,C,0,0,0,0,1,0,0,0,0
202040599349301229,231501197,A,false,false,false,false,false,false,false,false,true
202040599349301229,231501197,B,false,false,false,false,false,false,false,false,true
202040599349301229,231501197,C,false,false,false,false,false,false,false,false,true
202040599349301229,231501197,D,false,false,false,false,false,false,false,false,true
202031689349300528,362593545,A,false,false,true,true,true,true,The Northern Trust,20.4,false,false,false,false,false
202000769349300545,350867954,A,0,1,0,0,0,0,0,0,1
202000769349300545,350867954,B,0,1,0,0,0,0,0,0,1
202010219349301106,620502739,RetDoc1053100001,A,0,0,1,0,1,1,BB&T,9.500000000000,1,0,0,0,0
202010219349301106,620502739,RetDoc1053100001,B,0,0,1,0,1,1,0,0,0,0,0
202010219349301106,620502739,RetDoc1053100001,C,0,0,1,0,1,0,0,0,0
202010219349301106,620502739,RetDoc1053100001,D,0,0,1,0,0,0,0,0,0
202030429349300313,741400699,A,0,0,0,1,1,0,0,0
201933179349304883,420730347,A,0,0,1,1,1,0,0,0,1
202030489349300103,620535755,A,0,0,0,0,0,0,0,0,1
202030489349300103,620535755,B,0,0,0,0,0,0,0,0,1
202020139349300717,381369604,A,0,0,1,0,1,1,PNC BANK,7,0,0,0,0,1
202020139349300717,381369604,B,0,0,0,0,1,1,PNC BANK,SOUTHFIELD MI,7,0,0,0,0,1
202020139349300717,381369604,C,0,0,0,0,0,1,PNC BANK,7,0,0,0,0,1
202011059349300036,160755807,A,0,0,0,1,0,0,0,0,0
202011059349300036,160755807,B,0,0,0,1,0,0,0,0,0
202001259349300000,953127273,A,false,false,false,true,true,true,WELLS FARGO BANK,31.6,true,false,false,0,false,true
202001699349301000,390980974,A,1,1,0,0,0,0
202041609349301424,340714363,A,0,0,0,1,0,0,0,0,1
202041609349301424,340714363,B,0,1,0,0,0,0,0,0,1
202041609349301424,340714363,C,0,1,0,0,1,0,0,0,1
202041609349301424,340714363,D,0,1,0,0,0,0,0,0,1
202000339349300250,237032625,A,false,false,false,false,false,false,false,false,false
202000339349300250,237032625,B,false,false,false,false,false,false,false,false,false
202041609349301094,590949880,A,0,0,0,0,0,0,0,0,0
202020509349300927,390808497,A,0,1,0,0,1,0,CHASE BANK,21.980000000000,0,0,0,0,1
202020509349300927,390808497,B,0,1,0,0,0,1,0,0,0,0,1
202031479349301053,362167773,A,false,false,true,true,false,false,0,false,0,true,true
202031479349301053,362167773,B,false,false,true,true,true,false,0,false,0,false,true
202031479349301053,362167773,C,false,true,true,false,true,false,0,false,0,false,true
202010429349300541,231352664,A,0,0,1,0,0,0,0,1,1
202010429349300541,231352664,B,0,0,1,0,1,0,0,0,1
202011269349302156,480547702,A,false,true,false,false,false,false,0,false,0,false,true
202010989349300831,930386858,A,0,0,0,1,0,0,0,0,1
202011369349303671,020222182,A,true,false,false,0,false,0,false,true
202011369349303671,020222182,B,false,true,false,false,false,false,0,false,0,false,true
202011369349303671,020222182,C,false,true,false,false,false,false,0,false,0,false,true
202011369349303706,141338580,A,false,false,false,true,false,false,0,false,0,false,true
202011369349303706,141338580,B,false,false,false,true,false,false,0,false,0,true,true
202021049349300412,237223216,A,false,false,false,true,false,false,0,false,0,false,true
202021049349300412,237223216,B,false,false,false,true,false,false,0,false,0,false,true
202040849349300734,410695524,A,0,0,0,1,0,0,0,0,1
202040849349300734,410695524,B,0,1,0,0,0,0,1,Bayern LB New York,1.4,1,0,1
202031929349302573,041591060,A,0,0,1,0,0,0,0,0,1
202021899349300727,042103558,A,false,false,true,false,true,true,Bank of America LLC,28.3,false,false,false,0,false,true
202021899349300727,042103558,B,false,true,false,false,false,false,0,false,0,false,true
202021899349300727,042103558,C,false,false,true,false,false,false,0,false,0,false,true
202021899349300727,042103558,D,false,false,true,false,false,false,0,false,0,false,true
202021959349301617,560529999,A,0,0,1,0,0,0,0,0,0
202021959349301617,560529999,B,0,0,0,1,0,0,0,0,0
202021959349301617,560529999,C,0,1,0,0,1,0,0,0,0
201943469349300829,911838771,A,0,0,0,1,0,0,0,0,0
202030289349301768,420681046,A,0,0,1,0,1,1,US BANK,7.000000000000,0,0,0,0,0
202030289349301768,420681046,B,0,0,1,0,0,0,USBANK,7.000000000000,0,0,0,0,0
202031479349300958,050258956,A,0,0,1,0,1,1,BARCLAYS,25.500000000000,0,0,0,0,1
202031479349300958,050258956,B,0,0,1,0,0,0,0,0,1
202031479349300958,050258956,C,0,0,1,0,0,0,0,0,1
202031479349300958,050258956,D,0,0,1,0,1,0,0,0,1
202010209349300716,750851900,A,0,0,1,1,1,0,0,0,1
202010209349300716,750851900,B,0,0,1,1,1,0,0,0,1
202010209349300716,750851900,C,0,0,1,1,1,0,0,0,1
201903509349300530,350845258,A,true,false,false,0,false,0,false,true
202041489349300644,237424429,A,0,0,0,0,0,0,0,0,0
202001969349302350,030179414,A,false,true,false,false,false,false,false,false,false
202030559349300523,930461940,A,0,0,0,0,0,0,0,0,1
202030099349300123,344428207,A,false,true,false,false,true,false,0,false,0,false,false
202030099349300123,344428207,B,false,true,false,false,true,false,0,false,0,false,false
202031679349300623,470378777,A,0,0,1,1,0,0,0,0,0
202031679349300623,470378777,B,0,0,0,1,0,0,0,0,0
202031059349300313,590637903,A,0,1,0,0,0,0,0,0,1
202031059349300313,590637903,B,0,0,1,0,1,0,0,0,1
202031059349300313,590637903,C,0,0,1,0,1,0,0,0,1
202031979349304623,570324915,A,0,0,1,0,1,0,0,0,1
202041339349302264,042103638,A,0,0,0,1,0,0,0,0,1
202041339349302344,250969449,RetDoc1053100001,A,0,0,0,1,1,0,0,0,1
202041339349302344,250969449,RetDoc1053100001,B,0,0,0,1,0,0,0,1,1
202041339349302344,250969449,RetDoc1053100001,C,0,1,1,1,0,0,0,0,1
202041339349302344,250969449,RetDoc1053100001,D,0,1,1,1,1,0,0,0,1
202041359349303119,310970262,A,1,0,0,0,0,1
202001929349300200,042105776,A,0,0,0,0,1,1,MORGAN STANLEY,20.000000000000,0,0,0,0,1
202001929349300200,042105776,B,0,0,0,0,0,0,0,0,1
202001929349300200,042105776,C,0,0,0,0,0,0,0,0,1
202011369349303121,952261113,A,0,0,1,0,0,0,0,0,1
202011369349303121,952261113,B,0,1,0,0,0,0,0,0,1
202030879349300438,430653369,IRS990ScheduleK,A,false,true,false,false,false,false,0,false,0,false,true
202030879349300438,430653369,IRS990ScheduleK,B,false,false,false,true,true,true,COMMERCE BANK NA,7.,false,false,false,0,false,false
202030879349300438,430653369,IRS990ScheduleK,C,false,false,false,true,false,false,0,false,0,false,false
202030879349300438,430653369,IRS990ScheduleK,D,false,false,false,true,false,false,0,false,0,false,true
202001199349300140,231352613,RetDoc1053100001,A,0,0,0,1,0,0,0,0,1
202001199349300140,231352613,RetDoc1053100001,B,0,0,0,1,0,0,0,0,1
202001199349300140,231352613,RetDoc1053100001,C,0,1,0,0,1,0,0,0,1
202001199349300140,231352613,RetDoc1053100001,D,0,1,0,0,1,0,0,0,1
202041009349300524,231352652,RetDoc1053100001,A,0,0,1,0,0,0,0,0,1
202041009349300524,231352652,RetDoc1053100001,B,0,1,0,0,0,0,0,0,1
202041009349300524,231352652,RetDoc1053100001,C,0,1,0,0,0,0,0,0,1
202041009349300524,231352652,RetDoc1053100001,D,0,1,0,0,1,0,0,0,1
202010909349301211,042103865,A,0,1,1,0,0,0,0,0,1
202031329349300908,231352683,IRS990ScheduleK,A,false,false,false,true,false,false,0,false,0,false,true
202031329349300908,231352683,IRS990ScheduleK,B,false,false,false,true,false,false,0,false,0,false,true
202031329349300908,231352683,IRS990ScheduleK,C,false,true,false,true,false,false,0,false,0,false,true
202031329349300908,231352683,IRS990ScheduleK,D,false,false,false,true,false,false,0,false,0,false,true
202011069349300716,411607453,A,0,0,0,1,0,0,0,0,1
202011069349300716,411607453,B,0,0,0,1,0,0,0,0,1
202011069349301111,231352615,RetDoc1053100001,A,0,0,1,1,1,0,0,0,1
202011069349301111,231352615,RetDoc1053100001,B,0,0,1,1,1,0,0,0,1
202011069349301111,231352615,RetDoc1053100001,C,0,0,1,1,1,0,0,0,1
202011069349301111,231352615,RetDoc1053100001,D,0,0,1,1,1,0,0,0,1
202001289349301475,350869045,IRS990ScheduleK1,A,false,false,true,false,false,false,false,false,true
202001289349301475,350869045,IRS990ScheduleK1,B,false,false,true,false,true,false,false,false,true
202001289349301475,350869045,IRS990ScheduleK1,C,false,false,true,false,true,false,false,false,true
202001289349301475,350869045,IRS990ScheduleK1,D,false,true,false,false,true,false,false,false,true
202041979349304394,240795453,A,0,0,1,0,0,0,0,0,0
202011909349301116,470405319,A,0,1,0,0,1,0,0,0,1
202020999349300017,410693979,A,0,1,0,0,0,0,0,0,1
202020999349300017,410693979,B,0,1,0,0,0,0,0,0,1
202020999349300017,410693979,C,0,0,1,0,0,0,0,0,1
202011149349300811,042108376,A,false,true,true,true,false,0,false,0,false,true
202011149349300811,042108376,B,false,true,false,false,0,false,0,false,true
202011149349300811,042108376,C,false,true,false,false,0,false,0,false,true
202021269349302062,540505945,A,0,0,0,1,1,0,0,0,1
202021269349302062,540505945,B,0,0,0,1,1,0,0,0,1
202031119349301618,956151774,A,0,1,0,0,1,1,MORGAN STANLEY,CAPITAL SERVICES,23.400000000000,0,0,0,0,1
202041009349300444,166031585,A,0,0,1,1,1,0,0,0,0
202041979349301344,135604699,A,false,true,false,false,0,false,0,false,true
202041979349301344,135604699,B,false,true,false,false,0,false,0,false,true
202031429349300148,930386892,A,false,true,false,false,false,false,0,false,0,false,true
202031429349300148,930386892,B,false,true,false,false,false,false,0,false,0,false,true
202031429349300148,930386892,C,false,true,false,false,false,false,0,false,0,false,true
202001349349302790,111630822,A,false,true,false,false,false,false,0,false,0,false,true
202001349349302790,111630822,B,false,true,false,false,false,false,0,false,0,false,true
202031059349300448,010211810,R000011,A,0,0,0,1,0,0,0,0,1
202031059349300448,010211810,R000011,B,0,0,0,1,0,0,0,0,1
202031059349300448,010211810,R000011,C,0,0,0,1,0,0,0,0,1
202031059349300448,010211810,R000011,D,0,0,0,1,0,0,0,0,1
202041329349301204,470376583,A,0,0,1,1,1,0,0,0,1
202041329349301204,470376583,B,0,1,0,0,0,0,0,0,1
202021329349300207,250965591,A,0,0,1,0,1,0,NA,0,0,0,0,1
202021329349300207,250965591,B,0,0,1,0,1,0,NA,0,0,0,0,1
202001419349301100,626001104,A,0,0,0,0,1,1,REGIONS EQUIPMMENT,FINANCE CORPORATION,10.000000000000,0,0,0,NA,0,0
202001419349301100,626001104,B,0,0,0,0,0,0,0,NA,0,0
202031339349301533,231353385,A,0,0,1,0,0,0,0,0,1
202031339349301533,231353385,B,0,0,1,0,0,0,0,0,1
202030369349301408,381627600,A,0,0,0,0,1,0,0,0,1
202030369349301408,381627600,B,0,0,0,0,0,0,0,0,1
201913189349301541,591092732,A,0,0,0,1,1,1,BOAMERRILL LYNCH,14.500000000000,0,0,0,0,0
202000509349300105,150533545,A,false,false,false,false,false,false,false,false,false
202000509349300105,150533545,B,false,false,false,false,false,false,false,false,false
202020519349301127,231409675,A,0,0,0,1,0,0,0,0,1
202020519349301127,231409675,B,0,0,0,1,0,0,0,0,1
202020519349301127,231409675,C,0,1,0,0,1,0,0,0,1
202010509349301301,910564993,A,0,0,0,1,1,1,US BANK,18.000000000000,0,0,0,0,1
202010509349301416,951744369,A,0,0,1,0,1,1,Wells Fargo Bank NA,28.000000000000,1,0,0,0,1
202010509349301416,951744369,B,0,0,1,0,0,0,0,0,1
202020839349300902,160743942,A,0,1,0,0,1,1,M&T TRUST COMPANY,10.000000000000,0,0,0,0,0
202020839349300902,160743942,B,0,1,0,0,1,0,0,0,0
202031979349305813,591146751,A,false,false,false,true,true,false
202040349349300714,480543736,A,false,false,false,false,false,false,false,false,false
202041919349302144,010378758,A,0,0,0,1,0,0,0,0,0
202041919349302144,010378758,B,0,0,0,1,0,0,0,0,0
202041919349302144,010378758,C,0,1,0,0,0,0,0,0,0
202041919349302144,010378758,D,0,1,0,0,1,0,0,0,0
202001269349300545,941156525,A,false,true,false,false,false,false,0,false,0,false,true
202001269349300605,020222120,A,0,0,1,0,0,0,0,0,0
201903189349303545,201612906,A,false,false,false,true,false,false,true,SOCIETEGENERALE,7.000000000000,true,false,true
201903189349303545,201612906,B,false,false,false,true,false,false,true,DEUTSCHE BANK,2.500000000000,true,false,true
201903189349303545,201612906,C,false,true,false,false,false,false,false,false,true
201903189349303545,201612906,D,false,true,false,false,false,false,false,false,false
202001359349302675,042133255,A,0,0,0,1,0,0,0,0,1
202001359349302675,042133255,B,0,0,0,1,0,0,0,0,1
202001359349302675,042133255,C,0,1,0,0,0,0,0,0,1
202010429349300906,391399196,A,0,1,0,0,1,1,JP Morgan Chase,9,0,0,0,0,0
202010429349300906,391399196,B,0,1,0,0,0,0,0,0,0
202010429349300906,391399196,C,0,1,0,0,1,0,0,0,0
202021269349301812,362167725,A,false,false,false,true,false,false,false,false,true
202021269349301812,362167725,B,false,false,false,true,false,false,false,false,true
202021269349301812,362167725,C,false,true,false,false,false,false,false,false,true
202021919349302497,200118161,A,1,0,0,0,0,1
202021919349302497,200118161,B,1,0,0,0,0,1
202041979349304134,570314395,A,true,true,true,WELLS FARGO,20.0,false,false,true,TRINITY PLUS,1.0,true,false,true
202041979349304134,570314395,B,false,false,false,true,false,false,false,false,true
202041979349304134,570314395,C,false,false,false,true,false,false,false,false,true
202020439349300942,222586208,R000009,A,1,1,0,0,0,1
202020439349300942,222586208,R000009,B,1,1,0,0,0,1
202020439349300942,222586208,R000009,C,1,0,0,0,0,1
202020439349300942,222586208,R000009,D,1,1,0,0,0,1
202031769349300203,540534105,A,false,false,true,false,false,false,0,false,0,false,false
202000649349300020,566049935,A,0,1,0,0,0,0,0,0,0
202040589349301414,030482006,RetDoc1053100001,A,1,0,0,0,0,0
202040589349301414,030482006,RetDoc1053100001,B,1,0,0,0,0,0
202040589349301414,030482006,RetDoc1053100001,C,1,0,0,0,0,0
202040589349301414,030482006,RetDoc1053100001,D,1,0,0,0,0,0
202021369349302622,231352655,A,0,1,0,0,0,0,0,0,0
202031819349301908,150532200,A,0,0,0,1,0,0,0,0,1
202031819349301908,150532200,B,0,0,0,1,0,0,0,0,1
202031819349301908,150532200,C,0,0,0,1,0,0,0,0,1
202040739349300039,236002304,A,0,0,0,1,0,0,0,0,1
202040739349300039,236002304,B,0,0,0,1,0,0,0,0,1
202040739349300039,236002304,C,0,0,0,1,1,0,0,0,1
202011069349301646,420931777,RetDoc1053100001,A,0,0,1,1,0,0,0,0,1
202011069349301646,420931777,RetDoc1053100001,B,0,0,0,1,0,0,0,0,1
202011069349301646,420931777,RetDoc1053100001,C,0,0,0,1,0,0,0,0,1
202011069349301646,420931777,RetDoc1053100001,D,0,0,0,1,0,0,0,0,1
202010949349300821,560530242,A,0,1,0,0,0,0,0,0,1
202010949349300821,560530242,B,0,0,1,0,0,0,0,0,1
202031209349300938,221500645,IRS990ScheduleK,A,false,false,false,true,false,false,0,false,0,false,true
202031209349300938,221500645,IRS990ScheduleK,B,false,false,false,true,false,false,0,false,0,false,true
202031209349300938,221500645,IRS990ScheduleK,C,false,false,false,true,false,false,0,false,0,false,true
202031209349300938,221500645,IRS990ScheduleK,D,false,false,false,true,false,false,0,false,0,false,true
202041679349300814,660201206,A,0,1,0,0,0,0,1,Royal Bank of Canada,30,1,0,1
202041679349300814,660201206,B,0,1,0,1,0,0,0,0,1
202001009349300800,160746864,A,0,0,1,1,0,0,0,0,1
202001009349300800,160746864,B,0,0,1,1,0,0,0,0,1
202001009349300800,160746864,C,0,1,0,0,0,0,0,1,1
202020809349300922,350868086,A,false,true,false,false,true,false,false,false,true
202031009349301553,560529940,A,false,true,true,false,false,0,false,0,false,true
202031009349301553,560529940,B,false,true,true,false,false,0,false,0,false,true
202020919349300502,231352641,IRS990ScheduleK,A,false,true,false,false,0,false,0,false,true
202020919349300502,231352641,IRS990ScheduleK,B,false,true,false,false,0,false,0,false,true
202011299349300336,741109620,A,false,false,false,true,false,false,false,true,true
202040919349300834,590624401,A,0,0,0,1,0,0,0,0,1
202040919349300834,590624401,B,0,0,0,1,1,0,0,0,1
202010089349300531,660177776,A,0,0,0,0,0,0,0,0,0
202010089349300531,660177776,B,0,0,0,0,0,0,0,0,0
202010089349300531,660177776,C,0,0,0,0,0,0,0,0,0
202001409349301025,340714600,A,0,1,0,0,1,0,0,0,1
202030769349301568,131740445,A,false,false,false,true,true,false,0,false,0,false,false
202030769349301568,131740445,B,false,false,false,true,false,false,0,false,0,false,false
202000519349300500,930391586,A,false,false,false,true,false,false,0,false,0,true,true
202000519349300500,930391586,B,false,false,false,true,false,false,0,true,MASS MUTUAL FINANCE,25.3,true,false,true
202000219349300920,610444825,R000008,A,0,0,1,1,0,0,0,0,1
202000219349300920,610444825,R000008,B,0,1,1,1,1,0,0,0,1
202000219349300920,610444825,R000008,C,0,1,1,1,1,0,0,0,1
202000219349300920,610444825,R000008,D,0,1,1,1,1,0,0,0,1
202031339349301123,590624364,A,0,0,0,1,1,1,Bank of America,20.000000000000,1,0,0,0,1
202031339349301123,590624364,B,0,0,0,1,0,0,0,0,1
202031339349301123,590624364,C,0,0,0,1,0,0,0,0,1
202000779349301200,042005934,A,0,0,0,0,0,0,0,0,1
202000779349301200,042005934,B,0,0,0,0,0,0,0,0,1
202040909349300604,381358014,A,0,1,0,0,0,0,0,0,1
202040869349300824,010263385,A,0,1,0,0,0,0,0,0,1
202040869349300824,010263385,B,0,1,0,0,0,0,0,0,1
202040869349300824,010263385,C,0,1,0,0,0,0,0,0,1
202040869349300824,010263385,D,0,1,0,0,0,0,0,0,1
202021359349302367,231352661,R000010,A,0,0,1,0,0,0,0,0,1
202021359349302367,231352661,R000010,B,0,0,1,0,1,0,0,0,1
202021359349302367,231352661,R000010,C,0,0,1,0,0,0,0,0,1
202021359349302367,231352661,R000010,D,0,0,1,0,0,0,0,0,1
202030579349300223,440545914,A,false,true,false,false,0,false,0,false,true
202021359349302327,050306206,A,0,0,0,1,0,0,0,0,1
202021359349302327,050306206,B,0,0,0,1,0,0,0,0,1
202021359349302327,050306206,C,0,0,1,0,0,0,0,0,1
202021359349302327,050306206,D,0,0,0,1,0,0,0,0,1
202031069349301118,362515868,A,0,1,0,0,1,0,0,0,1
202011369349302556,231365971,A,false,false,false,true,false,false,false,false,true
202011369349302556,231365971,B,false,false,false,true,false,false,false,false,true
202011369349302556,231365971,C,false,false,false,true,false,false,false,false,true
202011369349302556,231365971,D,false,false,false,true,false,false,false,false,true
202031209349301203,571021641,A,0,1,1,0,0,0,0,0,1
202041979349303804,610444671,IRS990ScheduleK,A,false,false,true,false,false,false,0,0,false,true
202041979349303804,610444671,IRS990ScheduleK,B,false,false,true,false,true,true,SEE ATTACHED,false,false,false,0,false,true
202041979349303834,060646936,A,0,0,1,1,1,0,0,0,1
202041979349303834,060646936,B,0,0,0,1,0,0,0,0,1
202041979349303834,060646936,C,0,0,0,1,0,0,0,0,1
202001329349301800,042321292,A,0,0,1,0,1,0,0,0,0
202031909349302358,620516509,A,false,false,true,false,false,false,false,false,true
202031909349302358,620516509,B,false,false,true,false,true,false,false,false,true
202031909349302358,620516509,C,false,false,true,false,false,false,false,false,true
202040569349300809,410693960,R000011,A,1,0,0,0,0,1
202040569349300809,410693960,R000011,B,0,0,0,0,0,0,0,0,1
202040569349300809,410693960,R000011,C,0,0,1,0,0,0,0,0,1
202040569349300809,410693960,R000011,D,0,0,0,0,0,0,0,0,1
202011899349301686,741554976,A,false,false,true,false,true,false,0,false,0,false,false
202040979349300944,350867977,IRS990ScheduleK,A,true,false,false,0,false,0,true,false
202040979349300944,350867977,IRS990ScheduleK,B,true,false,false,0,false,0,true,false
202040979349300944,350867977,IRS990ScheduleK,C,true,false,false,0,false,0,true,false
202040979349300944,350867977,IRS990ScheduleK,D,true,false,false,0,false,0,true,false
202011369349304466,135562167,A,false,true,false,false,true,true,PEOPLE'S UNITED BANK,0.298,false,false,false,0,true
202041349349302284,042134818,A,0,1,1,0,0,0,0,0,1
202041349349302444,042300472,A,false,false,false,true,false,false,0,true,TRANSAMERICA,2.,true,false,true
202041349349302444,042300472,B,false,false,false,true,false,false,0,false,0,false,true
202041349349302444,042300472,C,false,false,false,true,false,false,0,false,0,false,true
202011069349300021,150545841,A,false,false,false,true,false,false,0,false,0,false,true
202011069349300021,150545841,B,false,false,false,true,false,false,0,false,0,false,true
202011069349300021,150545841,C,false,false,false,true,false,false,0,false,0,false,true
202011069349300021,150545841,D,false,false,false,true,false,false,0,false,0,false,true
201931349349303268,030179414,IRS990ScheduleK1,A,false,false,false,true,false,false,false,false,false
201931349349303268,030179414,IRS990ScheduleK1,B,false,false,false,true,true,true,TD BANK NA,20.1,false,true,false,false,false
201931349349303268,030179414,IRS990ScheduleK1,C,false,false,false,true,true,true,TD BANK NA,20.0,false,true,false,false,false
201931349349303268,030179414,IRS990ScheduleK1,D,false,false,false,true,true,true,TD BANK NA,19.7,false,true,false,false,false
202041929349302624,630417508,A,0,1,0,0,0,0,0,0,1
202011369349304221,430652675,A,0,0,0,1,0,0,0,0,1
202011369349304221,430652675,B,0,1,1,1,1,0,0,0,1
202011369349304221,430652675,C,0,1,0,1,1,0,0,0,1
202030839349300558,530199507,A,false,false,false,true,false,false,0,false,0,true,true
202011059349301911,750926755,A,false,true,false,false,true,true,JP MORGAN CHASE,9.8,true,false,false,0,false,false
202020349349301102,362662739,A,0,1,1,1,1,1,DEUTSCHE BANK,7.000000000000,0,0,0,0,0
202041429349301504,590704726,A,0,0,1,0,0,0,0,0,0
202041349349302239,350868149,A,false,false,true,false,false,false,0,false,0,false,true
202041349349302239,350868149,B,false,false,false,true,false,false,0,false,0,true,true
202041349349302239,350868149,C,false,true,false,false,false,false,0,false,0,false,true
202031979349300128,110461385,A,0,1,1,0,0,0,0,0,1
202021369349304427,250965438,A,1,0,0,0,0,1
202021369349304427,250965438,B,0,0,0,0,0,0,0,0,1
202021339349301017,041958460,A,0,0,0,1,1,1,See Part VI,31,0,0,0,0,1
202021339349301017,041958460,B,0,1,0,0,1,1,See Part VI,29.8,0,0,0,0,1
202021339349301017,041958460,C,0,1,0,0,0,0,0,0,1
202000429349301530,580685908,A,0,0,1,0,0,0,0,0,1
202021369349305222,540505990,A,1,0,0,0,0,0
202021369349305222,540505990,B,1,0,0,0,0,1
202021369349305222,540505990,C,1,0,0,0,0,1
202021359349302342,620476301,B,false,true,false,false,false,false,false,true
202021359349302342,620476301,C,false,true,false,false,false,false,false,false
202001339349302120,350868107,IRS990ScheduleK1,A,false,false,false,true,false,false,false,false,true
202001339349302120,350868107,IRS990ScheduleK1,B,false,false,true,false,false,false,false,false,true
202001339349302120,350868107,IRS990ScheduleK1,C,false,false,true,false,false,false,false,false,true
202001339349302120,350868107,IRS990ScheduleK1,D,false,false,true,false,true,false,false,false,true
201941099349300709,310970262,A,1,0,0,0,0,1
201931349349303158,042104847,IRS990ScheduleK,A,false,false,true,false,true,true,MORGAN STANLEY,20.,false,false,false,0,false,true
201931349349303158,042104847,IRS990ScheduleK,B,false,false,true,false,true,false,0,false,0,false,true
201931349349303158,042104847,IRS990ScheduleK,C,false,false,false,true,false,false,0,true,Trinity,3.2,true,false,true
201931349349303158,042104847,IRS990ScheduleK,D,false,true,true,false,false,false,0,false,0,false,true
202001399349300870,310537177,A,0,0,0,1,0,0,0,0,1
202001349349303510,133508093,A,false,true,false,false,false,false,false,false,true
202001349349303510,133508093,B,false,true,false,false,false,false,false,false,true
202031269349301148,350868125,A,false,false,false,true,false,false,0,false,0,false,true
202031269349301148,350868125,B,false,false,false,true,false,false,0,false,0,false,true
202031269349301148,350868125,C,false,false,false,true,false,false,0,false,0,false,true
202010729349300801,410695527,A,0,0,0,1,0,0,0,0,1
202010729349300801,410695527,B,0,1,0,0,1,0,0,0,1
202010729349300801,410695527,C,0,1,0,0,1,0,0,0,1
202001329349302080,910564961,A,0,0,1,0,0,0,0,0,1
202001329349302080,910564961,B,0,0,1,0,1,0,0,0,1
202021929349301527,010211781,A,0,0,0,1,0,0,0,0,1
202021929349301527,010211781,B,0,0,0,1,0,0,0,0,1
202021929349301527,010211781,C,0,1,0,0,0,0,0,0,1
202001919349300145,020222111,IRS990ScheduleK1,A,false,false,true,false,true,false,false,false,true
202001919349300145,020222111,IRS990ScheduleK1,B,true,true,false,false,false,true
202001919349300145,020222111,IRS990ScheduleK1,C,false,false,true,false,true,false,false,false,true
202001919349300145,020222111,IRS990ScheduleK1,D,false,false,true,false,true,false,false,false,true
202041689349300144,231653718,RetDoc1053100001,A,0,0,1,0,1,0,0,0,1
202041689349300144,231653718,RetDoc1053100001,B,0,0,1,0,1,0,0,0,1
202041689349300144,231653718,RetDoc1053100001,C,0,0,1,0,1,0,0,0,1
202041689349300144,231653718,RetDoc1053100001,D,0,0,1,0,1,0,0,0,1
201941339349302304,231365971,A,false,false,false,true,false,false,false,false,true
201941339349302304,231365971,B,false,false,false,true,false,false,false,false,true
201941339349302304,231365971,C,false,false,false,true,false,false,false,false,true
201941339349302304,231365971,D,false,false,false,true,false,false,false,false,true
202011299349300021,381367080,A,false,true,false,false,false,false,0,false,false,false,0,false,false
202010249349300116,470376524,A,0,0,1,1,0,0,0,0,1
201903199349308290,250965603,RetDoc1053100001,A,1,0,0,0,0,1
201903199349308290,250965603,RetDoc1053100001,B,1,0,0,0,0,1
201903199349308290,250965603,RetDoc1053100001,C,1,0,0,0,0,1
201903199349308290,250965603,RetDoc1053100001,D,1,0,0,0,0,1
202040509349301019,426081293,A,0,1,0,0,1,1,US BANK,5.000000000000,0,0,0,0,1
202040509349301019,426081293,B,0,1,0,0,1,1,US BANK,5.000000000000,0,0,0,0,1
202041349349301004,231355135,A,false,false,false,false,false,false,0,false,0,false,true
202010459349301421,440589787,A,false,false,true,false,true,false,0,false,0,false,true
202010459349301421,440589787,B,false,true,false,false,true,false,0,false,0,false,true
202010249349300211,231352648,A,false,true,true,true,false,0,false,0,false,true
202010249349300211,231352648,B,false,true,true,false,0,false,0,false,true
202041329349300514,250965557,RetDoc1053100001,A,0,0,0,0,0,0,0,0,0
202041329349300514,250965557,RetDoc1053100001,B,0,0,0,0,0,0,0,0,0
202041329349300514,250965557,RetDoc1053100001,C,0,0,0,0,0,0,0,0,0
202041329349300514,250965557,RetDoc1053100001,D,0,0,0,0,0,0,0,0,0
202011059349300421,951716809,A,0,1,0,0,1,0,0,0,1
202001479349300875,381366958,A,1,1,1,FIRST AMERICAN BANK,10.000000000000,0,0,0,0,1
202001479349300875,381366958,B,0,0,1,0,1,1,FIRST AMERICAN BANK,10.000000000000,0,0,0,0,1
202001479349300875,381366958,C,0,0,1,0,1,0,0,0,1
202001479349300875,381366958,D,0,0,1,0,1,0,0,0,1
202031059349301248,141338498,A,false,false,false,true,false,false,0,false,0,false,true
202040979349300804,250965376,A,0,0,0,0,0,0,0,0,0
202021359349303002,420680372,A,0,1,0,0,0,0,0,0,1
202031409349300113,133838740,A,false,false,false,true,false,false,0,false,0,false,true
202011399349301151,010271210,RetDoc1053100001,A,0,0,0,0,0,0,0,0,0
202011399349301151,010271210,RetDoc1053100001,B,0,0,0,0,0,0,0,0,0
202011399349301151,010271210,RetDoc1053100001,C,0,0,0,0,0,0,0,0,0
202011399349301151,010271210,RetDoc1053100001,D,0,0,0,0,0,0,0,0,0
202041959349303384,560530005,A,0,0,0,0,1,1,BB&T,10.000000000000,0,0,0,0,1
202041959349303384,560530005,B,0,0,0,0,1,0,0,0,1
202031229349300323,370661491,A,0,0,1,0,0,0,0,0,0
202031229349300323,370661491,B,0,0,0,0,0,0,0,0,0
202000499349301450,310971599,A,0,0,0,0,0,0,0,0,0
202000499349301450,310971599,B,0,0,0,0,0,0,0,0,0
202000499349301450,310971599,C,0,0,0,0,0,0,0,0,0
202000499349301450,310971599,D,0,0,0,0,0,0,0,0,0
201923459349300107,350715530,A,false,true,false,false,false,false,0,false,0,false,false
201923459349300107,350715530,B,false,true,false,false,false,false,0,false,0,false,false
202001899349300710,150533561,A,false,true,false,false,false,false,false
202001749349301215,580566167,A,false,true,false,false,0,false,0,false,true
202001749349301215,580566167,B,false,true,false,false,0,false,0,false,true
202000769349301805,741277664,A,false,false,false,true,false,false,false,false,false
202000359349301400,750808791,A,0,0,1,0,0,0,0,0,0
202000359349301400,750808791,B,0,0,1,0,0,0,0,0,0
202001539349301415,341226547,A,0,1,0,0,1,0,0,0,1
202000079349300235,350868101,A,false,true,false,false,false,false,0,false,0,false,false
202041979349304914,060646927,IRS990ScheduleK,A,false,false,true,false,true,false,0,0,false,true
202041979349304914,060646927,IRS990ScheduleK,B,false,false,true,false,false,false,0,false,0,false,true
202041979349304914,060646927,IRS990ScheduleK,C,false,false,true,false,false,0,false,0,true
202041979349304914,060646927,IRS990ScheduleK,D,false,false,true,false,false,false,0,false,0,false,true
202000649349301125,231526668,A,0,1,0,0,1,0,0,0,1
202031889349300008,440552049,A,0,0,0,0,0,0,0,0,0
202031979349305593,440545286,A,0,0,0,0,0,0,0,0,0
202031979349305593,440545286,B,0,0,0,0,0,0,0,0,0
202031979349305593,440545286,C,0,0,0,0,0,0,0,0,0
202031009349300143,050277222,R000010,A,0,0,0,1,1,1,BANK OF AMERICA,18.0,0,0,0,0,1
202031009349300143,050277222,R000010,B,0,0,0,1,1,1,BANK OF AMERICA,30.0,0,0,0,0,1
202031009349300143,050277222,R000010,C,0,0,1,0,0,0,0,0,1
202031009349300143,050277222,R000010,D,0,0,1,0,0,0,0,0,1
202001919349301885,314379507,RetDoc1053100001,A,0,0,0,1,0,0,0,0,1
202001919349301885,314379507,RetDoc1053100001,B,0,0,0,1,0,0,0,0,1
202001919349301885,314379507,RetDoc1053100001,C,0,1,0,0,0,0,0,0,1
202001919349301885,314379507,RetDoc1053100001,D,0,1,1,0,0,0,0,0,1
202041599349300004,951644026,A,false,false,false,true,false,false,0,false,0,false,true
202011399349300821,620497990,A,0,0,1,0,0,0,0,0,1
202011399349300836,391097032,A,false,false,false,true,true,true,Lehman Brothers Special Financing Inc,0000000015.000000000000,false,true,false,false,false
202020839349300562,640303086,A,0,0,0,0,0,0,0,0,0
201931349349303023,010211497,A,0,0,0,1,0,0,0,0,1
201931349349303023,010211497,B,0,1,0,0,0,0,0,0,1
202040939349300614,420680400,A,0,1,1,0,0,0,0,0,1
202040939349300614,420680400,B,0,1,1,0,0,0,0,0,1
201901309349303300,420680387,A,0,0,1,1,0,0,0,0,1
201901309349303300,420680387,B,0,0,1,1,0,0,0,0,1
201901309349303300,420680387,C,0,1,0,0,0,0,0,0,1
202001399349300120,390806261,IRS990ScheduleK,A,false,false,true,true,false,false,0,false,0,true,true
202001399349300120,390806261,IRS990ScheduleK,B,false,false,true,true,true,true,GOLDMAN SACHS,25.2,false,false,false,0,false,true
202001399349300120,390806261,IRS990ScheduleK,C,false,false,true,true,false,false,0,false,0,false,true
202001399349300120,390806261,IRS990ScheduleK,D,false,true,true,false,false,false,0,false,0,false,true
201901309349303465,041081650,IRS990ScheduleK,A,false,true,true,false,true,false,0,false,0,false,true
201901309349303465,041081650,IRS990ScheduleK,B,false,false,true,false,true,false,0,false,0,false,true
201901309349303465,041081650,IRS990ScheduleK,C,false,false,true,false,false,false,0,false,0,false,true
201901309349303465,041081650,IRS990ScheduleK,D,false,true,false,false,true,false,0,false,0,false,true
202021969349305657,160743209,IRS990ScheduleK,A,false,true,true,true,WELLSFARGOCITIGROUP,30.,false,false,false,0,true,true
202021969349305657,160743209,IRS990ScheduleK,B,false,true,true,true,BANK OF AMERICA,21.3,false,false,false,0,false,true
202021969349305657,160743209,IRS990ScheduleK,C,false,true,false,false,0,false,0,false,true
202021969349305657,160743209,IRS990ScheduleK,D,false,true,false,false,0,false,0,false,true
202041989349301289,150532239,A,0,0,0,1,0,0,0,0,1
202041989349301289,150532239,B,0,0,0,1,0,0,0,0,1
202040379349301654,930386839,A,0,0,1,0,1,1,US BANK 10135,30.000000000000,0,0,0,0,1
202040379349301654,930386839,B,0,0,0,0,0,0,0,0,1
202041959349303504,135562308,RetDoc1053100001,A,0,0,0,1,0,0,0,1
202041959349303504,135562308,RetDoc1053100001,B,0,0,0,1,0,0,0,1
202041959349303504,135562308,RetDoc1053100001,C,0,0,0,1,0,0,0,1
202041959349303504,135562308,RetDoc1053100001,D,0,0,0,1,0,0,0,1
201933179349303313,381619831,A,false,false,false,false,false,true
202041979349304744,510305893,RetDoc1053100001,A,0,0,1,0,0,0,1,MBIA INC,100.000000000000,1,0,1
202041979349304744,510305893,RetDoc1053100001,B,0,1,0,0,0,0,0,0,1
202041979349304744,510305893,RetDoc1053100001,C,0,0,1,0,0,0,0,0,1
202041979349304744,510305893,RetDoc1053100001,D,0,0,0,0,0,0,0,0,1
202030859349300133,570324906,A,0,0,1,0,1,1,TD Bank,11.000000000000,1,0,0,0,1
202030859349300133,570324906,B,0,0,1,0,1,0,0,0,1
202001419349301235,111797182,A,0,0,0,1,0,0,0,0,1
202001419349301235,111797182,B,0,1,0,0,0,0,0,0,1
202001419349301235,111797182,C,0,1,0,0,0,0,0,0,1
202031059349301903,951684793,A,0,1,1,0,1,0,0,0,1
202041979349307719,260664313,A,false,true,false,false,false,false,false,false,true
202030919349300118,470376551,A,0,1,1,0,0,0,0,0,1
202021919349302757,741109641,IRS990ScheduleK,A,false,false,false,true,true,true,0,29.,true,false,false,0,false,true
202021919349302757,741109641,IRS990ScheduleK,B,false,false,false,true,false,false,0,false,0,false,true
202021919349302757,741109641,IRS990ScheduleK,C,false,false,false,true,true,true,0,true,false,false,0,false,true
202041349349302854,231352635,A,0,1,0,0,0,0,0,0,1
202041349349302854,231352635,B,0,1,0,0,0,0,0,0,1
202041349349302854,231352635,C,0,1,0,0,0,0,0,0,1
202021919349302017,560529933,A,0,0,0,1,0,0,0,0,0
202011959349302526,341695897,A,false,true,false,false,true,false,0,false,0,false,false
202030719349300213,060646829,A,false,false,false,true,true,false,0,false,0,false,true
202030719349300213,060646829,B,false,false,false,true,true,false,0,false,0,false,true
202030719349300213,060646829,C,false,true,false,false,true,false,0,false,0,false,true
202040299349301204,420680466,A,0,0,0,1,1,0,0,0,1
202040299349301204,420680466,B,0,0,0,1,1,0,0,0,1
202001349349302850,383071514,A,0,1,1,1,1,0,0,0,0
202001349349302850,383071514,B,0,1,1,1,1,0,0,0,0
202021339349301337,231177930,RetDoc1053100001,A,0,0,0,1,0,0,0,0,1
202021339349301337,231177930,RetDoc1053100001,B,0,1,1,0,0,0,0,0,1
202021339349301337,231177930,RetDoc1053100001,C,0,1,0,0,0,0,0,0,1
202021339349301337,231177930,RetDoc1053100001,D,0,1,0,0,0,0,0,0,1
202041369349301804,132676570,A,false,false,false,true,true,true,PEOPLES UNITED BANK,10.,false,false,false,0,false,true
202041369349301804,132676570,B,false,false,false,true,false,false,0,false,0,false,true
202041369349301804,132676570,C,false,false,false,true,true,false,0,false,0,false,true
202041369349301804,132676570,D,false,true,false,false,false,false,0,false,0,false,true
202030839349300408,160759798,A,0,0,0,0,0,0,0,0,1
202031309349300108,237225104,A,0,1,0,0,0,0,0,0,1
202031309349300108,237225104,B,0,1,0,0,0,0,0,0,1
202011709349301801,361408475,A,false,false,true,false,true,false,0,false,0,false,true
202011709349301801,361408475,B,false,false,true,false,false,false,0,false,0,false,true
202001089349300505,141468399,A,false,true,true,true,TD Bank,30.0,false,false,false,false,false
202001089349300505,141468399,B,false,false,true,false,false,false,false,false
202001089349300505,141468399,C,false,true,true,false,false,false,false,true
202000569349300100,431007642,A,0,0,0,1,0,0,0,0,0
202041199349300124,240795445,A,false,false,true,false,true,true,LEHMAN BROS SPEC FIN,26.,false,true,false,0,false
202041199349300124,240795445,B,false,false,true,false,true,false,0,false,0,false
202041199349300124,240795445,C,false,false,true,false,true,false,0,false,0,false
202041199349300124,240795445,D,false,false,true,false,true,true,WELLS FARGO BANK,23.,false,false,false,0,false
202040539349300719,420686467,A,0,0,1,1,1,1,SEE PART VI,0,0,0,0,1
201921789349300112,446000294,A,false,true,false,false,0,false,0,false,true
202000699349300920,160743140,A,false,false,false,true,false,false,false,false,true
202000699349300920,160743140,B,false,false,false,true,false,false,false,false,true
202000699349300920,160743140,C,false,false,false,true,false,false,false,false,true
202000699349300920,160743140,D,false,false,false,true,false,false,false,false,true
202001839349302160,446000294,A,false,true,false,false,0,0,false,true
202021549349301942,741613878,A,false,false,false,true,false,false,0,false,0,false,true
202021549349301942,741613878,B,false,true,false,false,false,false,0,false,0,false,true
202021549349301942,741613878,C,false,false,true,false,true,false,0,false,0,false,true
202021349349300407,453656162,A,0,0,0,1,0,0,0,0,1
202021349349300407,453656162,B,0,0,0,1,0,0,0,0,1
202021349349300407,453656162,C,0,1,0,1,0,0,0,0,1
202021209349301532,141338371,A,0,0,0,0,0,0,0,0,0
202021209349301532,141338371,B,0,0,0,0,0,0,0,0,0
202031979349307063,430653611,A,false,false,true,false,true,false,Not Applicable,false,Not Applicable,false,true
202031979349307063,430653611,B,false,false,false,true,false,false,Not Applicable,false,Not Applicable,false,true
202040509349300019,042002060,A,0,0,0,1,1,1,CITIZENS BANK NA,9.500000000000,0,0,0,0,1
202021209349301592,250964126,A,0,0,1,0,0,0,0,0,0
202021209349301592,250964126,B,0,0,1,1,0,0,0,0,0
202021209349301592,250964126,C,0,0,1,0,0,0,0,0,0
202021629349301692,310536647,A,false,false,true,false,false,false,0,false,0,false,true
202021629349301692,310536647,B,false,false,true,false,true,false,0,false,0,false,true
202031049349300833,570474291,A,0,0,1,0,1,1,Branch Banking &,Trust Company,10.000000000000,1,0,0,0,1
202031049349300833,570474291,B,0,0,1,0,1,1,Branch Banking &,Trust Company,15.000000000000,1,0,0,0,1
202031619349301713,240795686,RetDoc1053100001,A,0,0,0,1,0,0,0,0,1
202031619349301713,240795686,RetDoc1053100001,B,0,0,0,1,1,0,0,0,1
202031619349301713,240795686,RetDoc1053100001,C,0,0,0,1,0,0,0,0,1
202031619349301713,240795686,RetDoc1053100001,D,0,0,0,1,1,0,0,0,1
202031359349303738,840404231,RetDoc1053100001,A,0,0,0,1,0,0,0,0,1
202031359349303738,840404231,RetDoc1053100001,B,0,0,0,1,0,0,0,0,1
202031359349303738,840404231,RetDoc1053100001,C,0,1,0,0,0,0,0,0,1
202031359349303738,840404231,RetDoc1053100001,D,0,1,0,0,0,0,0,0,1
202041959349302944,010212542,A,0,1,0,0,0,0,1,Trans America,23.000000000000,1,0,1
202041959349302944,010212542,B,1,0,0,0,0,1
202041959349302944,010212542,C,1,0,0,0,0,1
202031909349300538,340733165,A,0,1,0,0,1,1,FIFTH THIRD BANK,4.750000000000,0,0,0,0,0
202021199349301122,540505922,A,0,0,0,0,1,1,SunTrust Bank,22,0,0,0,0,1
202021199349301122,540505922,B,0,0,0,0,0,0,0,0,1
202021199349301122,540505922,C,0,0,0,0,0,0,0,0,1
202041339349302559,410693970,IRS990ScheduleK1,A,false,false,true,false,false,false,false,false,true
202041339349302559,410693970,IRS990ScheduleK1,B,false,false,true,false,false,false,false,false,true
202041339349302559,410693970,IRS990ScheduleK1,C,false,false,true,false,false,false,false,false,true
202041339349302559,410693970,IRS990ScheduleK1,D,false,false,true,false,false,false,false,false,true
202011299349301766,340714629,A,false,false,true,false,false,false,0,false,0,false,false
202000599349300830,610444650,IRS990ScheduleK1,A,false,true,true,true,BANK OF NEW YORK MELLON,26.0,false,false,true
202000599349300830,610444650,IRS990ScheduleK1,B,false,true,false,false,false,false,true
202000599349300830,610444650,IRS990ScheduleK1,C,false,true,false,false,false,false,true
202000599349300830,610444650,IRS990ScheduleK1,D,false,true,false,false,false,false,true
202001959349303965,421315493,A,false,true,false,false,false,false,false,false,false
202000569349300235,231352692,A,0,0,0,1,1,1,BANK OF AMERICA,SWAP,0,1,0,0,1
202000569349300235,231352692,B,0,0,0,1,0,0,0,0,0
202000929349300905,042199867,A,false,false,false,true,true,false,0,0,false,true
202000929349300905,042199867,B,false,true,false,false,true,false,0,0,false,true
202000929349300905,042199867,C,false,true,false,false,true,false,0,0,false,true
202000929349300905,042199867,D,false,true,false,false,true,false,0,0,false,true
202041269349300509,470376525,A,false,false,true,true,false,false,0,false,0,false,false
202021359349302647,952798775,A,0,1,0,0,1,0,0,0,1
202011069349300636,560529982,RetDoc1053100001,A,0,0,0,0,0,0,0,0,0
202011069349300636,560529982,RetDoc1053100001,B,0,0,0,0,0,0,0,0,0
202011069349300636,560529982,RetDoc1053100001,C,0,0,0,0,0,0,0,0,0
202011069349300636,560529982,RetDoc1053100001,D,0,0,0,0,0,0,0,0,0
202001179349300200,042225850,A,0,0,0,0,1,0,0,0,1
202011919349300441,440617326,A,false,false,true,false,true,false,0,false,0,false,true
202040509349300304,620544854,A,0,0,0,0,0,0,0,0,0
202011399349300021,250496976,RetDoc1053100001,A,0,0,1,0,1,0,0,0,1
202011399349300021,250496976,RetDoc1053100001,B,0,0,1,0,0,0,0,0,1
202011399349300021,250496976,RetDoc1053100001,C,0,0,1,0,0,0,0,0,1
202011399349300021,250496976,RetDoc1053100001,D,0,0,0,1,1,0,0,0,1
202021969349302647,951890710,A,0,0,1,0,0,0,0,0,0
202021969349302647,951890710,B,0,1,0,0,0,0,0,0,0
202021969349302647,951890710,C,0,1,0,0,0,0,0,0,0
202021969349302647,951890710,D,0,0,1,0,0,0,0,0,0
202011329349300901,231657958,A,0,0,1,0,0,0,0,0,1
202011329349300901,231657958,B,0,1,0,0,0,0,0,0,1
202001359349303250,250717890,A,1,0,0,0,0,0
202001359349303250,250717890,B,0,0,0,0,1,0,0,0,0
202001359349303250,250717890,C,0,0,0,0,0,0,0,0,0
202031319349300503,350868127,A,0,1,0,0,1,0,0,0,0
202011329349302126,941156646,A,0,0,0,0,0,0,0,0,0
202030579349300038,420680460,A,0,0,0,1,0,0,0,0,1
202030579349300038,420680460,B,0,0,1,1,1,0,0,0,1
202030579349300038,420680460,C,0,0,1,1,1,0,0,0,1
202001329349302540,210634981,A,false,true,false,false,0,false,0,false,true
202001329349302540,210634981,B,false,true,false,false,0,false,0,false,true
202001329349302540,210634981,C,false,true,false,false,0,false,0,false,true
202001329349302540,210634981,D,false,true,false,false,0,false,0,false,true
202030979349300118,340714687,A,true,false,false,0,false,0,true
202030979349300118,340714687,B,false,false,true,true,true,false,0,false,0,true
201923139349300707,420681049,RetDoc1053100001,A,0,1,1,0,1,0,0,0,1
201923139349300707,420681049,RetDoc1053100001,B,0,1,1,0,1,1,BANKERS TRUST CO,10.500000000000,0,0,0,0,1
201923139349300707,420681049,RetDoc1053100001,C,0,1,1,0,1,1,BANKERS TRUST CO,10.400000000000,0,0,0,0,1
201923139349300707,420681049,RetDoc1053100001,D,0,1,1,0,1,1,BANKERS TRUST CO,8.900000000000,0,0,0,0,1
202011059349300821,741109633,A,false,true,false,false,false,false,true
202011059349300821,741109633,B,false,true,false,false,false,false,true
202011059349300821,741109633,C,false,true,false,false,false,false,true
202041219349301644,470491571,A,false,false,true,true,false,false,0,false,0,false,false
202031429349300508,231484178,A,0,0,0,0,0,0,0,0,0
202031429349300508,231484178,B,0,0,0,0,0,0,0,0,0
202031429349300508,231484178,C,0,0,0,0,0,0,0,0,0
202031429349300508,231484178,D,0,0,0,0,0,0,0,0,0
202041209349301534,370661496,A,0,1,0,0,1,0,0,0,1
202041209349301534,370661496,B,0,1,0,0,1,0,0,0,1
202021509349300122,366112087,A,false,true,false,false,false,false,false,false,true
202021509349300122,366112087,B,false,false,false,true,false,false,false,false,true
202021509349300132,730587210,A,0,0,0,0,0,0,0,0,0
202021509349300132,730587210,B,0,0,0,0,0,0,0,0,0
202001679349301450,370661228,A,0,0,1,0,1,0,0,0,1
202001679349301450,370661228,B,0,0,1,0,1,0,0,0,1
202011969349300606,340714689,A,0,0,0,1,1,1,BANK OF AMERICA,30.000000000000,0,0,0,0,0
202031539349300028,150543659,IRS990ScheduleK,A,false,false,true,false,false,false,0,false,0,false,true
202031539349300028,150543659,IRS990ScheduleK,B,false,false,true,false,false,false,0,false,0,false,true
202031539349300028,150543659,IRS990ScheduleK,C,false,false,true,false,false,false,0,false,0,false,true
202031539349300028,150543659,IRS990ScheduleK,D,false,false,true,false,true,false,0,false,0,false,true
202031059349301343,620465076,A,false,false,true,false,true,false,false,false,false
202031059349301343,620465076,B,false,false,true,false,true,false,false,false,false
202000419349300420,741109748,A,0,0,0,0,0,0,0,0,0
202000419349300420,741109748,B,0,0,0,0,0,0,0,0,0
202000419349300420,741109748,C,0,0,0,0,0,0,0,0,0
202021399349301552,381374230,A,1,0,0,0,0,0
202041359349300629,580566199,A,1,0,0,0,0,0
202021369349304527,581216007,A,false,true,false,false,0,false,0,false,false
202011709349301401,440545280,A,false,true,false,false,0,false,0,false,true
202011709349301401,440545280,B,false,true,false,false,0,false,0,false,true
202031979349302288,530196640,A,0,0,1,0,1,1,SUNTRUST,14.000000000000,0,0,0,0,0
202031979349302288,530196640,B,0,0,1,0,1,1,SUNTRUST,14.000000000000,0,0,0,0,0
202001819349300100,620479542,A,false,false,false,false,false,false,false,false,false
202001819349300100,620479542,B,false,false,false,false,false,false,false,false,false
202011359349304156,200363127,A,false,false,false,true,false,false,0,false,0,false,true
202011359349304156,200363127,B,false,true,false,false,false,false,0,false,0,false,true
202001909349300440,952544535,A,0,0,1,0,0,0,0,0,1
202001909349300440,952544535,B,0,0,1,0,0,0,0,0,1
202001909349300440,952544535,C,0,0,1,0,0,0,0,0,1
202001909349300440,952544535,D,0,1,0,0,1,1,GEORGE K BAUM,FINANCIAL SERVICES,30.000000000000,0,0,0,0,1
202031369349303093,580566133,A,0,0,1,0,1,1,SunTrust Bank,20,0,0,0,0,1
202001129349301550,590722789,RetDoc1053100001,A,0,0,1,0,1,1,0,0,0,0,1
202001129349301550,590722789,RetDoc1053100001,B,0,0,1,0,1,1,0,0,0,0,1
202001129349301550,590722789,RetDoc1053100001,C,0,0,1,0,1,1,0,0,0,0,1
202001129349301550,590722789,RetDoc1053100001,D,0,0,1,0,1,1,0,0,0,0,1
202030379349300618,237133739,A,0,0,0,1,1,0,0,0,1
202030379349300618,237133739,B,0,0,0,1,1,0,0,0,1
202021679349301407,820200906,A,0,0,0,0,1,1,US Bank National,Association,13.750000000000,0,0,0,0,1
202021149349300817,231352654,A,0,0,0,1,0,0,0,0,1
202021149349300817,231352654,B,0,1,0,0,0,0,0,0,1
202031299349301698,410518750,A,0,0,0,1,1,1,US BANK,28.300000000000,0,0,0,0,1
202031259349300928,111733439,A,false,false,false,true,false,false,0,false,false,false,0,false,false
202031189349301113,480556716,A,false,true,false,false,0,false,0,false,true
202031189349301113,480556716,B,false,true,false,false,0,false,0,false,true
202041069349300219,042108346,A,0,0,0,0,1,1,SANTANDER BANK (2),10.000000000000,0,0,0,0,1
202020499349301762,880435559,A,0,1,0,0,0,0,0,0,1
202020499349301762,880435559,B,0,1,0,0,0,0,0,0,1
202000789349301225,930386908,A,0,1,0,0,1,1,UBS,13,1,0,0,0,1
202000789349301225,930386908,B,0,1,0,0,0,0,0,0,1
202000789349301225,930386908,C,0,1,0,0,0,0,0,0,1
202000789349301305,231352620,R000010,A,0,0,0,1,0,0,0,0,1
202000789349301305,231352620,R000010,B,0,0,0,1,0,0,0,0,1
202000789349301305,231352620,R000010,C,0,1,0,0,0,0,0,0,1
202000789349301305,231352620,R000010,D,0,1,0,0,0,0,0,0,1
202031369349304568,131967321,RetDoc1053100001,A,0,0,0,1,1,0,0,0,1
202031369349304568,131967321,RetDoc1053100001,B,0,0,0,1,1,0,0,0,1
202031369349304568,131967321,RetDoc1053100001,C,0,0,0,1,1,0,0,0,1
202031369349304568,131967321,RetDoc1053100001,D,0,0,0,1,1,0,0,0,1
202030299349300713,930401259,A,0,1,0,0,0,0,0,0,1
202011059349300936,362167770,A,false,false,false,true,true,false,false,false,true
202011059349300936,362167770,B,false,false,false,true,false,false,false,false,true
202011059349300936,362167770,C,false,false,false,true,true,true,Northern Trust Bank,10.0,false,false,false,false,true
201943199349309934,390806297,A,0,0,0,1,0,0,0,0,1
201943199349309934,390806297,B,0,1,0,0,1,1,JPMORGAN CHASE BANK,NA,10.000000000000,0,0,0,0,1
202011059349302006,362722198,A,false,true,false,false,false,false,false,false,true
202011059349302006,362722198,B,false,true,false,false,false,false,false,false,true
202021049349300752,350868096,A,false,true,false,false,0,false,0,false,true
202011369349304416,362167842,A,0,0,0,1,1,1,PACIFIC COAST,15.000000000000,0,0,0,0,0
202011369349304441,951664100,A,0,1,0,0,0,0,0,0,1
202011369349304441,951664100,B,0,1,0,0,0,1,Deutsche Bank,7.000000000000,0,1,0,0,1
202011369349304441,951664100,C,0,1,0,0,0,1,Deutsche Bank,7.000000000000,0,1,0,0,1
202021479349300512,344431169,A,false,true,false,false,false,false,true
202021479349300512,344431169,B,false,true,false,false,false,false,false,true
202021969349302772,042104329,A,0,0,0,1,0,0,0,0,1
202021969349302772,042104329,B,0,1,0,0,1,1,UNIBANK,15.000000000000,0,0,0,0,1
202020699349300327,131628149,R000011,A,1,0,0,0,0,0
202020699349300327,131628149,R000011,B,1,1,1,HSBC,7,0,1,0,0,0
202020699349300327,131628149,R000011,C,1,0,0,0,0,0
202020699349300327,131628149,R000011,D,1,1,0,0,0,0
202041089349300129,951643389,A,0,1,0,0,0,0,0,0,1
202041089349300129,951643389,B,0,1,0,0,0,0,0,0,1
202031329349302513,251114320,A,0,0,0,1,0,0,0,0,1
202031329349302513,251114320,B,0,0,0,1,0,0,0,0,1
202041069349300829,341018992,IRS990ScheduleK1,A,false,false,false,true,false,false,false,false,true
202041069349300829,341018992,IRS990ScheduleK1,B,false,false,false,true,false,false,false,false,true
202041069349300829,341018992,IRS990ScheduleK1,C,false,false,false,true,false,false,false,false,true
202041069349300829,341018992,IRS990ScheduleK1,D,false,true,false,false,false,false,false,false,true
202041069349301114,042103545,A,false,true,false,false,0,false,0,false,true
202041069349301114,042103545,B,false,true,false,false,0,false,0,false,true
202041069349301114,042103545,C,false,true,false,false,0,false,0,false,true
202041069349301114,042103545,D,false,true,false,false,0,false,0,false,true
202030659349301558,390821861,A,0,0,0,1,1,1,BMO HARRIS BANK,5.000000000000,0,0,0,0,1
202030659349301558,390821861,B,0,0,0,1,1,1,BMO HARRIS BANK,5.000000000000,0,0,0,0,1
202031639349300323,046130872,A,0,1,0,0,1,0,0,0,1
202031639349300323,046130872,B,0,1,0,0,1,0,0,0,1
202041069349301434,590624440,IRS990ScheduleK.1,A,false,false,false,true,false,false,false,true
202041069349301434,590624440,IRS990ScheduleK.1,B,false,false,true,true,false,false,false,true
202041069349301434,590624440,IRS990ScheduleK.1,C,false,true,false,false,false,false,false,true
202041069349301434,590624440,IRS990ScheduleK.1,D,false,true,false,false,false,false,false,true
202001049349300960,951921340,A,0,0,0,1,0,0,0,0,1
202001079349300930,541061178,A,1,0,0,1,Wachovia Bank NA,30,1,0,1
202020769349300012,020263136,A,0,0,1,0,0,0,0,0,0
202021369349301537,221494434,IRS990ScheduleK,A,false,false,false,true,false,false,0,false,0,false,true
202021369349301537,221494434,IRS990ScheduleK,B,false,true,false,false,false,false,0,false,0,false,true
202021369349301537,221494434,IRS990ScheduleK,C,false,true,false,false,false,false,0,false,0,false,true
202021369349301537,221494434,IRS990ScheduleK,D,false,true,false,false,false,false,0,false,0,false,true
202011369349303686,042103547,IRS990ScheduleK,A,false,false,false,true,true,false,0,false,false,false,0,false,true
202011369349303686,042103547,IRS990ScheduleK,B,false,false,false,true,true,true,SEE PART VI,false,false,false,0,false,true
202011369349303686,042103547,IRS990ScheduleK,C,false,true,false,false,false,false,0,false,false,false,0,false,true
202011369349303686,042103547,IRS990ScheduleK,D,false,true,false,false,false,false,0,false,false,false,0,false,true
202031969349301103,516000297,IRS990ScheduleK,A,false,true,false,false,true,true,Morgan Stanley,0.243,false,false,false,0,false,true
202031969349301103,516000297,IRS990ScheduleK,B,false,true,false,false,false,false,0,false,0,false,true
202031969349301103,516000297,IRS990ScheduleK,C,false,true,false,false,false,false,0,false,0,false,true
202001579349300725,310537516,RetDoc1053100001,A,0,1,0,0,0,0,0,0,1
202001579349300725,310537516,RetDoc1053100001,B,0,0,1,0,0,0,0,0,1
202001579349300725,310537516,RetDoc1053100001,C,0,0,1,0,0,0,0,0,1
202001579349300725,310537516,RetDoc1053100001,D,0,1,1,0,1,1,Deutsche Bank,27.200000000000,0,0,0,0,1
202031019349301318,231413680,A,0,1,0,0,1,0,0,0,1
202041489349300984,860294012,A,0,0,1,0,1,1,COMPASS BANK,10.000000000000,0,0,0,0,1
202021549349300417,231352354,RetDoc1053100001,A,0,0,1,0,0,0,0,0,0
202021549349300417,231352354,RetDoc1053100001,B,0,0,1,0,0,0,0,0,0
202021549349300417,231352354,RetDoc1053100001,C,0,0,1,0,0,0,FIRST NATIONAL BANK,9.750000000000,0,0,0,0,0
202021549349300417,231352354,RetDoc1053100001,D,0,0,1,0,0,0,0,0,0
202041029349301104,361521940,A,1,1,0,0,0,0
202031349349301523,150532082,IRS990ScheduleK,A,false,false,false,true,false,false,0,false,0,false,true
202031349349301523,150532082,IRS990ScheduleK,B,false,false,true,false,false,false,0,false,0,false,true
202031349349301523,150532082,IRS990ScheduleK,C,false,false,false,true,true,false,0,false,0,false,true
202031349349301523,150532082,IRS990ScheduleK,D,false,false,true,false,false,false,0,false,0,false,true
202011369349301941,350868073,A,0,0,0,1,0,0,0,0,1
202011369349301941,350868073,B,0,1,0,1,0,0,0,0,1
202011369349301941,350868073,C,0,1,0,0,1,0,0,0,1
202001329349303050,710239576,A,1,0,0,0,0,1
202000809349301200,370661494,A,0,0,0,0,1,1,MORGAN STANLEY,30.000000000000,0,0,0,0,1
202000809349301200,370661494,B,0,0,0,0,0,0,0,0,1
202000809349301200,370661494,C,0,0,0,0,0,0,0,0,1
202001339349302815,251024358,A,0,0,1,0,0,0,0,0,1
202001339349302815,251024358,B,0,0,1,0,0,0,0,0,1
202000509349300730,390806154,A,1,0,0,0,0,1
202000509349300730,390806154,B,1,0,0,0,0,1
201903019349301250,570314415,A,0,0,1,0,1,0,0,0,1
201903019349301250,570314415,B,0,0,1,0,1,0,0,0,1
202041819349300619,131967322,A,true,true,false,0,true,RBC,17.,false,true
202041819349300619,131967322,B,false,false,false,true,false,false,0,false,0,false,true
202041819349300619,131967322,C,false,false,false,true,false,false,0,false,0,false,true
202011059349301801,240795495,RetDoc1053100001,A,0,1,0,0,0,0,0,0,1
202011059349301801,240795495,RetDoc1053100001,B,0,1,0,0,1,0,0,0,1
202011059349301801,240795495,RetDoc1053100001,C,0,1,0,0,0,0,0,0,1
202011059349301801,240795495,RetDoc1053100001,D,0,0,0,1,0,0,0,0,1
202020839349300307,340714681,A,false,false,false,true,false,false,0,false,0,false,true
202020839349300307,340714681,B,false,false,false,true,false,false,0,false,0,false,true
202001359349304415,310536715,IRS990ScheduleK1,A,false,false,true,true,false,true,MORGAN STANLEY,17.3,false,false,false,false,true
202001359349304415,310536715,IRS990ScheduleK1,B,false,false,true,true,false,true,MORGAN STANLEY,17.3,false,false,false,false,true
202001359349304415,310536715,IRS990ScheduleK1,C,false,false,false,true,false,true,MORGAN STANLEY,17.3,false,false,false,false,true
202001359349304415,310536715,IRS990ScheduleK1,D,false,false,false,true,true,false,false,false,true
202011959349302221,520591691,A,false,true,true,true,RBCPNC,25.,false,false,false,0,false,true
202011959349302221,520591691,B,false,true,false,false,0,false,0,false,true
202011539349301856,952415066,A,0,0,1,0,1,0,0,0,1
202011059349301951,250981156,A,0,1,0,1,0,0,0,0,0
202040769349301389,350868158,A,false,false,false,true,false,false,false,false,true
202040769349301389,350868158,B,false,false,false,true,false,false,false,false,true
202040769349301389,350868158,C,false,false,false,false,false,false,false,true
202030589349300823,560530003,A,false,false,true,false,false,0,false,0,false,true
202030589349300823,560530003,B,false,false,true,false,false,0,false,0,false,true
202011279349301111,240795460,R000010,A,0,0,0,1,0,0,0,0,1
202011279349301111,240795460,R000010,B,0,0,1,0,0,0,0,0,1
202011279349301111,240795460,R000010,C,0,0,1,0,0,0,0,0,1
202011279349301111,240795460,R000010,D,0,0,1,0,0,0,0,0,1
202001359349303465,560529988,A,false,false,true,false,true,false,0,false,0,false,true
202031979349302188,131624225,A,false,false,true,false,false,false,0,false,0,false,true
202031979349302188,131624225,B,false,false,true,false,false,false,0,false,0,false,true
202031359349301613,131740451,IRS990ScheduleK,A,false,false,false,true,true,true,BOA ML,3.248,true,false,false,0,false,true
202031359349301613,131740451,IRS990ScheduleK,B,false,false,true,true,false,false,0,false,0,false,true
202031359349301613,131740451,IRS990ScheduleK,C,false,false,true,true,false,false,0,false,0,false,true
202031359349301613,131740451,IRS990ScheduleK,D,false,false,false,true,false,false,0,false,0,false,true
202001959349300610,231352651,IRS990ScheduleK,A,false,false,false,true,false,false,0,false,0,false,true
202001959349300610,231352651,IRS990ScheduleK,B,false,false,false,true,false,false,0,false,0,false,true
202001959349300610,231352651,IRS990ScheduleK,C,false,false,false,true,true,false,0,false,0,false,true
202001959349300610,231352651,IRS990ScheduleK,D,false,false,false,true,true,false,0,false,0,false,true
202010999349300801,251120678,RetDoc1053100001,A,0,0,1,0,1,0,0,0,0
202010999349300801,251120678,RetDoc1053100001,B,0,0,1,0,0,0,0,0,0
202010999349300801,251120678,RetDoc1053100001,C,0,0,0,1,0,0,0,0,0
202010999349300801,251120678,RetDoc1053100001,D,0,0,1,0,1,0,0,0,0
202000819349300210,620475751,A,0,0,0,0,0,0,0,0,0
202000819349300210,620475751,B,0,0,0,0,0,0,0,0,0
202000819349300210,620475751,C,0,0,0,0,0,0,0,0,0
202041009349300024,750827465,IRS990ScheduleK1,A,false,false,true,true,true,true,Merrill Lynch Capital Services,30.0,false,false,true,Bayerische Landesbank,1.6,true,false,true
202041009349300024,750827465,IRS990ScheduleK1,B,false,false,false,true,false,false,false,false,true
202041009349300024,750827465,IRS990ScheduleK1,C,false,false,false,true,false,false,false,false,true
202041009349300024,750827465,IRS990ScheduleK1,D,false,false,false,true,false,false,false,false,true
202020449349300947,460224589,A,false,false,false,false,false,false,false,false,false
202010989349301321,620518288,A,0,0,0,0,0,0,0,0,0
202010989349301321,620518288,B,0,0,0,0,0,0,0,0,0
202011359349301721,480543715,A,false,true,false,false,false,false,false,false,true
202011359349301721,480543715,B,false,true,false,false,false,false,false,false,true
202011009349300821,240795506,A,0,0,0,1,0,0,0,0,1
202011009349300821,240795506,B,0,0,0,1,1,0,0,0,1
202011009349300821,240795506,C,0,0,0,1,0,0,0,0,1
202011009349300821,240795506,D,0,0,0,1,0,0,0,0,1
202031069349301408,951643334,A,false,true,true,false,false,false,0,false,0,false,true
202031069349301408,951643334,B,false,true,true,false,true,false,0,false,0,false,true
202031069349301408,951643334,C,false,false,true,false,false,false,0,false,0,false,true
202031069349301408,951643334,D,false,true,false,false,false,false,0,false,0,false,true
202031359349301583,741233796,A,0,0,1,1,0,0,0,0,1
202031359349301583,741233796,B,0,1,0,0,0,0,1,BAYERISCHE,LANDESBANK,1.800000000000,1,0,1
202010709349300641,370661217,A,1,0,0,0,0,1
201933539349300208,350868181,A,0,0,0,1,1,1,Regions Bank,20.000000000000,0,0,0,0,0
201933539349300208,350868181,B,0,0,1,0,1,0,Regions Bank,20.000000000000,1,0,0,0,1
201933539349300208,350868181,C,0,0,0,1,0,0,0,0,1
201933539349300208,350868181,D,0,0,1,1,1,0,0,0,1
202000559349301750,314379584,A,false,true,false,false,true,false,false,false,true
202040499349301414,910473310,A,0,1,0,0,0,0,0,0,1
202040499349301414,910473310,B,0,0,0,1,0,0,0,0,1
202041899349300024,060646959,A,false,false,false,true,true,false,0,false,0,false,true
202001709349301700,841029228,A,0,0,0,1,0,0,0,1
202001709349301700,841029228,B,0,0,0,1,0,0,0,0,1
202030939349301133,560532297,A,0,0,0,0,0,0,0,0,1
202011339349303066,911036794,A,0,0,1,0,1,1,US BANK,10.000000000000,1,0,0,0,0
202011339349303066,911036794,B,0,0,1,0,0,0,0,0,0
202011049349300861,362167804,A,false,true,false,false,0,false,0,false,true
202000519349300035,231365953,A,0,0,1,0,0,0,0,0,1
202000519349300035,231365953,B,0,0,1,0,0,0,0,0,1
202000519349300035,231365953,C,0,1,0,0,0,0,0,0,1
202042109349300839,860702049,A,0,0,0,0,0,0,0,0,0
202042109349300839,860702049,B,0,0,0,0,0,0,0,0,0
202042109349300839,860702049,C,0,0,0,0,0,0,0,0,0
202031329349300433,042103585,RetDoc1053100001,A,0,0,0,1,1,1,RBS CITIZENS,29.000000000000,0,0,0,0,1
202031329349300433,042103585,RetDoc1053100001,B,0,0,0,1,1,1,RBS CITIZENS,20.000000000000,0,0,0,0,1
202031329349300433,042103585,RetDoc1053100001,C,0,0,0,1,1,1,RBS CITIZENS,30.000000000000,0,0,0,0,1
202031329349300433,042103585,RetDoc1053100001,D,0,0,0,1,0,0,0,0,1
202031839349301128,362387148,A,false,false,true,false,true,true,US BANK,30.,true,false,false,0,false,true
202031829349300028,221912028,A,0,0,0,0,0,0,0,0,0
202031829349300028,221912028,B,0,0,0,0,0,0,0,0,0
202001369349304315,010215213,A,false,false,false,true,false,false,0,false,0,false,true
202001369349304315,010215213,B,false,true,false,false,true,false,0,false,0,false,true
202001369349304315,010215213,C,false,true,false,false,false,false,0,false,0,false,true
202001369349304315,010215213,D,false,true,false,false,false,false,0,false,0,false,true
202031059349300843,591237047,A,true,false,false,true,false,false,0,0,false,false
202021349349303717,132981115,A,0,1,0,0,1,0,0,0,1
202031689349301718,061519057,A,0,0,0,1,1,0,0,0,1
202031689349301718,061519057,B,0,0,0,1,0,0,0,0,1
202031689349301718,061519057,C,0,0,0,1,0,0,0,0,1
202041929349302924,610458355,A,0,0,0,0,0,0,0,0,1
202011009349301306,160743150,A,0,0,0,1,0,0,0,0,1
202011009349301306,160743150,B,0,0,0,1,0,0,0,0,1
202031969349305463,340714334,A,0,0,0,1,0,0,0,0,0
202041009349301404,420707114,A,0,0,1,1,1,0,0,0,1
202041009349301404,420707114,B,0,0,1,1,1,0,0,0,1
201923019349300772,570324916,A,0,0,0,0,0,0,0,0,1
202021959349303987,941156365,IRS990ScheduleK,A,false,true,true,false,true,false,0,false,0,false,true
202021959349303987,941156365,IRS990ScheduleK,B,false,false,true,true,true,false,0,false,0,false,true
202021959349303987,941156365,IRS990ScheduleK,C,false,false,true,true,false,false,0,false,0,false,true
202021959349303987,941156365,IRS990ScheduleK,D,false,false,true,false,false,false,0,false,0,false,true
202011359349304471,314379560,A,false,true,false,false,false,false,false,false,true
201923199349304052,470724387,A,0,0,1,1,0,0,0,0,1
201923109349301637,550357056,RetDoc1053100001,A,0,0,0,1,0,0,0,0,1
201923109349301637,550357056,RetDoc1053100001,B,0,0,0,1,0,0,0,0,1
201923109349301637,550357056,RetDoc1053100001,C,0,0,0,1,0,0,0,0,1
201923109349301637,550357056,RetDoc1053100001,D,0,0,0,1,0,0,0,0,1
202020739349300307,480547846,A,false,true,false,false,0,false,0,false,true
202001969349305225,741180151,A,0,0,1,0,0,0,0,0,0
202001969349305225,741180151,B,0,0,1,0,0,0,0,0,0
202040979349301034,410969244,A,false,false,false,true,false,false,0,false,0,false,true
202040979349301034,410969244,B,false,true,false,false,false,false,0,false,0,false,true
202040979349301034,410969244,C,false,true,false,false,false,false,0,false,0,false,true
201943199349311444,350868095,A,false,true,true,false,0,false,0,false,false
201943199349311444,350868095,B,false,true,true,false,0,false,0,false,false
202021369349300807,231522643,RetDoc1053100001,A,0,0,1,0,1,0,0,0,1
202021369349300807,231522643,RetDoc1053100001,B,0,0,1,0,1,0,0,0,1
202021369349300807,231522643,RetDoc1053100001,C,0,0,1,0,1,0,0,0,1
202021369349300807,231522643,RetDoc1053100001,D,0,0,1,0,1,0,0,0,1
202031639349300628,010211497,A,0,0,0,1,0,0,0,0,1
202031639349300628,010211497,B,0,0,0,1,0,0,0,0,1
202031639349300628,010211497,C,0,1,0,0,0,0,0,0,1
201923189349312277,390978445,A,0,0,0,1,0,0,0,0,1
202011359349304001,520595110,RetDoc1053100001,A,0,0,1,0,1,0,0,0,1
202011359349304001,520595110,RetDoc1053100001,B,0,0,1,0,1,0,0,0,1
202011359349304001,520595110,RetDoc1053100001,C,0,0,1,0,1,0,0,0,1
202011359349304001,520595110,RetDoc1053100001,D,0,0,1,0,1,0,0,0,1
202041919349300929,630288850,A,0,0,0,0,0,0,0,0,0
202001969349302050,060662150,A,0,0,1,0,1,1,TD BANK,7.000000000000,0,0,0,0,1
201913169349304336,221508627,A,true,true,true,CAPITAL ONE BANK,20.,true,false,false,0,false,true
201913169349304336,221508627,B,true,true,false,0,false,0,false,true
201913169349304336,221508627,C,true,true,false,0,false,0,false,true
202040789349300534,930386839,A,0,0,1,0,1,1,US BANK 10135,30.000000000000,0,0,0,0,1
202040789349300534,930386839,B,0,1,0,0,0,0,0,0,1
202030949349301103,550370901,A,0,0,0,0,0,0,0,0,1
202001209349300120,390806202,A,0,0,1,0,1,1,BMO HARRIS BANK,NA,10.000000000000,0,0,0,0,1
202000709349301100,410693977,A,0,1,0,0,0,0,0,0,1
201913199349311076,941279803,A,0,0,0,1,0,0,0,0,1
201903199349307550,470377991,A,0,0,1,1,0,0,0,0,1
201903199349307550,470377991,B,0,0,1,1,0,0,0,0,1
201903199349307550,470377991,C,0,0,1,1,0,0,0,0,1
202040799349300734,930386972,A,0,0,0,1,0,0,0,0,1
202040799349300734,930386972,B,0,1,0,0,0,0,0,0,1
202040799349300734,930386972,C,0,1,0,0,0,0,0,0,1
202040799349300734,930386972,D,0,1,0,0,0,0,0,0,1
202022259349301027,951643307,A,false,false,true,true,true,true,BANK OF NY MELLON,30.3,false,false,true,CITIGROUP GLOBAL TRA,2.,true,false,true
202041309349300614,363377698,A,false,false,false,true,false,true,ROYAL BANK OF CANADA,0.3,false,true,false,false,true
202041309349300614,363377698,B,false,false,false,true,false,false,false,false,true
202041309349300614,363377698,C,false,false,false,true,true,false,false,false,true
201933479349300223,410693968,A,0,1,1,0,1,0,0,0,1
201933479349300223,410693968,B,0,0,1,0,1,0,0,0,1
202030739349301148,362515281,A,false,true,false,false,false,false,0,false,0,false,true
201933369349300113,362310478,A,false,false,false,true,false,false,false,false,false
202010349349300306,042104778,A,0,0,0,0,0,0,0,0,0
201943459349300644,370706154,A,0,0,1,0,1,1,PNC BANK,10.000000000000,0,0,0,0,0
201943459349300644,370706154,B,0,0,1,0,0,0,0,0,0
201943459349300644,370706154,C,0,0,1,0,0,0,0,0,0
201943459349300644,370706154,D,0,0,1,0,1,1,HICKORY POINT BANK,& TRUST,10.000000000000,0,0,0,0,0
201903089349301925,350886846,A,0,0,1,0,0,0,0,0,0
202031349349302528,221500483,A,1,0,0,0,0,1
202031349349302528,221500483,B,0,0,0,0,0,0,0,0,1
202011359349301341,020223339,A,0,0,1,0,1,1,JP Morgan Chase,20.000000000000,0,0,0,0,0
202000989349300110,480543728,A,false,false,false,false,false,false,false,false,false
201903159349303625,350885591,A,false,false,false,false,true,false,0,false,0,false,true
202000699349300615,410695509,A,0,1,0,0,0,0,0,0,1
202000699349300625,362170136,A,false,false,false,true,false,false,false,false,true
202000699349300625,362170136,B,false,false,false,true,true,false,false,false,true
202000699349300625,362170136,C,false,false,false,true,true,false,false,false,true
202020639349301017,941585735,A,0,0,1,0,0,0,1,FIRST REPUBLIC,SECURITIES,1.000000000000,1,1
202010709349300021,362166964,A,true,false,false,true,true,true,BMO CAPITAL MARKETS,5.0,false,false,false,false,true
202020999349300507,250965212,A,1,0,0,0,0,1
202020999349300507,250965212,B,0,1,0,0,0,0,0,0,1
201943189349310359,570341191,A,true,false,false,false,false
201923159349301097,480543766,A,false,true,true,true,false,false,0,false,0,false,true
201942809349301004,161476258,A,0,0,1,0,1,1,RBS Citizens,16.51,0,0,0,0,0
202021489349300612,362169157,A,false,true,false,false,true,true,Bank of Montreal,10.0,false,false,false,false,false
202021489349300612,362169157,B,false,true,false,false,true,true,PNC Bank,29.5,false,false,false,false,false
202021489349300612,362169157,C,false,true,false,false,true,false,false,false,false
202031929349300133,030179403,A,false,false,false,true,false,false,0,false,0,false,true
202031929349300133,030179403,B,false,false,false,true,false,false,0,false,0,false,true
202011489349300631,042103567,A,false,true,false,false,false,false,0,false,0,false,true
202011489349300631,042103567,B,false,true,false,false,false,false,0,false,0,false,true
202011489349300631,042103567,C,false,true,false,false,false,false,0,false,0,false,true
202011489349300631,042103567,D,false,true,false,false,false,false,0,false,0,false,true
202040659349300404,751081109,A,false,true,false,false,0,false,0,false,true
202040659349300404,751081109,B,false,true,false,false,0,false,0,false,true
201913189349305966,430471057,A,false,true,true,false,0,false,0,false,true
201913189349305966,430471057,B,false,true,false,false,0,false,0,false,true
201913189349305966,430471057,C,false,true,false,false,0,false,0,false,true
201902839349300530,362170999,A,0,1,1,1,1,1,SEE SCHEDULE K PART,IV,7.100000000000,0,0,0,0,1
201902839349300530,362170999,B,0,1,1,1,1,1,PNC BANK NATIONAL,ASSOCIAITON,10.000000000000,0,0,0,0,1
202001219349301015,362167855,A,0,0,0,0,1,0,0,0,0
202001219349301015,362167855,B,0,0,0,0,1,0,0,0,0
202001219349301015,362167855,C,0,0,0,0,1,0,0,0,0
202021489349301322,540575812,A,0,0,1,0,1,1,Wells Fargo,10,0,1,0,0,1
202021489349301322,540575812,B,0,0,1,0,1,0,0,0,1
202021489349301417,160743900,A,0,0,0,0,0,0,0,0,0
201921799349300037,111630741,A,false,false,false,true,false,false,0,false,0,false,true
201921799349300037,111630741,B,false,false,false,true,false,false,0,false,0,false,true
201921799349300037,111630741,C,false,false,false,true,false,false,0,false,0,false,true
201921799349300037,111630741,D,false,false,false,true,false,false,0,false,0,false,true
202030789349300408,430356250,A,false,true,false,false,0,false,0,false,true
202030789349300408,430356250,B,false,true,false,false,0,false,0,false,true
202030789349300408,430356250,C,false,true,false,false,0,false,0,true,true
202030789349300408,430356250,D,false,true,false,false,0,false,0,false,true
202020579349301312,420680408,A,0,0,0,0,0,0,0,0,1
202040919349300639,741143128,A,false,false,false,true,false,false,0,false,0,false,false
202040919349300639,741143128,B,false,false,false,true,false,false,0,false,0,false,false
202040919349300639,741143128,C,false,false,true,false,false,false,0,false,0,false,false
202040919349300639,741143128,D,false,false,true,false,true,false,0,false,0,false,false
202040999349300414,250965430,A,0,1,0,1,0,0,0,1,1
202040999349300414,250965430,B,0,1,0,1,0,0,0,0,1
202031929349300248,381550064,A,0,1,1,0,0,0,0,0,0
201933229349300443,480548361,A,0,0,0,0,0,0,0,0,0
201923199349305157,470418641,A,0,0,1,0,1,0,0,0,1
202011009349300441,111630830,IRS990ScheduleK,A,false,false,false,true,false,false,0,false,0,false,true
202011009349300441,111630830,IRS990ScheduleK,B,false,false,false,true,true,false,0,false,0,false,true
202011009349300441,111630830,IRS990ScheduleK,C,false,false,false,true,false,false,0,false,0,false,true
202011009349300441,111630830,IRS990ScheduleK,D,false,false,false,true,false,false,0,false,0,false,true
202031129349301148,592961536,A,0,0,0,1,0,0,0,0,1
202031129349301148,592961536,B,0,1,0,0,0,0,0,0,1
202031369349302408,540505977,A,false,true,false,true,true,false,0,false,0,false,true
202031369349302408,540505977,B,false,true,false,true,true,false,0,false,0,false,true
202031369349302408,540505977,C,false,true,false,true,true,false,0,false,0,false,true
202031369349302408,540505977,D,false,true,false,true,true,false,0,false,0,false,true
202001339349301925,344428219,A,false,false,false,true,true,true,FIFTH THIRD,40.,false,false,false,0,false,true
202031369349301838,610470593,A,0,0,0,0,0,1,FIFTH THIRD,20.500000000000,0,0,0,0,1
202031369349301838,610470593,B,0,0,0,0,0,1,FIFTH THIRD,4.500000000000,0,0,0,0,1
202031369349301838,610470593,C,0,0,0,0,0,1,FIFTH THIRD,12.500000000000,0,0,0,0,1
202031369349301838,610470593,D,0,0,0,0,0,1,FIFTH THIRD,17.500000000000,0,0,0,0,1
201943229349300504,571102885,A,false,false,false,false,true,false,false,false,false
202021959349300802,240772407,A,false,true,false,false,false,true
202021959349300802,240772407,B,false,true,false,false,false,true
202021959349300802,240772407,C,false,true,false,false,false,true
202021959349300802,240772407,D,false,true,false,false,false,false,false,true
202041479349300509,020223955,A,0,0,1,0,0,0,0,0,0
202041479349300509,020223955,B,0,0,1,0,0,0,0,0,0
202041479349300509,020223955,C,0,0,0,0,1,0,0,0,0
202030769349300133,362177133,A,0,0,0,1,1,0,0,0,0
202030769349300133,362177133,B,0,0,0,1,1,0,0,0,0
202010649349300911,580593438,A,false,false,false,false,false,false,false,false,false
202001969349303630,310707369,A,0,0,1,0,0,0,0,0,1
202001969349303630,310707369,B,0,1,0,0,0,0,0,0,1
202031929349301518,362167854,A,false,false,false,true,false,false,false,NA,false,true
202031929349301518,362167854,B,false,true,false,false,false,false,false,false,true
202031929349301518,362167854,C,false,true,false,false,false,false,false,false,true
202031929349301518,362167854,D,false,true,false,false,false,false,false,false,true
202031929349301603,362177139,RetDoc1053100001,A,0,0,1,1,1,0,0,0,1
202031929349301603,362177139,RetDoc1053100001,B,0,0,1,1,1,0,0,0,1
202031929349301603,362177139,RetDoc1053100001,C,0,1,1,0,1,1,MORGAN STANLEY CAP,35.000000000000,0,0,0,0,1
202031929349301603,362177139,RetDoc1053100001,D,0,0,0,1,1,1,MERRIL LYNCH,CAPITAL SERVICES,33.000000000000,0,0,0,0,1
202001359349302825,131099420,A,false,false,false,true,false,false,0,false,0,false,true
202040719349300714,340714670,A,0,1,0,0,0,0,0,0,1
202001359349300230,042103544,IRS990ScheduleK,A,false,true,false,false,false,false,0,false,0,false,true
202001359349300230,042103544,IRS990ScheduleK,B,false,true,false,false,false,false,0,false,0,false,true
202001359349300230,042103544,IRS990ScheduleK,C,false,true,false,false,false,false,0,false,0,false,true
202001359349300230,042103544,IRS990ScheduleK,D,false,true,false,false,false,false,0,false,0,false,true
202001359349303745,941156617,A,0,1,0,0,0,0,0,0,1
202001359349303745,941156617,B,0,1,0,0,0,0,0,0,1
202001359349303745,941156617,C,0,1,0,0,0,0,0,0,1
202001359349303745,941156617,D,0,1,1,0,0,0,0,0,1
202011479349300971,480543729,A,false,false,false,true,true,false,0,false,false,0,false,true
202011329349301101,240804602,A,0,0,1,0,1,1,FIRST NATIONAL BANK,12.000000000000,1,0,0,0,1
202011329349301101,240804602,B,0,0,1,0,1,0,0,0,1
202040499349300509,620488046,A,0,0,0,0,1,0,0,0,1
