object_id,ein,Dsc,NncshCntrbtnsRptF990Amt
201533179349305948,620497990,X,Furniture and equipment,7,39565,FMV
201533179349305948,620497990,X,Miscellaneous,2,254,FMV
201523209349309137,591092732,X,ENTERTAINMENT GIFT CARDS & TICKETS,103,21601,FAIR MARKET VALUE
201523209349309137,591092732,X,SERVICE GIFT CARDS,44,20374,FAIR MARKET VALUE
201523209349309137,591092732,X,CLOTHING & HOUSEHOLD,18,2239,FAIR MARKET VALUE
201523209349309137,591092732,X,GIFT CARDS & BASKETS,16,1975,FAIR MARKET VALUE
201523209349309137,591092732,X,RESTAURANT & FOOD GIFT CARDS,34,1475,FAIR MARKET VALUE
201523209349309137,591092732,X,MISCELLANEOUS,17,1014,FAIR MARKET VALUE
201543159349300809,560529972,X,SOFTWARE,1,9690,FMV
201542549349300204,350715530,X,MISCELLANEOUS,2,75708,FMV
201542549349300204,350715530,X,PIANO,1,13700,FMV
201542549349300204,350715530,X,BUILDING MATERIALS,1,6600,FMV
201542549349300204,350715530,X,FURNITURE,1,5200,FMV
201512879349301636,410694721,X,AUCTION ITEMS,152,43710,ESTIMATED FMV
201533009349300718,750917417,Food Catering,1,35000,FMV
201502889349300345,240795439,X,GOLF TOURNAMENT BILLBOARD,1,20000,FMV
201502889349300345,240795439,X,COMPUTER SUPPLIES,1,12237,FMV
201502889349300345,240795439,X,MAKER FAIRE BILLBOARD,1,9200,FMV
201502889349300345,240795439,X,24 CORDLESS DRILLS AND BITS SETS,1,5567,FMV
201502889349300345,240795439,X,MAKER FAIRE RADIO ADVERTISING,1,5000,FMV
201502889349300345,240795439,X,WOOD,1,2500,FMV
201502889349300345,240795439,X,2001 SUBARU LEGACY SEDAN,1,2375,FMV
201502889349300345,240795439,X,HAMILTON GALILEO VENTILATOR,1,1500,FMV
201502889349300345,240795439,X,MAKER FAIRE VIDEO,1,1500,FMV
201502889349300345,240795439,X,GOLF TOURNAMENT PRINT AD,1,1250,FMV
201502889349300345,240795439,X,ADJUNT INSTRUCTOR,1,450,FMV
201502889349300345,240795439,X,PRESSURE GAGUE,1,424,FMV
201502889349300345,240795439,X,DELTA LATHE,1,350,FMV
201532829349300648,750855633,X,Gift certif,13,456,FMV
201532829349300648,750855633,X,Meals,4,1142,Cost
201532829349300648,750855633,X,Athletic Equip,3,4417,Cost
201532829349300648,750855633,X,Plants,1,75,Cost
201532829349300648,750855633,X,Technology,3,884,Cost
201532829349300648,750855633,X,Telescopes,1,2340,Cost
201532829349300648,750855633,X,Supplies,1,111,Cost
201502589349300015,390813418,X,LIFE INSURANCE POLICY,1,18897,FMV
201513519349300001,560554199,X,SUPPLIES AND OTHER,19,20902,ESTIMATED VALUE
201503429349300415,381360586,X,Renovation of Facilities,1,132731,Cost of renovation
201503209349306050,150532254,X,TVS FOR PATIENT ROOMS,216,199800,FAIR MARKET VALUE
201513179349300141,231352001,X,PIANO,2,52500,FMV ON DATE OF GIFT
201523179349307722,390806325,X,GOLF CART,1,3000,FMV
201523179349307722,390806325,X,SPORTING GOODS,1,1866,FMV
201523179349307722,390806325,X,TICKETS,1,320,FMV
201523179349304432,410908458,X,HARDHATS,1,88883,ESTIMATED FAIR MARKE
201523179349300947,042104258,X,Generator,1,0,cost of donated property
201523179349300947,042104258,X,Camera video equipment,1,0,cost of donated property
201513139349303301,941748275,X,Rent,1,78375,FMV
201513149349303106,954559065,X,1,120000
201503169349302215,132635819,X,VARIOUS DONATED SERVICE AND SUPPLIES,100,422290,FMV
201503169349302985,810231774,X,MISC SUPPLIES AND GIFTS,248,171161,MARKET VALUE-GIFT DA
201503169349302985,810231774,X,"PORTIBLE CLIMING WALL, TRAILER, HYDROLIC SYSTEM",1,34400,MARKET VALUE-GIFT DA
201503169349302985,810231774,X,PROFESSIONAL SERVICES FOR REMODEL OF ST. CHARLES,2,28533,MARKET VALUE-GIFT DA
201503169349302985,810231774,X,AUTO LEASE,1,17483,MARKET VALUE-GIFT DA
201503169349302985,810231774,X,TREE FORT AT PRESIDENT'S HOUSE,1,5973,MARKET VALUE-GIFT DA
201513169349302116,570314415,X,MISCELLANEOUS,70,23619,"FOOD, SUPPLIES, AND OTHER"
201503159349300445,251065148,X,TRAVEL EXPENSES,19,39642,TRAVEL REPORT/RECEIP
201503159349300445,251065148,X,MUSICAL INSTRUMENTS,2,18500,PRIVATE APPRAISAL
201503159349300445,251065148,X,EVENT EXPENSES,2,16574,RECEIPTS
201503159349300445,251065148,X,EQUIPMENT,9,8200,INVOICE
201543069349301069,910570848,X,INFORMATIONAL TECHNOLOGY EQUIPMENT,1,35000,FAIR MARKET VALUE
201543069349301069,910570848,X,ELECTRICAL EQUIPMENT,3,22775,FAIR MARKET VALUE
201543069349301069,910570848,X,WELDING EQUIPMENT,3,22685,FAIR MARKET VALUE
201543069349301069,910570848,X,AUTOMOTIVE EQUIPMENT,5,21270,FAIR MARKET VALUE
201543069349301069,910570848,X,HVAC EQUIPMENT,2,6050,FAIR MARKET VALUE
201543209349311059,364195126,X,Misc,18,160076,Cost
201533159349300908,430471057,X,VARIOUS EQUIPMENT AND SUPPLIES,37,45046,FAIR MARKET VALUE
201523149349303137,420681049,X,AUCTION ITEMS,73,3675,ACTUAL
201523149349303137,420681049,X,GIFT CARDS,16,1780,ACTUAL
201523149349303137,420681049,X,MEALS,9,315,ACTUAL
201523149349303137,420681049,X,WEIGHTS,1,97,ACTUAL
201523149349303137,420681049,X,THEATER TICKETS,1,12,ACTUAL
201533229349300718,880121831,X,Donated Wine & Furniture,12,33682,ebay googel or price sold
201533419349300518,590624401,X,FURNITURE,3,25926,COST
201533419349300518,590624401,X,VARIOUS ITEMS,11,4335,COST
201533359349301003,381627600,X,Music Cd's/Scores,4,5759,Donor Estimate
201533359349301003,381627600,X,Musical Instruments,3,3325,Donor/Market Estimates
201533359349301003,381627600,X,Equipment for Education Purposes,2,2280,Donor/Internet Estimate
201513489349300201,560767736,X,1,17000
201533359349300443,850164940,X,LOANS,2,4582566
201523449349300817,344427516,X,COMPUTERS,1,9700,COST
201543519349300144,530196583,X,ELECTRONIC EQUIPMENT AND COMPUTERS,3,28917,Selling cost
201543519349300144,530196583,X,CD COLLECTIONS,2,9836,Opinions of experts
201543519349300144,530196583,X,COST OF DINNER DONATION FOR EVENT,1,5000,Cost
201543519349300144,530196583,X,MUSICAL INSTRUMENTS AND MUSIC,4,27207,Opinions of experts
201533559349300803,566049935,X,EQUIPMENT,13,207978,DONOR STATED
201533559349300803,566049935,X,MISCELLANEOUS,21,17184,DONOR STATED
201533559349300803,566049935,X,PHOTOGRAPHY,27,8608,INVOICE COST
201523499349301057,061744054,SUPPLIES,11,3225,FAIR MARKET
201533529349300538,750851900,X,Gift Annuity,3,90902,Appraisal
201533529349300538,750851900,X,Misc. Supplies,7,17591,Appraisal
201533529349300538,750851900,X,Tickets/Members,4,10380,Market Value
201543349349300469,350868181,X,1 Horse,1,50000,FMV
201543349349300469,350868181,X,Life Insurance Policy,1,12621,FMV
201543349349300469,350868181,X,Video Games,1,360,FMV
201513529349300801,362170999,X,AUCTION ITEMS,67,40614,ACTUAL COST
201513529349300801,362170999,X,KITCHEN EQUIPMENT,1,35000,ACTUAL COST
201513529349300801,362170999,X,RAFFLE ITEMS,1,5500,ACTUAL COST
201513529349300801,362170999,X,EDUCATIONAL EQUIPMENT,5,3430,COMPARABLE COST
201543509349300704,590737882,X,OVEN,1,420,FAIR MKT VALUE
201543509349300704,590737882,X,DINNERWARE,1,566,FAIR MKT VALUE
201543509349300704,590737882,X,1 WK VACATION,1,1200,FAIR MKT VALUE
201543509349300704,590737882,X,POOL TABLE,1,4500,FAIR MKT VALUE
201543509349300704,590737882,X,TABLETS,2,2500,FAIR MKT VALUE
201543509349300704,590737882,X,A/C HANDLER,2,3000,FAIR MKT VALUE
201543509349300704,590737882,X,CLASSROOM RENOV,2,3500,FAIR MKT VALUE
201543509349300704,590737882,X,DECORATIONS,1,139,FAIR MKT VALUE
201523169349300212,362167792,X,Various,8,14849,Sales Value
201523179349301942,570314374,X,OTHER,11,252285,ACTUAL VALUE
201522879349300147,951916051,X,Gift cards & Certificates,25,786,Cost
201522879349300147,951916051,X,Guitars,1,300,FMV
201522879349300147,951916051,X,Expense by Officer,0,278,Cost
201522879349300842,350868095,X,MEALS,0,2389,RECEIPTS
201522879349301822,362515868,X,Chemistry equipment,1,50000,Fair market value
201522879349301822,362515868,X,Other equipment,3,26589,Fair market value
201522879349301822,362515868,X,Piano,2,4000,Fair market value
201522879349301822,362515868,X,Samsung television,1,550,Fair market value
201522889349301517,420680323,X,EDU MATERIALS,11,11,"SEE SCH M, PART II"
201522889349301517,420680323,X,EQUIPMENT,3,3,"SEE SCH M, PART II"
201522889349301517,420680323,X,PROMO ITEMS,1,1,"SEE SCH M, PART II"
201513179349303591,381357020,X,SOFTWARE,1,1126329,FAIR MARKET VALUE
201513179349303591,381357020,X,EVENT ITEMS,263,327344,FAIR MARKET VALUE
201513179349303591,381357020,X,MISCELLANEOUS,30,141392,FAIR MARKET VALUE
201513179349303591,381357020,X,LAND LEASE,1,96000,FAIR MARKET VALUE
201513209349308151,550643304,X,Televisions for PICU,10,21185,Cost
201513209349308151,550643304,X,Deck for Family House,1,50000,Cost
201532939349300213,420680460,X,PROGRAM EQUIP & RESOURCES,208,94008,"ITEMS < $5,000 EACH"
201532939349300213,420680460,X,PROGRAM EQUIP & RESOURCES,4,34627,ACTUAL COST
201533159349303253,420686467,X,UNITRUST,1,962260,FMV
201533149349300038,592961536,X,EQUIPMENT,22,19028,COST OF ITEMS
201502799349300130,562231069,X,MISCELLANEOUS,8,49984,FMV ESTABLISHED BY D
201523179349302807,250965547,X,"Equipment,memberships,software,travel,ed material",0,1770017,cost of property
201523559349300117,840442429,X,Misc Other,56,113051,FMV-Similar Asset Sa
201523559349300117,840442429,X,Furniture,2,39928,FMV-Similar Asset Sa
201523099349301917,350886846,X,Other - Miscellaneous,19,13772,FMV
201523579349300502,010275130,X,Miscellaneous,2,1039,Fair Market Value
201523179349309337,136171197,X,COSMETICS,4,53200,resale value
201523179349309337,136171197,X,DINING & ENTERTAINMENT,44,40353,resale value
201523179349309337,136171197,X,ELECTRONICS,2,1647,resale value
201523179349309337,136171197,X,FLOWER,1,350,resale value
201523179349309337,136171197,X,GIFT BASKET,11,36618,resale value
201523179349309337,136171197,X,GIFT CERTIFICATE,13,4285,resale value
201523179349309337,136171197,X,FURNITURE,5,49668,resale value
201523179349309337,136171197,X,JEWLERY,4,19855,resale value
201523179349309337,136171197,X,WATER FILTRATION SYSTEM,1,2040,resale value
201523179349309337,136171197,X,SPORTS TICKETS,4,10900,RESALE VALUE
201523179349309337,136171197,X,STATIONARY,1,100,RESALE VALUE
201523179349309337,136171197,X,WINE,2,2250,RESALE VALUE
201523179349309337,136171197,X,VACATION,14,60418,RESALE VALUE
201523179349309337,136171197,X,ACCESSORIES,1,23031,RESALE VALUE
201523509349300322,610660795,X,PIANO,1,18000,COMPARABLE SALES
201523509349300322,610660795,X,COMPUTERS,2,2140,COMPARABLE SALES
201620139349300407,560530240,X,Equestrian Horses,8,256790,Appraisal
201610129349300516,640303086,X,HORSE,1,60000,APPRAISAL
201600129349301000,550370901,X,1,48088,REPLACEMENT COST
201620099349300107,620475691,X,Piano,1,16999,professional appraisal
201620099349300107,620475691,X,Horse,1,20000,professional appraisal
201600139349300330,420680389,X,Athletic Fundraising,53,11504,FMV
201600139349300330,420680389,X,Use of Vehicle Provided to President,1,8967,Dealer Lease Rate
201600139349300330,420680389,X,Misc Gifts in Kind,3,1122,FMV
201600159349300645,620599339,X,USE OF SPACE/RENT,1,161539,FAIR MARKET VALUE OF
201600159349300645,620599339,X,ADVERTISING,1,11316
201600159349300645,620599339,X,PATRON PARTY SPONSORSHIP,1,7590
201600159349300625,560532303,X,Leased Vechicle,4,17288,Market value
201600159349300625,560532303,X,Miscellaneous,1,13500,Market value
201600159349300625,560532303,X,Miscellaneous,2,33741,Market value
201503229349300230,420680408,X,Gift certificates,14,3044,Face value
201503229349300230,420680408,X,Tickets and passes,20,2818,Face value
201503179349302825,621149976,X,PROGRAM SUPPLIES,6,9411,FMV
201503179349302825,621149976,X,CONFERENCE SUPPLIES AND EXPENSES,8,5873,FMV
201512829349300441,590936101,X,Furnture and Fixtures,3,221,Cost of donated property
201512829349300441,590936101,X,Equipment Machinery,15,144817,Cost of donated property
201512829349300441,590936101,X,Gift certificates and real property,215,63006,Cost of donated property
201512829349300441,590936101,X,Services,6,697,Cost of donated property
201620159349300602,470376524,X,ANNUITY OBLIGATIONS,2,25000,ACTUARIAL PRESENT VA
201600299349300045,362225483,X,PLANE TICKETS,1,80143,MARKET VALUE
201620199349301057,141423161,X,OMNICELL CABINETS,1,120000,FAIR MARKET VALUE
201620199349301057,141423161,X,OVERIT PUBLIC RELATIONS,1,15000,FAIR MARKET VALUE
201620199349301057,141423161,X,SPORTS DRINKS TOWELS BOTTLES,1,12500,FAIR MARKET VALUE
201620199349301057,141423161,X,FUNDRAISING PRIZES,2,2406,FAIR MARKET VALUE
201600219349300925,391201561,X,PROGRAM SUPPLIES,8,31250,DONOR REPORTED
201600219349300925,391201561,X,"PROFESSIONAL SERVICES (PRINTING, PHOTO, MARKETING)",5,2670,DONOR REPORTED
201600219349300925,391201561,X,LODGING/HOTEL ACCOMODATIONS,1,2549,FMV
201600219349300925,391201561,X,FOOD/NON-INVENTORY,5,1780,DONOR REPORTED
201640199349300629,381359569,X,Meals,23,10028,Fair Market Value
201640199349300629,381359569,X,Supplies,18,5844,Fair Market Value
201640199349300629,381359569,X,Travel,25,9932,Fair Market Value
201620199349300407,310544271,X,COMPUTERS & EQUIPMENT,1,103181,FMV
201630159349301348,620476666,X,MISCELLANEOUS,11,63995,COST
201610419349300716,610444650,X,BICYCLES,1,200,Market value
201610419349300716,610444650,X,CRAFT MATERIALS,2,1601,Market value
201610419349300716,610444650,X,COMPUTER EQUIPMENT,1,200,Market value
201610419349300716,610444650,X,MUSICAL INSTRUMENT,1,553,Market value
201610419349300716,610444650,X,TICKETS TO SPORTING EVENT,1,4804,Market value
201630229349300713,420698196,X,Travel,13,4304,Invoices
201630229349300713,420698196,X,Science Supplies,1,1500,Invoice
201630229349300713,420698196,X,Concrete,2,175000,Invoices
201630229349300713,420698196,X,Music Supplies,1,2100,Invoice
201630259349300038,941279803,X,Ceramic Equipment and Supplies,2,33532,FMV
201630259349300038,941279803,X,Miscellaneous,6,9324,FMV
201630259349300038,941279803,X,Piano,1,3628,FMV
201630259349300038,941279803,X,Video Equipment,1,3000,FMV
201630259349300038,941279803,X,CDs,1,2500,FMV
201630259349300038,941279803,X,Fume Hoods,1,1500,FMV
201600429349301280,231526668,X,ENTERTAINMENT,55,23965,SELLING PRICE
201600429349301280,231526668,X,TRAVEL AND VACATIONS,8,10550,SELLING PRICE
201600429349301280,231526668,X,SERVICE,4,8250,SELLING PRICE
201600429349301280,231526668,X,SUNDRY ITEMS FOR HOME,72,7352,SELLING PRICE
201600279349300985,756114836,X,Organ,1,18000,Appraisal
201600279349300985,756114836,X,Computers,1,4798,Cost
201600209349300030,941698615,X,GARDEN PLANTS/FLOWERS,1,30094,FMV
201600209349300030,941698615,X,MISCELLANEOUS,3,4288,FMV
201610229349300621,344428207,X,MUSICAL INSTRUMENTS,3,31380,APPRAISAL
201620329349301027,344430762,X,Equipment,39,15366,Market Value
201620329349301027,344430762,X,Travel,14,9055,Receipts
201600419349300925,931139187,X,MISCELLANEOUS GOODS,46,120735,FMV
201630269349300208,930401259,X,Auto lease,2,6549,Market rate
201630269349300208,930401259,X,Airfare,2,4501,Retail price
201630269349300208,930401259,X,Instructional equipment,2,2,$1
201630269349300208,930401259,X,Furniture,1,1,$1
201630269349300208,930401259,X,Musical instruments,1,1,$1
201630259349300788,390806196,X,GIFT CARD,1,50,FMV
201600359349301705,231352692,X,CLOTHING & HOUSEHOLD GOODS,15,4696,DONOR COST
201600359349301705,231352692,X,FOOD/BEVERAGE DONATIONS,3,2760,DONOR COST
201600359349301705,231352692,X,GIFT CERTIFICATE/GIVE AWAYS,8,1190,DONOR COST
201600359349301705,231352692,X,FURNITURE & EQUIPMENT,5,1175,DONOR COST
201610339349301351,231522643,X,MISC ITEMS,19,6320,COST
201600329349301120,270725461,X,FURNITURE AND EQUIPMENT,2,145940,OPINIONS OF EXPERTS
201600329349301120,270725461,X,OTHER,0,10020,COST
201610199349300801,370661211,X,EQUIPMENT,4,11063,FMV
201610199349300801,370661211,X,OFFICE SUPPLIES,3,3500,COST
201610199349300801,370661211,X,MEALS & ENTERTAINMENT,4,635,COST
201610429349302416,570324906,X,Computers/Equipment,8,14679,Selling price
201610429349302416,570324906,X,Prizes/Event food,5,7080,Selling price
201610219349300411,410795255,X,Materials,14,21926,Fair market value
201620129349300412,208384273,X,EQUIPMENT,2,6498,FAIR MARKET VALUE
201620219349300827,350867954,X,Life estate interest,1,126864,Fair market value
201620219349300827,350867954,X,Office supplies/equipment,7,56949,Fair market value
201620219349300827,350867954,X,"Organ, Violin",2,4550,Fair market value
201620219349300827,350867954,X,Gift cards/travel expenses,6,731,Fair market value
201610409349300916,010355980,X,MATERIALS AND SUPPLIES,4,7500,FAIR MARKET VALUE
201610409349301421,030197728,X,VARIOUS ITEMS,1,12218,FAIR MARKET VALUE
201610339349301001,540575812,X,Music Instruments,1,1610,Expert
201600409349301615,430652649,X,CHEMICALS,1,567434,FAIR MARKET VALUE
201600409349301615,430652649,X,LAND/BUILDING,1,500000,FAIR MARKET VALUE
201600409349301615,430652649,X,APPAREL,2,43704,FAIR MARKET VALUE
201600409349301615,430652649,X,TV STUDIO SET,1,25000,FAIR MARKET VALUE
201600409349301615,430652649,X,DISNEY SCORE/BROCHURES/OFFICE CHAIR,1,5378,FAIR MARKET VALUE
201600409349301615,430652649,X,TOOLS/BOOKS,1,5000,FAIR MARKET VALUE
201600409349301615,430652649,X,PROJECTOR,1,4000,FAIR MARKET VALUE
201600409349301615,430652649,X,UMBRELLAS/GOLF TOWELS,1,1833,FAIR MARKET VALUE
201600409349301615,430652649,X,GAME TICKETS/SIGNED BASEBALL,1,550,FAIR MARKET VALUE
201600409349301615,430652649,X,PEPSI PRODUCTS,1,100,FAIR MARKET VALUE
201600139349300810,410695509,X,EQUIPMENT,1,4760,SALE OF COMPARABLE I
201600139349300810,410695509,X,INSURANCE POLICY,1,1485,CASH SURRENDER VALUE
201600139349300810,410695509,X,"GIFT CARDS, CERTIFICATES, AND TICKETS",12,965,FACE VALUE
201543179349306439,580633977,PAID BY OTHERS,1,13334,AMOUNT PAID
201543179349306439,580633977,DEPOSIT TO GIFT,2,4700,AMOUNT PAID
201533209349308433,416011702,X,OTHER MISC,41,0,MARKET VALUE
201533069349301488,362310478,X,Eyeglass frames and assembly,12,50057,Cost
201533069349301488,362310478,X,Electronic Magnifier,1,1200,Cost
201533069349301488,362310478,X,Beer and Wine for Event,1,125,Cost
201533069349301488,362310478,X,IPAD,1,465,Cost
201533069349301488,362310478,X,Opthalmic Equipment,5500,5500,Cost
201640139349300144,131916574,X,SUPPLIES/SUPPLEMENTS,17,59863,SELLING PRICE
201640139349300144,131916574,X,EQUIPMENT LEASE,1,7058,SELLING PRICE
201640149349301139,420707124,X,Fundraising Prizes,21,3904,Fair Market Value
201640149349301139,420707124,X,Medical Equipment,2,900,Fair Market Value
201640329349301254,200471061,Salary,138000
201542589349301204,240795460,X,Event hosting/prizes,7,14558,Fair market value
201542589349301204,240795460,X,Printing Services,1,7292,Fair market value
201542589349301204,240795460,X,Travel Expenses,1,277,Fair market value
201600419349301000,420680404,X,CAR LEASE,2,15000,COST
201600419349301000,420680404,X,GIFT CARDS/CERTIFICATES,4,2115,COST
201600419349301000,420680404,X,FOOD,1,1882,COST
201600419349301000,420680404,X,RENT/STORAGE,1,1008,COST
201610099349300306,391399196,X,Equipment and Supplies,2,5246,Cost
201610409349300636,251900793,X,DEBT FORGIVENES,2,28970
201610409349300636,251900793,X,SECURITY SERVS.,1,20672
201543439349300014,430817015,X,STAR FIBER OPTIC BACKDROP,1,5000,FMV
201543439349300014,430817015,X,POOL TABLE,2,6310,FMV
201543439349300014,430817015,X,CLASSICAL ORGAN,1,7500,FMV
201543439349300014,430817015,X,AIR SWEEPER,1,11000,FMV
201630149349300013,420680466,X,BOARD MEETING EXPENSES,5,22936,COST
201543489349300844,221500484,X,Horses,20,1175002,Certified Appraiser
201600279349300230,231352664,X,Musical instruments,1,24500,appraisal
201600279349300230,231352664,X,minor repairs and renovations to facility,3,932,receipts for materials and services performed
201600279349300230,231352664,X,hosting an event for alumni,1,1530,receipts for expenses incurred for event
201630159349301603,560686603,X,FURNISHINGS/OTHER FOR PRESIDENTIAL HOUSE RENOVATION,19,26732,DONOR VALUE
201630159349301603,560686603,X,ATHLETIC SUPPLIES,24,11283,DONOR VALUE
201630159349301603,560686603,X,SOFTWARE,1,9690,DONOR VALUE
201630159349301603,560686603,X,MISCELLANEOUS,5,6047,DONOR VALUE
201630159349301603,560686603,X,PRINTING,3,912,DONOR VALUE
201630839349300708,410708577,X,SCIENCE EQUIPMENT,1,99315,APPRAISAL
201630839349300708,410708577,X,BUSHELS OF CORN,1,18045,FAIR MARKET VALUE
201630839349300708,410708577,X,GOLF CART AND TRAILOR,1,7500,FAIR MARKET VALUE
201630839349300708,410708577,X,DOOR PRIZES,27,6598,FAIR MARKET VALUE
201630839349300708,410708577,X,MISCELLANEOUS,7,6193,FAIR MARKET VALUE
201630979349300133,610448560,X,MONITORING SYSTEM EQUIP,1,37100,FAIR MARKET VALUE
201630979349300133,610448560,X,MISCELLANEOUS,9,34090,FAIR MARKET VALUE
201630979349300133,610448560,X,GRAND PIANO,1,10000,FAIR MARKET VALUE
201620449349300612,150533545,X,3,19450
201630469349301973,314379584,X,Golf Outing Refreshments,1,850,Cost
201630469349301973,314379584,X,Baseball Team Dinner,1,1046,Cost
201630469349301973,314379584,X,Golf Outing Green Fees and Cart Fees,1,1820,Cost
201630469349301973,314379584,X,Driver golf club at golf outing,1,375,Cost
201630469349301973,314379584,X,Student Presentation,1,6500,Cost
201601349349306625,951664100,X,9 Btl of Wine,1,1,FMV
201601349349306625,951664100,X,Other,1,1,FMV
201641329349304554,956001907,X,Maint Supplies,2,2235,Fair Market Value
201641329349304554,956001907,X,Computer Equipment,2,680,Fair Market Value
201601099349300405,340877803,X,MISCELLANEOUS,5,1702,ESTIMATED AND FAIR VALUE
201641069349300819,160743150,X,GIFT CARDS,10,0
201601339349302105,010211494,X,MISCELLANEOUS,55,21135,FMV
201601339349302105,010211494,X,TICKETS/PASSES,32,4760,FMV
201601039349300320,250965376,X,MISC ITEMS,4,0,LESS THAN COST
201610979349300026,250981156,X,EVENT TICKETS,6,467,FMV
201601309349300340,231352294,X,"Furnishings, lighting & decorative accessories",1,6621,FMV
201601309349302370,580566167,X,SERVICES,3,7608,FMV
201601309349302370,580566167,X,SPORT EQUIPMENT,6,2431,FMV
201601309349302370,580566167,X,MISCELLANEOUS,8,9496,FMV
201641329349302574,030179592,X,"Software, hardware and licenses",1,119321,education retail price
201641329349302574,030179592,X,Gift Cards,11,235,face value
201610439349303266,800390564,X,EQUIPMENT/FURNITURE,14,29325,FAIR MARKET VALUE
201610439349303266,800390564,X,ENTERTAINMENT,10,4394,FAIR MARKET VALUE
201610909349300506,310537177,X,GOLF PACKAGE/ACCESSORIES,10,5583,FMV
201610909349300506,310537177,X,GIFT BASKETS,2,500,FMV
201610909349300506,310537177,X,EVENT TICKETS,2,405,FMV
201610909349300506,310537177,X,CLOCK,1,22000,FMV
201620969349300137,362167048,X,Entertainment,9,2453,See Part II
201620969349300137,362167048,X,Equipment,5,4250,See Part II
201620969349300137,362167048,X,Misc.,4,951,See Part II
201630449349301008,540505892,X,Horses,3,235000,Appraisals
201630449349301008,540505892,X,Science Equipment,1,58143,Market Value
201641199349300809,030179424,X,COMPUTER EQUIPMENT,1,53582,LEASE VALUE
201641199349300809,030179424,X,EDUCATIONAL EQUIPMENT,3,14284,FAIR MARKET VALUE
201641199349300809,030179424,X,FOOD & ENTERTAINMENT,4,11817,COST
201641199349300809,030179424,X,PRIZES,20,8923,FAIR MARKET VALUE
201641199349300809,030179424,X,SUPPLIES,1,629,COST
201601329349300040,046130872,X,MUSIC EQUIPMENT - PIANO,1,10500,APPRAISAL
201601329349300040,046130872,X,COOKED FOOD,1,0,REV.NOT RECORDED
201620989349300627,010211810,X,DENTAL LAB EQUIPMENT,1,179900,FAIR VALUE
201620989349300627,010211810,X,RESEARCH LAB EQUIPMENT,1,11810,FAIR VALUE
201620929349300637,941156610,X,MUSICAL INSTRUMENTS,5,54345,FAIR MARKET VALUE
201620929349300637,941156610,X,MISCELLANEOUS,2,25542,FAIR MARKET VALUE
201611049349300611,590637903,X,COMPUTER EQUIPMENT,7,3131841,FMV
201611049349300611,590637903,X,GIFTS,77,37255,FMV
201620479349300017,570314365,X,Services,1,28000,FMV
201611339349304706,131656667,X,MUSICAL INSTRUMENTS,5,35250,FMV
201611339349304706,131656667,X,OTHER/ELECTRIC & ELECTRONICS,2,2353,FMV
201640489349300034,366069820,X,CELL PHONE & ACCESSORIES,1,1037,FAIR MARKET VALUE
201640489349300034,366069820,X,FOOD FOR MEETING,1,526,FAIR MARKET VALUE
201640489349300034,366069820,X,CAMERA,2,500,RESALE VALUE
201640489349300034,366069820,X,"23.6"" LED LCD MONITOR",1,205,FAIR MARKET VALUE
201640489349300034,366069820,X,PICTURE FRAMES,18,58,FAIR MARKET VALUE
201640649349300819,352158366,X,Equipment/Supplies,2,3040,Market value
201640649349300819,352158366,X,Musical Instruments,1,4345,Market value
201640649349300819,352158366,X,Meals/Catering,2,2500,Market value
201630989349300543,370661494,X,USE OF AUTOS,15,57221,LEASE VALUE
201610909349300011,410693979,X,Event Passes,54,290,Replmnt Cost
201610909349300011,410693979,X,Equipment,8,283124,Replmnt Cost
201610909349300011,410693979,X,Gift Certificat,103,447,Replmnt Cost
201601069349300540,240795495,X,LAB EQUIPMENT,2,2900,DONOR ESTIMATE
201601069349300540,240795495,X,GIFT CARDS/CERTIFICATE,1,500,RECEIPT
201610939349300221,930386858,X,SUPPLIES,398,39425,COST/COMPARABLE SALE
201610939349300221,930386858,X,MISCELLANEOUS,15,8761,COST/COMPARABLE SALE
201610939349300221,930386858,X,EQUIPMENT,16,2530,COST/COMPARABLE SALE
201610939349300221,930386858,X,MUSICAL INSTRUMENTS,2,1700,EXPERT OPINION
201600979349300010,470405319,X,MUSICAL INSTRUMENTS,1,14700,ESTIMATED VALUE
201600979349300010,470405319,X,MEDICAL EQUIPMENT,1,10000,ESTIMATED VALUE
201600979349300010,470405319,X,MAPLE TREES,1,10000,ESTIMATED VALUE
201600979349300010,470405319,X,OTHER,1,5600,ESTIMATED VALUE
201620569349300832,910615846,X,AUCTION ITEMS,131,34159,FMV
201601329349301715,030179298,X,Miscellaneous items,29,16110,FMV
201601339349303330,430654876,X,HORSES,29,7250,$250 EACH - ORGANIZA
201640749349300419,530196549,X,SOFTWARE & LICENSES,4,1635066,MARKET VALUE
201640749349300419,530196549,X,MEALS & GIFT CARDS,22,22786,MARKET VALUE
201630959349300323,520591661,X,ART SUPPLIES,16,0,0
201630959349300323,520591661,X,EQUIPMENT,11,0,0
201601099349300730,910565571,X,MUSICAL INSTRUMENTS,2,10900,FAIR MARKET VALUE
201601099349300730,910565571,X,SPORTS EQUIPMENT,1,10123,COST OF DONATED ITEM
201601099349300730,910565571,X,EDUCATIONAL EQUIPMENT,4,5004,FAIR MARKET VALUE
201601099349300730,910565571,X,COMPUTER SOFTWARE,1,1045,COST OF DONATED ITEM
201601099349300230,560556753,X,CPR MANNEQUINS,1,600,FAIR MARKET VALUE
201601099349300230,560556753,X,MISC SUPPLIES,1,266,COST
201601099349300230,560556753,X,GIFT CARDS,5,135,FAIR MARKET VALUE
201601339349304945,150532200,X,Concert Harp,1,19500,Appraisal
201610759349300956,840402707,X,MENS GOLF PRODUCTS,1,6399,FMV
201610759349300956,840402707,X,MISC. EQUIPMENT,3,27141,FMV
201601039349300535,560547498,X,CONSTRUCTION OF CAFETERIA BUILDING,1,1019999
201640999349300019,910236600,X,EQUIP & SUPPLIES,25,106543,APPRAISAL & COST OF
201621059349300512,420703280,X,MISCELLANEOUS,143,87647,COST
201621059349300512,420703280,X,FOOD & SUPPLIES,16,19868,COST
201621059349300512,420703280,X,EQUIPMENT/FURNITURE,6,19573,COST/SELLING PRICE
201611329349302691,560532314,X,Athletic and exercise equipment,2,13950,Donor valued
201611329349302691,560532314,X,"Custom frames (7) 30"" x 40""",1,2000,Donor valued
201611329349302691,560532314,X,Yamaha Clavinova 88-key with sustaining pedal,1,1400,Donor valued
201611329349302691,560532314,X,"Catering for School event, miscellaneous",4,2877,Donor valued
201641329349300509,060646829,X,AUCTION PRIZES,228,0,SEE PART II
201641329349300509,060646829,X,VARIOUS,7,0,SEE PART II
201630399349300883,370673484,X,DINNER SPONSOR,1,19856,FAIR MARKET VALUE
201630399349300883,370673484,X,CLOTHES,1,286,FAIR MARKET VALUE
201640699349300644,560532297,X,MISCELLANEOUS,52,27247,FMV
201641339349305939,560529961,X,OTHER,71,251292,FMV
201611329349303016,710239576,X,Equipment,3,77605,FMV-Equipment
201611329349303016,710239576,X,Supplies,2,4375,FMV-Supplies
201601349349304085,591083502,X,see Part III,2,60000,FMV
201601349349304085,591083502,X,See Part III,3,0
201601349349304085,591083502,X,See Part III,6,0
201601349349304085,591083502,X,See Part III,12,0
201621279349300327,250965212,X,WWII MEMORABILIA,1,12235
201641279349300749,250496976,X,X-ray machine,1,3000,FMV (purchased cost)
201641279349300749,250496976,X,Environmental Science Equipment,1,7175,FMV (purchased cost)
201641279349300749,250496976,X,Steinway Piano,1,3000,FMV (appraisal)
201641279349300749,250496976,X,Grand Piano,1,5000,FMV (appraisal)
201641279349300749,250496976,X,Harpsichord,1,25000,FMV (appraisal)
201641279349300749,250496976,X,Catering,2,2252,FMV (purchased cost)
201601349349304810,520591672,X,BENCH,1,5520,COST
201631329349303363,231352661,X,Supplies,4,2648,Appraisal Value
201610819349300721,340714687,X,CAR PARTS,1,5075,APPRAISAL
201601349349304100,953909672,X,WINE & BEVERAGES,31,4462,RETAIL VALUE
201601349349304100,953909672,X,GIFT CARDS & CERTIFICATES,59,20715,RETAIL VALUE
201601349349304100,953909672,X,EVENTS/MOVIE TICKETS,3,255,RETAIL VALUE
201601349349304100,953909672,X,GIFT BASKETS,11,5836,RETAIL VALUE
201601349349304100,953909672,X,"BAGS, SHOES & JEWELRY",13,1525,RETAIL VALUE
201601349349304100,953909672,X,Electronics & Office EQ.,4,259,RETAIL VALUE
201601349349304100,953909672,X,TOYS & GAMES,5,365,RETAIL VALUE
201641319349302849,820200906,X,EQUIPMENT - SCOREBOARD,1,72560,FMV
201641319349302849,820200906,X,SIGNS,1,28500,FMV
201641329349303314,251035663,X,COMPUTER ACCESS,1,0,FMV
201641329349303314,251035663,X,DONATED EQUIPMENT,2,0,FMV
201641329349303314,251035663,X,DONATED FOR AUCTIONS OR PRIZES,7,0,FMV
201641329349303314,251035663,X,SPONSORSHIP OF RECEPTION,1,0,FMV
201641329349303014,941156646,X,OTHER CONTRIBUTIONS,122,5753
201641329349302009,540506306,X,Other-archival materials,11,11,value to college
201641329349302009,540506306,X,Other - gift cards/certificates,2,2,value to college
201641329349302009,540506306,X,Other-Musical instruments,2,27401,value to college
201641329349302009,540506306,X,Other - miscellaneous,5,5,value to college
201610929349300231,141338498,X,SOFTWARE,1,27099,FMV
201610929349300231,141338498,X,ITEMS FOR SARAZEN SCHOLARSHIP GOLF TOURNAMENT,26,10243,FMV
201610929349300231,141338498,X,ITEMS FOR EDWIN SELLS GOLF EVENT,22,4188,FMV
201610929349300231,141338498,X,ITEMS FOR FESTA VINO WINE TASTING EVENT,1,354,FMV
201620469349300517,141338309,X,Various in kind,1,1695,Fair value
201600829349300315,951921340,X,FURNITURES,4,0,VALUE NOT ASSIGNED
201641329349302114,340801310,X,FIXED ASSET ADDITIONS,1,30598,FAIR MARKET VALUE
201641319349302154,362177133,X,MISCELLANEOUS,12,21153,ESTIMATED VALUE OF I
201641319349302154,362177133,X,EVENT TICKETS,7,2665,ESTIMATED VALUE OF T
201641319349302154,362177133,X,VACATION SPOTS WITH ENTERTAINMENT,3,2419,ESTIMATED VALUE OF T
201641319349302154,362177133,X,FOOD ITEMS,4,1521,ESTIMATED VALUE OF I
201641319349302154,362177133,X,GIFT CERTIFICATES,3,115,DOLLAR VALUE OF GIFT
201631279349300758,221500645,X,IT EQUIPMENT,1,16000,Cost
201631279349300758,221500645,X,MISCELLANEOUS,30,11000,Cost
201630439349302543,430356250,X,EDUCATIONAL MATERIALS,7,31447,COST
201630439349302543,430356250,X,MEDICAL EQUIPMENT,4,76463,COST
201630439349302543,430356250,X,VARIOUS GIFTS,13,3913,COST
201601349349302315,042104329,X,Equipment,1,1876,Actual value
201601349349302315,042104329,X,Music,2,576,Actual value
201610439349300646,381374230,X,Life Insurance,2,85438,fmv
201610439349300646,381374230,X,Sporting Equipment,2,24046,appraisal
201610439349300646,381374230,X,Miscellaneous,13,0,Gift in Kind
201600929349300010,390806428,X,FITNESS CENTER EQUIPMENT,1,39635,FMV
201600929349300010,390806428,X,MISCELLANEOUS FUNDRAISING ITEMS,79,22564,FMV
201600929349300010,390806428,X,CAR LEASE,1,7800,FMV
201600929349300010,390806428,X,TRUSTEE DINNER,1,4508,FMV
201621339349305612,370661496,X,PIANOS,2,14000,FAIR MARKET VALUE
201621339349305612,370661496,X,INSURANCE,1,415,FAIR MARKET VALUE
201621339349305612,370661496,X,HOUSEHOLD ITEMS,1,234,FAIR MARKET VALUE
201621339349305612,370661496,X,TICKETS,1,78,FAIR MARKET VALUE
201621339349305612,370661496,X,GIFT CERTIFICATE,1,25,FAIR MARKET VALUE
201640439349300929,042271070,X,MISCELLANEOUS,7,37010,FMV
201640439349300929,042271070,X,AUCTION ITEMS,32,3933,FMV
201600999349300310,580633971,X,THEATRICAL SUPPLIES,1,27645,fmv
201600999349300310,580633971,X,WINE DONATIONS,131,176199,FMV
201600999349300310,580633971,X,goods,0,232406,FMV
201640469349301694,730579298,X,ORTHOSCAN,1,64811,INVOICE
201640469349301694,730579298,X,MISC ITEMS,252,21038,"INVOICES, DONOR LETT"
201620959349300842,362169145,X,Equipment,1,21992,cost per receipts
201620959349300842,362169145,X,AIRFARE AND HOTEL,1,1200,cost per receipts
201620959349300842,362169145,X,GOODS AND SERVICES,2,6796,cost per receipts
201620969349300632,911036794,X,DISPENSARY PRODUCTS,78,28927,WHOLESALE PRICE
201620969349300632,911036794,X,AUCTION ITEMS,75,4532,SALES PRICE AT AUCTI
201620969349300632,911036794,X,MAUI TIMESHARE,1,3654,ESTIMATE
201620969349300632,911036794,X,OTHER,9,2774,ESTIMATE
201600909349300910,911122839,X,MAT/TOOLS/SVC,12,55847,FMV
201630889349300103,231352641,X,EVENT EXPENSES,1,641,FMV
201630889349300103,231352641,X,SUPPLIES,9,798,FMV
201631309349300143,250969449,X,COMPUTER EQPT,8,284710,FAIR MARKET VALUE
201631309349300143,250969449,X,ALUMNI EVENT,138,72124,COST
201631309349300143,250969449,X,MISCELLANEOUS EQPT,12,50648,FAIR MARKET VALUE
201631309349300143,250969449,X,MUSIC EQPT,3,42250,APPRAISAL
201631339349305493,910567740,X,"musical instruments, travel vouchers and early terminated gift annuity",4,Market value
201641319349303054,042121659,X,lab supplies,4,21321,Fair Market Value
201641319349303054,042121659,X,lab equipment,4,81065,Fair Market Value
201641319349303054,042121659,X,general equipment,3,16460,Fair Market Value
201641319349303054,042121659,X,software,1,5000,Fair Market Value
201631349349305408,042103594,X,EQUIPMENT,11,254756,Market value
201631349349305408,042103594,X,ARCHIVAL RECORDS,13,0,NONE
201631349349305408,042103594,X,OTHER,9,0,NONE
201631339349303958,381366958,X,AUCTION MATERIALS/SUPPLIES,208,33197,FAIR MARKET VALUE
201631339349303958,381366958,X,ATHLETIC EQUIPMENT,1,1249,FAIR MARKET VALUE
201601349349302290,060646623,X,Media coverage,1,12280,Market value
201621329349304452,752765566,X,MEDICAL EQUIPMENT,101,1154711,COST/SELLING PRICE
201601059349300525,150545841,X,LABORATORY EQUIPMENT,1,49148,FMV AT CONTRIBUTION
201601059349300525,150545841,X,TRAVEL EXPENSES,2,5143,FMV AT CONTRIBUTION
201621069349300432,560529940,X,CHARTER FLIGHTS,2,30218,PRICE COMPARISON
201601069349301310,141338562,X,HORSES,6,425000,APPRAISAL
201600979349300415,150532204,X,"DOROTHY H.DILLINGHAM FRAMED PAINTING ""FLOW""",1,3000,CASH VALUE
201600979349300415,150532204,X,SCOTT LAFARO MUSIC MEMORABILIA,1,1000,CASH VALUE
201600979349300415,150532204,X,AUTOGRAPHED LETTER & PHOTO REFERENCING TRUMPET CONCERTO,1,500,CASH VALUE
201600979349300415,150532204,X,FRAMED WATERCOLOR PAINTED BY D.DILLINGHAM,1,385,CASH VALUE
201600979349300415,150532204,X,VINTAGE HATS AND HAT BOXES,1,300,CASH VALUE
201600979349300415,150532204,X,ORCHIDS,1,100,CASH VALUE
201600979349300415,150532204,X,PIECES OF MUSIC & MUSIC SCORES,173,2,DE MINIMUS VALUE
201600979349300415,150532204,X,TROMBONE SCORES,49,1,DE MINIMUS VALUE
201600979349300415,150532204,X,MUSIC BOOKS,26,1,DE MINIMUS VALUE
201600979349300415,150532204,X,FUR STOLE AND COLLAR FOR COSTUME SHOP,1,1,DE MINIMUS VALUE
201601169349301400,133297197,X,FOOD & BEVERAGES,1,13177,FAIR MARKET VALUE
201601269349300820,870212470,X,Gift Basket,1,2500,Cost
201601269349300820,870212470,X,Gift Basket,1,5000,Cost
201601269349300820,870212470,X,Publicly trad sec & Instruct,1,5561,Cost
201601269349300820,870212470,X,Furniture,1,1000,Cost
201601269349300820,870212470,X,Furniture/Gift Basket,1,54274,Cost
201601269349300820,870212470,X,Event use,7,4015,Cost
201601269349300820,870212470,X,Gift Basket,168,47353,Cost
201601269349300820,870212470,X,Instr/Program,2,1010,Cost
201601269349300820,870212470,X,Furniture,1,1500,Cost
201621099349301252,250965430,X,Room Furniture and Decorations,2,23848,FMV
201621099349301252,250965430,X,Electronics,2,2654,FMV
201621099349301252,250965430,X,Miscellaneous,17,955,FMV
201621319349301282,050306206,X,OTHER,62,77124,SALE COMPARABLE ITEM
201640469349302049,580566199,X,VARIOUS SUPPLIES,10,3894,FMV
201640469349302049,580566199,X,EQUIPMENT,1,1800,FMV
201621059349300437,060653264,X,CAPITAL EQUIPMENT,46,1137155,COST
201601349349306290,340714654,X,Picnic table,1,897,Cost
201601349349306290,340714654,X,Rotary trumpet,1,1,Other
201621249349301147,440617326,X,Auction items,136,61812,FMV
201631309349300433,240795460,X,Equipment,5,21200,FMV
201631309349300433,240795460,X,Prizes,1,3449,FMV
201631309349300433,240795460,X,Tickets/apparel/trees,4,2929,FMV
201640439349301449,470376525,X,Rodeo Belt Buckles,1,134,FMV
201640439349301449,470376525,X,"""Riderless Horse"" Bronze",1,1400,FMV
201611069349301116,951643334,X,Scientific Misc. Items,2,25604,FMV
201611069349301116,951643334,X,Theatrical cinematography,2,185000,FMV
201611069349301116,951643334,X,Athletic Equipment/Other,23,87521,FMV
201611069349301116,951643334,X,Food SERVED AT EVENTS,8,33064,FMV
201620439349301292,952594166,X,Gift card,1,500
201620439349301292,952594166,X,Tokens,8000,10000
201620439349301292,952594166,X,Vouchers,4654,51194
201620439349301292,952594166,X,Instr supplies,76519,76519
201611099349300741,131967322,X,Equipment,2,426779,fair market value
201611099349300741,131967322,X,Furniture,2,20745,fair market value
201631249349301203,061645496,X,Display,1,940,Market value
201631249349301203,061645496,X,Event Tickets,2,1225,Market value
201631249349301203,061645496,X,Facility,1,23482,Market value
201631249349301203,061645496,X,Jewelry,1,595,Market value
201631249349301203,061645496,X,Media Sponsor,2,2995,Market value
201631249349301203,061645496,X,Printing,1,9388,Market value
201631249349301203,061645496,X,Technology,2,5000,Market value
201631249349301203,061645496,X,Gift Cerfiticate,1,350,Market value
201601339349302175,350868175,X,MATERIALS FOR NEW ROOF,1,42000,FAIR MARKET VALUE
201601339349302175,350868175,X,WINE,1,6050,FAIR MARKET VALUE
201601339349302175,350868175,X,FOOD,1,6203,FAIR MARKET VALUE
201601339349302175,350868175,X,MEDICAL SCHOOL EQUIPMENT,3,8099,FAIR MARKET VALUE
201601339349302175,350868175,X,OTHER,22,16075,FAIR MARKET VALUE
201621339349301777,362191252,X,1,272910
201621339349301777,362191252,X,1,5000
201640509349300704,420707114,X,TRAVEL EXPENSES,24,13224,FMV
201640509349300704,420707114,X,OTHER GIFTS,4,5501,FMV
201640509349300704,420707114,X,CERTIFICATE OF DEPOSIT,1,5239,FMV
201640509349300704,420707114,X,SUPPLIES,8,1527,FMV
201601269349301310,741109620,X,Advanced computer equipment,3,1441813,Market value
201601269349301310,741109620,X,Musical instruments,3,85500,Market value
201601269349301310,741109620,X,Crew (rowing) equipment,2,2,Market value
201621339349301247,042103638,X,Insurance Contracts,1,306302,fair market value
201631349349307653,042103547,X,EVENT SUPPORT,14,543595,EVENT SUPPORT COST
201631349349307653,042103547,X,"EQUIP - MED,RESEARCH,EDU",13,3995961,INDEP. APPRAISAL
201631349349307653,042103547,X,DONATED AUCTION ITEMS,62,12111,INDEP. APPRAISAL
201640409349301429,610444780,X,modern cotton and wool Soumak rug,1,7600,Opinions of experts
201640409349301429,610444780,X,Various Furniture and Accessories,1,2200,Market value
201640409349301429,610444780,X,Conceptual floor plans,1,6500,Opinions of experts
201640409349301429,610444780,X,Various Furniture and Accessories,1,5045,Market value
201640409349301429,610444780,X,PGA Championship Tent Tickets,1,310,Cost
201640409349301429,610444780,X,2000 Pride Power Chair and Stander,1,3000,Market value
201640409349301429,610444780,X,Auction Items,102,22112,Selling cost
201621379349304227,570314422,X,OTHER,7,21000,FMV
201631349349304213,560529990,X,TRAVEL,4,9728,DONOR/RECEIPT/>$5K A
201631349349304213,560529990,X,BANNERS,1,8000,DONOR RECEIPT
201631349349304213,560529990,X,EVENTS/TICKETS/CAMPS,34,6419,DONOR/RECEIPT/>$5K A
201631349349304213,560529990,X,EDUC. EQUIPMENT,2,390,DONOR RECEIPT
201631129349300033,580566212,X,Musical instruments,1,500,Replacement cost
201611269349300336,420680344,X,ALUMNI EVENT,1,3068,FAIR VALUE
201631139349300028,590936101,X,Equipment-Machinery,13,105288,Cost of donated property
201631139349300028,590936101,X,Gift certificates and real property,231,53240,Cost of donated property
201631139349300028,590936101,X,Services,8,1645,Cost of donated property
201611179349300316,310536715,X,EVENT ITEMS,3,99499,Cost
201611179349300316,310536715,X,TICKETS,1,120,Cost
201611179349300316,310536715,X,TREES,1,3600,Cost
201611179349300316,310536715,X,MISCELLANEOUS,2,1022,Cost
201611179349300316,310536715,X,EQUIPMENT,2,84987,Cost
201621339349302607,042108376,X,EQUIPMENT,2,4295,EST. RETAIL VALUE
201621339349302607,042108376,X,EQUIPMENT,1,4380,ACTUAL INVOICE
201621339349302607,042108376,X,EMPLOYEE EVENT,1,500,EST. RETAIL VALUE
201621059349301057,741159753,X,Football Tickets,6,7120,Market value
201621059349301057,741159753,X,Equipment,5,197182,Other
201621059349301057,741159753,X,Gift Cards,1,300,Cost
201621059349301057,741159753,X,Horses,8,740002,Opinions of experts
201621059349301057,741159753,X,Organ and Piano,2,2,NONE
201621059349301057,741159753,X,Supplies,1,15750,Market value
201611349349301871,150532081,X,SPONSORED EQUIP,38,1039676,MARKET VALUE
201611349349301871,150532081,X,SPONSORED BLDGS,10,5137326,MARKET VALUE
201641239349300919,590624412,X,Furniture-Equipment,14,28157,Cost
201641239349300919,590624412,X,Entertainment,4,3260,Cost
201641239349300919,590624412,X,Miscellaneous,4,5150,Other
201611249349301416,910617727,X,Excavation Equipment,1,27625,FMV Appraisal
201611249349301416,910617727,X,Chemistry Equipment,1,100000,FMV Appraisal
201611249349301416,910617727,X,Airline Tickets,26,12500,Alaska Airlines
201611249349301416,910617727,X,Other,10004,FMV Appraisal
201621309349300737,382015048,X,AUCTION ITEMS,228,167362,COST
201621309349300737,382015048,X,FUNDRAISING,108,141261,COST
201621309349300737,382015048,X,MUSICAL INSTRUMENTS,2,8500,COST
201621339349304757,350868125,X,MISC EQUIPMENT,4,1517,MARKET VALUE
201621339349304757,350868125,X,OTHER,2,80,MARKET VALUE
201620429349301672,314379435,X,"GIFT CARDS,CERTIF.,MERCH.",15,1405,COST
201620429349301672,314379435,X,CONSULTING SERVICES,1,3000,MARKET VALUE
201620429349301672,314379435,X,TRAVEL COSTS,19,17018,COST
201630429349300228,390806202,X,OTHER,1,0
201611379349310576,060731360,X,INSTRUMENTS,10,31000,APPRAISAL
201611379349310576,060731360,X,GIFT CERTIFICATES,48,0,DONOR RECEIPTS
201611379349310576,060731360,X,MISCELLANEOUS,125,2816,DONOR RECEIPTS
201620689349300142,941156599,X,CONSTRUCTION SUPPLY,2,64508
201601329349303660,141713034,X,SEE PART II,47,188658,FAIR MARKET VALUE
201631309349301168,730579265,X,OFFICE FURNITURE,1,100000,FMV
201631309349301168,730579265,X,KITCHEN EQUIPMENT,1,75000,FMV
201631309349301168,730579265,X,MISCELLANEOUS ITEMS AND EQUIPMENT,1,35229,FMV
201631309349301168,730579265,X,DESIGN AND PRODUCT COORDINATOR,1,8473,FMV
201631309349301168,730579265,X,"ONE-WEEK STAY IN AN IRISH FARMHOUSE IN CORK, IRELAND",1,5000,FMV
201631309349302868,941358307,X,MUSICAL INSTRUMENT,1,4999,FAIR MARKET VALUE
201631309349302868,941358307,X,PERSONAL ACCESSORIES,29,3338,FAIR MARKET VALUE
201631309349302868,941358307,X,VOUCHERS-RESTAURANT/THEATER/THEMEPARK/SPORTS,23,3030,FAIR MARKET VALUE
201631309349302868,941358307,X,OTHER NONCASH,4,2170,FAIR MARKET VALUE
201631309349302868,941358307,X,TICKETS TO EDUCATIONAL EVENT,1,1018,FAIR MARKET VALUE
201641339349306284,042104736,X,FURNITURE,2,102458,FMV
201641339349306284,042104736,X,SUPPLIES,2,16350,FMV
201641339349306284,042104736,X,PLEDGES,4,1510,NPV
201641339349306284,042104736,X,SPORTS EQUIPMENT,1,1476,FMV
201641339349306284,042104736,X,EVENT TICKETS,8,1047,LIST PRICE
201641339349306284,042104736,X,DENTAL EQUIPMENT,2,667,FMV
201641339349306284,042104736,X,ANIMALS,1,300,FMV
201641339349306284,042104736,X,CAR RENTALS,1,300,FMV
201641339349306284,042104736,X,GIFT CARDS,2,100,LIST PRICE
201641339349305274,941279798,X,FURNITURE,2,1850,DONOR INFORMED
201641339349305274,941279798,X,KAYAKS,1,1400,ESTIMATE
201641339349305274,941279798,X,OFFICE SUPPLIES,2,157,RECEIPTS
201611049349300126,237121060,X,GIFTS IN KIND,1,5700,COST OR SALE PRICE
201621349349301537,042103552,X,Musical Instrument,1,12500,Appraisal
201621349349301537,042103552,X,Massage Chair,1,1500,Fair Market Value
201630439349302238,730774245,109,36004,FMV
201601339349303970,221529785,X,AUCTION ITEMS,14,7250,FMV
201601339349303970,221529785,X,CHINA AND STEMWARE,1,2500,FMV
201621339349303557,410693970,X,OTHER,90,28805,ESTIMATED VALUE
201621339349303557,410693970,X,INSURANCE PREMIUM,6,3427,ESTIMATED VALUE
201640419349301979,620475751,X,CRAFT SUPPLIES INCLUDING 1000 RUBBER STAMPS,1,13000,FAIR MARKET VALUE
201640419349301979,620475751,X,FURNITURE,1,1635,FAIR MARKET VALUE
201640419349301979,620475751,X,"VARIOUS SUPPLIES (CAMERA LENSES, FRAMES, DVD CASES, ETC.)",3,800,FAIR MARKET VALUE
201621349349307177,131693134,X,AIR TRAVEL,1,11000,FAIR VALUE - ESTIMATED
201630639349300313,730568096,X,WHEEL CHAIRS & PAPER PRODUCTS,1,19273
201641249349300209,231178880,X,OFF./AUCTION ITEMS,31,45828,COMPARABLE SALES
201641249349300209,231178880,X,CUFFLINKS,1,11128,COST
201641249349300209,231178880,X,22 YR HORSE,1,5000,COMPARABLE SALES
201641249349300209,231178880,X,FURNITURE,1,4360,COMPARABLE SALES
201601379349301290,042103629,X,CHERRY TREES,1,7276,FMV
201601379349301290,042103629,X,EVENT COSTS,2,1649,FMV
201611359349300641,550516532,X,TUITION DISCNT,15,37538,75% DISCOUNT ON MKT RATE
201611359349300641,550516532,X,RENT FEE SPACE,1,8604,SQ.FT. MKT RENTAL EQUIV
201600469349301500,350868086,X,Equipment,2,19490,Market value
201600469349301500,350868086,X,Supplies,12,8882,Market value
201641329349302024,236002304,X,Archival Records,1,501,FMV
201641329349302024,236002304,X,Gift cards,5,270,Cost
201641329349302024,236002304,X,Equipment,1,15400,FMV
201641329349303199,160743140,X,Equipment,42,2896059,Market value
201641329349303199,160743140,X,Software,6,1506650,Market value
201641329349303199,160743140,X,Consumables,16,453065,Market value
201641329349303199,160743140,X,Other,22,122318,Market value
201631279349301358,710246213,X,TV'S,2,18000,FAIR VALUE
201631279349301358,710246213,X,GOLD EAGLES,1,13440,FAIR VALUE
201631279349301358,710246213,X,BATHROOM FIXTURES,1,6506,RETAIL
201631279349301358,710246213,X,CLAY GRAVEL,1,6000,FAIR VALUE
201631279349301358,710246213,X,CUSTOM JEWERLY,1,5000,FAIR VALUE
201631279349301358,710246213,X,BOOKS,2,2060,FAIR VALUE
201610479349300446,240795406,X,MEDICAL EQUIPMENT,1,51745,PURCHASE PRICE
201640779349300644,131740445,X,Furniture,2,3900,FMV
201641319349300029,440545286,X,UTILITIES CONNECTION,1,40000,COST
201641319349300029,440545286,X,ATHLETIC TRAINING EQUIPMENT,1,20000,COST
201641319349300029,440545286,X,"SUPPLIES, FOOD",3,14780,COST
201641319349300029,440545286,X,ENDOWMENT EXPENSES PAID,1,3231,COST
201631349349307318,150532082,X,Computers,3,68000,Appraisal
201631349349307318,150532082,X,Musical Equipment,1,32000,Appraisal
201631349349307318,150532082,X,Non-Capital Equipmt,51,5116208,Appraisal
201631349349307318,150532082,X,Horses,22,85020,Appraisal
201601339349300140,150543659,X,Scientific Equipment,7,84781,Fair Market Value
201601339349300140,150543659,X,Computer Equipment,3,2024249,Fair Market Value
201601339349300140,150543659,X,AV Equipment,18,1,Nominal Value
201601339349300140,150543659,X,Medical Equipment,4,6920,Fair Market Value
201600439349300700,610444763,X,MISCELLANEOUS,468,91473,FAIR MARKET VALUE
201600439349300700,610444763,X,TRAVEL,5,7800,FAIR MARKET VALUE
201610479349300811,362166962,X,Airtime,2,7827,Market value
201610479349300811,362166962,X,Board Travel,4,2178,Market value
201610479349300811,362166962,X,Event Donation,1,30,Market value
201610479349300811,362166962,X,Piano,1,14650,Opinions of experts
201601349349306310,610458355,X,LIVESTOCK-HORSES,2,5000,COMPARABLE SALES
201611379349307946,540946734,X,GRAIN,1,11540,FAIR MARKET VALUE
201611379349307946,540946734,X,LANDSCAPING MATERIALS,1,10325,FAIR MARKET VALUE
201611379349307946,540946734,X,HORSES,1,3500,FAIR MARKET VALUE
201601379349302080,383071514,X,EQUIPMENT,1,7500,COST
201601379349302080,383071514,X,SUPPLIES,26,4371,COST
201601379349302080,383071514,X,TUITION GIFT CERTIFICATES,2,16892,FAIR MARKET VALUE
201621259349300407,620479189,X,2,7003
201600469349301515,150532239,X,Horses,3,130000,appraised value
201600469349301515,150532239,X,Life Insurance Policy,1,20860,Cash Surrender Value
201600469349301515,150532239,X,Pledges and Other,37,1027808,estimated value
201600469349301515,150532239,X,Hosted Event at Fairmont in Washington DC,1,20000,cost of event
201621269349301047,470376583,X,Miscellaneous small,163,174190,Various
201641209349300309,580593414,X,Equipment/furniture,5,11906,Estimated fair value
201641209349300309,580593414,X,Supplies,13,9664,Estimated fair value
201641209349300309,580593414,X,Campus improvements,3,3600,Estimated fair value
201641059349301029,750827465,X,HORSES,8,617000,Market value
201641059349301029,750827465,X,MISC. EQUIPMENT,4,136093,Market value
201631239349300128,250965601,X,SCRIPTS FOR TV SHOWS,1,2000,FMV
201631239349300128,250965601,X,CLASSICAL MUSIC CD'S,1,1,FMV
201610479349302266,941585735,X,SOFTWARE,1,37425,FAIR MARKET VALUE
201610479349302266,941585735,X,"TICKETS, SUPPLIES, FOOD",1,1252,FAIR MARKET VALUE
201621379349308012,540505941,X,HORSES,2,70000,OPINION OF EXPERTS
201621379349308012,540505941,X,BIRD COLLECTION,1,21154,OPINION OF EXPERTS
201621379349308012,540505941,X,ETIENE SADDLE,1,2712,OPINION OF EXPERTS
201601339349304195,580566133,X,Equipment,5,10616,FMV
201601339349304195,580566133,X,Materials and Supplies,16,22083,FMV
201601339349304195,580566133,X,Animals,1,4999,FMV
201600449349300540,381367080,X,BASKETBALL FLOOR,2,70000,FAIR MARKET VALUE
201621349349301252,160743209,X,MUSICAL INSTRUMENTS,15,104721,FAIR MARKET VALUE
201621349349301252,160743209,X,GIFT-IN-KIND,35,97588,FAIR MARKET VALUE
201621349349301252,160743209,X,PERSONAL PROPERTY,78,75183,FAIR MARKET VALUE
201621349349301252,160743209,X,MISCELLANEOUS EQUIPMENT,2,3102062,FAIR MARKET VALUE
201601309349302145,560530005,X,BUILDING REPAIRS,1,7846,COST
201621139349300137,351065063,X,Equine,2,10500,Appraisal
201600439349301340,340714629,X,Musical instruments,2,900,Expert opinion
201601269349301925,420681046,X,GRAND PIANO,2,12000,FMV
201601319349302115,231352685,X,DONATED EQUIPMENT,10,1284490,FAIR MARKET VALUE
201601319349302115,231352685,X,OTHER GIFTS IN KIND,33,2303820,FAIR MARKET VALUE
201601279349300300,231365353,X,Gift Certificates,8,694,Market value
201601279349300300,231365353,X,Wine Lots,4,5386,Market value
201601279349300300,231365353,X,Floral Arrangement,1,1385,Market value
201630429349301023,440545914,X,HOSTED EVENTS,2,0,N/A
201630429349301023,440545914,X,MUSICAL INSTRUMENTS,2,0,N/A
201630429349301023,440545914,X,SILVER SERVICE,1,0,N/A
201611309349300901,240795445,X,ATHLETICS EQUIPMENT/CLOTHING,6,50241,RECEIPTS
201611309349300901,240795445,X,SOFTWARE LICENSES,8,3093427,EXPERT OPINION
201611309349300901,240795445,X,HOST EVENT,20,23360,RECEIPTS
201611309349300901,240795445,X,MISCELLANEOUS,20,3867,RECEIPTS
201611309349300901,240795445,X,MUSICAL INSTRUMENTS,1,16470,MARKET VALUE
201630479349300233,590949880,X,Hotels,3,1195,sale price
201630479349300233,590949880,X,Entertainment,36,4690,sales price
201630479349300233,590949880,X,Miscellaneous,3,320,sales price
201611349349305306,630288878,X,SOFTWARE,1,885000,COST
201611349349305306,630288878,X,ATHLETIC EQUIPMENT,1,20091,COST
201601269349301530,952501387,X,Israel Bond,2,3000,Bond Value
201611339349300836,042103637,X,OTHER PERSONAL PROPERTY,2,78150,APPRAISAL
201611339349305056,941156566,X,Pledge Receivable,14,3248795,Other
201601319349300200,231352683,X,BUILDING MATERIALS,1,141535,FMV
201631169349300413,620483210,X,GIFT-IN-KIND,43,68636,FMV
201611319349300331,251024358,X,WORLD WAR II MEMORABILIA,1,139540,APPRAISED VALUE
201611319349300331,251024358,X,TECHNOLOGY/SOFTWARE,1,20541,COST
201611319349300331,251024358,X,TRAVEL EXPENSES,12,7097,IRS MILEAGE RATE
201611319349300331,251024358,X,FOOD/CATERING,4,476,COST
201611319349300331,251024358,X,GIFT CARDS,3,129,COST
201601349349301855,550419865,X,VARIOUS NOMINAL ITEMS,54,101830,FMV
201601379349304390,111630822,X,CAMERAS,2,12990,FMV
201601379349304390,111630822,X,FABRIC & CRAFT MATERIALS,1,30500,FMV
201601319349301135,590624416,X,Volunteer Expense,15,6561,Actual Cost
201601319349301135,590624416,X,Gift in Kind,13,8231,Fair Market Value
201601319349301135,590624416,X,Event Food/Supplies,14,20473,Fair Market Value
201601099349301250,590624440,X,"Facility rental, food, beverag",1,8587,Actual cost
201601099349301250,590624440,X,"Kawai piano, model SK-2, Ebony",1,15000,Appraisal
201641069349300214,042103545,X,EVENTS,10,46763,ACTUAL INVOICE PRICE
201641069349300214,042103545,X,OTHER EQUIPMENT AND GOODS,3,32678,ACTUAL INVOICE PRICE
201641069349300214,042103545,X,FLYING HOURS,1,9782,ACTUAL INVOICE PRICE
201601099349301210,390808497,X,COMPUTER SOFTWARE,0,0,OTHER
201630409349300008,540506314,X,HORSES,8,312100,OPINION OF EXPERTS
201630409349300008,540506314,X,HORSE SUPPLIES,1,2000,SELLING PRICE
201610439349303206,560529982,X,OTHER PERSONAL PROPERTY,22,48623,"$5,000 OR GREATER RE"
201631319349301328,231352256,X,WINE AUCTION ITEMS,356,246058,AUCTION SALE VALUE
201601349349304030,042103580,X,EQUIPMENT/FURNITURE,4,Other
201601349349304030,042103580,X,OTHER,5,Other
201600439349301405,231484178,X,PHYSICAL PLANT SUPPLIES,1,10500,FAIR MARKET VALUE
201600439349301405,231484178,X,CLASSROOM SUPPLIES,3,450,FAIR MARKET VALUE
201601039349300900,911561025,X,EQUIPMENT,38,13771,FMV
201611339349304446,042452884,X,CLOTHING & ACCESSORIES,1,25000,FAIR MARKET VALUE OF
201611339349304446,042452884,X,HOTEL SERVICES,1,15000,FAIR MARKET VALUE OF
201621379349303347,060646973,X,EQUIPMENT,3,0
201621379349303347,060646973,X,MUSICAL INSTRUMENTS,4,0
201620749349300022,340714681,X,SPORT EQUIPMENT,1,37370,COST OR SELLING PRICE
201620749349300022,340714681,X,INTERNS TRAVEL,1,16000,COST OR SELLING PRICE
201620749349300022,340714681,X,RAFFLE ITEMS,70,30141,COST OR SELLING PRICE
201620999349300907,430662529,X,CELLO,1,0,0
201611049349300816,460280847,X,"Other - donations of food, hotel rooms & auction gifts for fundraisers",251,46639,Cost or selling pric
201640679349300309,480777079,X,MISCELLANEOUS ITEMS,7,12078,FMV
201640679349300309,480777079,X,DONATED MEALS,2,5995,FMV
201640679349300309,480777079,X,Furniture and Equipment,8,29975,FMV
201641099349301154,582624570,X,Misc,24,21227,Replcmt/purchase $
201641099349301154,582624570,X,Furniture,6,15274,Replacement cost
201641099349301154,582624570,X,Travel,21,13638,Purchase price
201641099349301154,582624570,X,Meals,56,5550,Purchase price
201641119349300814,820200907,X,FLOORING AND FURNISHINGS,2,23017,FAIR MARKET VALUE
201641119349300814,820200907,X,SURFACE MOUNT PCBA STATION,1,10000,FAIR MARKET VALUE
201631099349301118,240795441,X,COMPUTERS,134,23200,ESTIMATED RETAIL PRI
201631099349301118,240795441,X,DINNER EVENT,1,12000,ESTIMATED RETAIL PRI
201631099349301118,240795441,X,GIFT CERTIFICATES,35,4236,ESTIMATED RETAIL PRI
201631099349301118,240795441,X,OTHER,12,3703,ESTIMATED RETAIL PRI
201631099349301118,240795441,X,EQUIPMENT,2,3438,ESTIMATED RETAIL PRI
201631099349301118,240795441,X,MUSICAL EQUIPMENT,2,300,ESTIMATED RETAIL PRI
201631269349301468,720408915,X,SOLID ROSEWOOD EXECUTIVE DESK AND CHINA CABINET,1,5700,FMV
201631269349301468,720408915,X,20th Century Cello,1,2500,FMV
201610469349300126,440483220,X,PORTABLE BASEBALL PITCHERS MOUND,1,2500,FAIR MARKET VALUE
201610469349300126,440483220,X,BOSE SPEAKER SYSTEM,1,900,FAIR MARKET VALUE
201611069349300511,042104149,X,MISCELLANEOUS,37,15503,FMV ON DATE OF GIFT
201600649349300105,930391586,X,Cash Value Life Insurance,2,71518,Available redemption value
201620469349301222,231352698,X,CAMPUS WIDE SIGNAGE,1,223430,FMV
201620469349301222,231352698,X,SUPPLIES,9,3987,FMV
201620469349301222,231352698,X,ANNUITY FORGIVEN,1,4966,FMV
201610499349300601,910564993,X,Gala Auction,94,66078,Fair Market Value
201610499349300601,910564993,X,Gala Food,7,69344,Fair Market Value
201610499349300601,910564993,X,Construction Materials,1,49000,Fair Market Value
201610499349300601,910564993,X,Promotional Materials,1,10157,Fair Market Value
201610499349300601,910564993,X,Golf Tournament Food,1,5350,Fair Market Value
201621049349300502,350868158,X,SLENT AUCTION PRIZES,6,5635,Market value
201620679349300757,910473310,X,MUSICAL INSTRUMENTS,3,43600,FAIR MARKET VALUE
201620679349300757,910473310,X,AUCTION ITEMS,7,23934,FAIR MARKET VALUE
201620679349300757,910473310,X,TRAVEL VOUCHERS,1,17960,FAIR MARKET VALUE
201620679349300757,910473310,X,CONSTRUCTION EQUIPMENT,1,4500,FAIR MARKET VALUE
201610649349300321,951643992,X,GOOGLE GLASS DEVICE,1,3199,RETAIL PRICE
201610649349300321,951643992,X,GIFT ANNUITY,1,29067,APPRAISAL
201640579349300419,160743942,X,MISCELLANEOUS,49,11552,COST
201640579349300419,160743942,X,HOTEL PACKAGE,3,4647,COST
201640579349300419,160743942,X,GIFT CARDS,23,2224,COST
201631069349301108,953127273,X,SUTURE MATERIALS,1,15029,FAIR MARKET VALUE
201631069349301108,953127273,X,COBAS CHEM ANALYZER AND ACCESSORIES,1,24113,FAIR MARKET VALUE
201631069349301108,953127273,X,"WESTERN DIABETES LICENSES, OPTIONS & SUBCRIPTION",1,28050,FAIR MARKET VALUE
201631099349300518,741109661,X,INCLUSIVE TRIPS,7,54000,Fair market value
201631099349300518,741109661,X,SPORTS AND ENTERTAINMENT ACTIVITIES,84,49669,Fair market value
201631099349300518,741109661,X,GIFT CERTIFICATES,97,25206,Fair market value
201631099349300518,741109661,X,HOTEL STAYS,21,19607,Fair market value
201631099349300518,741109661,X,DONATED FOOD FOR MEETINGS,5,3555,Fair market value
201631099349300518,741109661,X,PHOTOGRAPHY SERVICES,5,3195,Fair market value
201611119349300931,951643389,X,PHOTOGRAPHY EQUIPMENT,1,777,FMV
201611119349300931,951643389,X,TENNIS EQUIPMENT,1,510,FMV
201611119349300931,951643389,X,ART SUPPLIES,1,100,FMV
201631069349300518,750800689,X,EQUIPMENT,11,19987,MARKET OR APPRAISAL
201631069349300518,750800689,X,EVENT TICKETS,704,81647,MARKET OR APPRAISAL
201631069349300518,750800689,X,EVENT EXPENSE,23,164433,MARKET OR APPRAISAL
201631069349300518,750800689,X,OTHER,19,1129787,SEE PART II
201600759349301200,941021164,X,Musical Instruments,1,1500,Cost
201640439349302269,480543736,X,PARTS & EQUIP,16,74873,FAIR MARKET VALUE
201640439349301729,131624158,X,Contributions Receivable,55,274718913,Net Present Value
201640439349301729,131624158,X,Private Gifts and Grants Receivable,79,5529883,Fair Market Value
201630429349301138,390477970,X,MISCELLANEOUS,135,345719,DONOR VALUE
201601049349300320,042300472,X,SOFTWARE,4,914605,FMV
201601049349300320,042300472,X,MUSICAL INSTRUMENTS,5,56780,FMV
201601049349300320,042300472,X,EVENT TICKETS,6,12340,FMV
201601049349300320,042300472,X,GIFT CARDS,5,225,FMV
201601049349300320,042300472,X,LEARNING MATERIALS,2,19500,FMV
201601049349300320,042300472,X,OTHER,3,5576,FMV
201640369349300524,382410852,X,Lab Equipment,14,259201,Doc Supplied by Donor
201640369349300524,382410852,X,Trustee Travel,24,23341,Doc Supplied by Donor
201640369349300524,382410852,X,Office Furniture,1,20000,Doc Supplied by Donor
201640369349300524,382410852,X,Misc,24,4340,Doc Supplied by Donor
201640759349300149,314379560,X,WIRELESS NETWORK EQUIPMENT,1,76604,Market value
201640759349300149,314379560,X,CONTRACT/SODEXO GIFT,1,418480,Cost
201611379349302336,620475697,X,Horse call Tuscany,1,0,NA
201611379349302336,620475697,X,Equestrian Center Equipment,1,0,NA
201601379349305540,041843040,X,MISCELLANEOUS,6,28594,APRAISL/DONOR EST.
201601379349305540,041843040,X,ARCHIVAL RECORD,45,0,INDETERMINABLE VALUE
201601379349305540,041843040,X,ARCHIVAL RECORD,59,0,INDETERMINABLE VALUE
201630609349300643,450306841,X,CAPITALIZED CONSTRUCTION LABOR,5,297536,FAIR MARKET VALUE
201630609349300643,450306841,X,NEW ROOF MATERIALS,1,82120,FAIR MARKET VALUE
201630609349300643,450306841,X,REFRIGERATOR,1,500,BASED ON AGE OF ITEM
201620699349300107,231585611,X,Musical instruments,5,203390,Appraised values
201620699349300107,231585611,X
201611099349301136,362722198,X,"EVENT TICKETS, GIFT CARDS, VOUCHERS",38,4367,EST. FAIR VALUE
201611099349301136,362722198,X,MISCELLAENOUS SERVICES,1,850,EST. FAIR VALUE
201601339349305675,951644593,X,PORTRAIT SITTING,2,16000,FMV
201610539349300036,841029228,X,BIKE EQUIP.,2,500,FAIR MARKET VALUE
201610539349300036,841029228,X,PHONE/PRINTER,1,200,FAIR MARKET VALUE
201610539349300036,841029228,X,RESTAURANT GC,1,60,FAIR MARKET VALUE
201620429349300727,470378777,X,Gift of Livestock,2,20409,Market Value
201620429349300727,470378777,X,Gift of Grain,2,8491,Market Value
201600499349300215,750827409,X,MISC ITEMS,25,7366,FMV
201601309349301480,620476822,X,Software,1,2930813,FMV
201601309349301480,620476822,X,Other & Auction,55,31163,Cost
201611339349304586,630312914,X,See Part II,26,73522,Resale value
201621349349307152,990113930,X,COMPUTERS & EQUIP,6,787963,FMV
201621349349307152,990113930,X,HOTEL STAY,1,449,FMV
201621349349307152,990113930,X,GIFT CERTS & CARDS,4,655,FMV
201621379349300747,010211497,X,Educational Materials,10,12000,Cost of donated materials
201631329349302558,350868149,X,Software,2,8859257,FMV
201631329349302558,350868149,X,Equipment,3,18168,FMV
201641379349305424,240795453,X,SPONSORED DINNER AT ELMHURST,1,7279,SELLING PRICE
201641379349305424,240795453,X,ELECTRIC SCOOTER,1,4400,VENDOR VALUE
201641379349305424,240795453,X,SPONSORED DINNER AT POSH,1,4381,SELLING PRICE
201641379349305424,240795453,X,HOSTED EVENTS,3,3592,VENDOR VALUE
201641379349305424,240795453,X,STONEWARE,3,2150,VENDOR VALUE
201641379349305424,240795453,X,GIFT BASKETS & CERTIFICATES,19,1737,SELLING PRICE
201641379349305424,240795453,X,"GLASSES, PUPPET, PHOTO CARDS, FUN SHEET",1,1697,VENDOR VALUE
201641379349305424,240795453,X,20 FULL BAND SETS OF MUSIC,20,1000,SELLING PRICE
201641379349305424,240795453,X,FANTASIA WITH SHELLS OIL ON WOOD PANEL,1,800,VENDOR VALUE
201641379349305424,240795453,X,THERAPY MATERIALS FOR SPEECH LANGUAGE,1,569,VENDOR VALUE
201641379349305424,240795453,X,STREAMING SHOUTCASE CHANNEL,1,356,VENDOR VALUE
201641379349305424,240795453,X,VARIOUS LUMBER,1,200,VENDOR VALUE
201641329349303469,240795965,X,ENTERTAINMENT,1,3689,COST
201641339349303114,951664123,X,Miscellaneous Expenses,2,6913,Purchase Price
201631339349300108,520591667,X,Land,1,375000,0
201601349349305540,042134818,X,RAFFLE ITEMS FOR SPECIAL EVENT,93,4673,FMV
201631349349301573,440562048,X,GIFT CARDS,2,200,STATED VALUE
201631349349301573,440562048,X,15 TKTS SPORTS,1,1500,STATED VALUE
201611349349300541,020222182,X,"Event tickets, gift cards and other raffle items",145,28427,Fair Market Value
201611349349300541,020222182,X,Event catering and supplies,5,17741,Fair Market Value
201611349349300541,020222182,X,Sports Equipment,2,14656,Fair Market Value
201611349349300541,020222182,X,Printed Materials,1,5000,Fair Market Value
201611349349300541,020222182,X,Nursing equipment,1,1483,Fair Market Value
201621379349301002,210634501,X,Camera equip.,1,1149,SEE PART II
201641349349307809,430654872,X,GIFT CERTIFICATES,106,23149,FMV
201641349349307809,430654872,X,TICKETS,19,2823,FMV
201641349349307809,430654872,X,LODGING,9,1926,FMV
201611349349305001,951667177,X,PROMISSORY NOTE,1,73485,BOOK VALUE
201611349349305001,951667177,X,MISCELLANEOUS ITEMS,11,13803,DONOR RECEIPTS/FMV
201611349349305001,951667177,X,TICKETS TO EVENTS,6,3246,DONOR RECEIPTS/FMV
201611349349305001,951667177,X,GIFT CERTIFICATES,4,1210,DONOR RECEIPTS/FMV
201601379349305440,231352651,X,GIFTS-IN-KIND,1,7497,FMV
201611379349303131,330413730,X,STEINWAY O GRAND PIANO,1,22000,APPRAISAL
201641379349310924,741613878,X,equipment,782,7780239,COST
201631379349305533,131624067,X,Musical Instrmnt. & Materials,7,163397,expert opinion
201611379349309776,951904355,X,ATTRACTION PASSES,13,983,TICKET PRICE
201641349349301689,520705392,X,LAB EQUIPMENT,3,159867,DONEE SUPPLIED
201641349349301689,520705392,X,LAB SUPPLIES,26,2370,DONEE SUPPLIED
201641349349301689,520705392,X,LIFE INSURANCE POLICY,1,2154,ACCUMULATED VALUE
201641339349301409,250965591,X,GARNER PAPERS,1,429081,WRITTEN APPRAISAL
201641339349301409,250965591,X,DENTAL RECOVERY ROOM RENOVATION,1,30000,FMV
201641339349301409,250965591,X,KATZ ALUMNI RECEPTION DINNER,1,12061,FMV
201641339349301409,250965591,X,SEATING AND TABLES,1,5000,FMV
201641339349301409,250965591,X,2 PIECES OF EQUIPMENT,1,2500,FMV
201641339349301409,250965591,X,DINNER IN MICHIGAN,1,2479,FMV
201641339349301409,250965591,X,SIGNAGE,1,1503,FMV
201641339349301409,250965591,X,SCHROEDER PIANO W/BENCH,1,1000,FMV
201641339349301409,250965591,X,GOLF AT LONGVUE CC,1,610,FMV
201641339349301409,250965591,X,PRESEASON STEELERS TICKETS,1,236,FMV
201641339349302479,951664112,X,COMPUTER EQUIP,2,1900,Retail Value
201641359349300104,930634049,X,Grand Piano,1,20000,Replacement Cost
201641359349300104,930634049,X,Travel and Recreation,5,4446,Replacement Cost
201641359349300104,930634049,X,Ticket and Similar,26,2349,Replacement Cost
201641359349300104,930634049,X,Other,25,25268,Replacement Cost
201601679349300435,620548913,X,OTHER,10,15701,FMV
201611379349308936,530196603,X,Fundraiser Auction Items,779,562710,Cost
201611379349308936,530196603,X,Equipment,3,27436,Cost
201621349349301257,231177930,X,EQUIPMENT,5,9678,ESTIMATED VALUE
201621349349301257,231177930,X,TICKETS,8,1247,ESTIMATED VALUE
201621349349301257,231177930,X,GIFT CARDS,28,575,COST
201621349349301257,231177930,X,SPORTING GOODS,8,612,ESTIMATED VALUE
201621349349301257,231177930,X,Athletic Equipment,2,4868,cost
201631319349300643,951664101,X,Supplies,15,20445,FMV
201601349349302905,560530003,X,GIFT CERTIFICATES,6,255,FMV
201601349349302905,560530003,X,PORTRAITS,2,9600,FMV
201601349349302905,560530003,X,FURNITURE/HOUSEHOLD ITEMS,2,18084,FMV
201601349349302905,560530003,X,CERAMIC LIBRARY,1,2000,FMV
201601349349302905,560530003,X,MISC,1,2500,FMV
201621379349306817,231352635,X,EVENT EXPENSES,25,12541,PURCHASE PRICE
201641349349306559,530196584,X,EQUIPMENT,22,4018283,FMV - APPR. OR EST.
201641349349306559,530196584,X,ARCHIVES,1,1295577,APPRAISAL
201641349349306559,530196584,X,OTHER,64,68449,RECEIPTS
201641349349306559,530196584,X,ADJ TO LIFE INS POLICIES,1,31662,NET CASH VALUE
201611379349302926,314379459,X,EQUIPMENT,3,469053,APPRAISAL
201631469349300728,381358014,X,Prints & Paintings,3,0,No value recorded
201631469349300728,381358014,X,Event Expenses,5,7318,Purchase receipts
201631469349300728,381358014,X,Equipment,3,0,Value not recorded
201611629349300141,951644037,X,OTHER,80,48672,FMV
201611349349303341,560532138,X,Computer Equip,34,43233,FMV
201611349349303341,560532138,X,Auction goods,37,23748,FMV
201611379349307081,951642394,X,EQUIPMENT,102,5340108,FMV
201641379349310834,930391547,X,SUPPLIES,6,12800,FMV
201621669349301102,042103830,X,"CLASS MATERIALS, LIBRARY ITEMS AND OFFICE SUPPLIES",31,24753,FAIR VALUE
201611599349300916,370662594,X,GIFTS IN KIND,9,4021398,FAIR VALUE
201611599349300916,370662594,X,MUSICAL EQUIPME,3,48350,APPRAISED VALUE
201601599349300310,720408946,X,"Equipment, gift cards, etc.",101,0,N/A
201641379349303459,550356985,X,Food & Beverage,7,17107,Market value
201641379349303459,550356985,X,Office Furniture,61,5100,Market value
201641379349303459,550356985,X,Equestrian Items,202,5583,Market value
201641379349303459,550356985,X,Marketing Materials,22,3402,Market value
201641379349303459,550356985,X,Other noncash,10,4278,Market value
201601379349303000,340733165,X,horses,7,30000,Appraisal
201641379349307224,420707120,X,CAPITAL IMPROVEMENTS,1,218316,FAIR VALUE
201641379349307224,420707120,X,CAPITAL IMPROVEMENTS,1,57796,FAIR VALUE
201641379349307224,420707120,X,MISCELLANEOUS,120,25423,FAIR VALUE
201641349349303689,540646523,X,SUPPLIES,1,14947,FMV
201641349349303689,540646523,X,EQUIPMENT,2,9223,DONOR DECLARED VALUE
201641349349303689,540646523,X,SPORTS EQUIPMENT,3,5040,DONOR DECLARED VALUE
201621379349301582,381359081,X,HORSE,1,160000,PROFESSIONAL APPRAIS
201621379349301582,381359081,X,GETAWAY TRIP,1,76989,DONOR ESTIMATED
201621379349301582,381359081,X,MISCELLANEOUS,12,5805,ESTIMATED FMV
201631379349301333,930386839,X,EQUIPMENT,10,20761,DONOR VALUATION
201631379349301333,930386839,X,OFFICE SUPPLIES,64,11056,DONOR VALUATION
201631379349301333,930386839,X,MISCELLANEOUS SMALL ITEMS,28,8056,DONOR VALUATION
201611669349300231,344431169,X,LIVESTOCK-HORSES,26,1113440,Other
201611669349300231,344431169,X,VARIOUS CONTRIBUTIONS,18,329357,Cost
201631379349304383,540506457,X,GLASS PUNCH BOWL,1,4850,DONOR VALUE
201631379349304383,540506457,X,OXEN,2,3500,DONOR VALUE
201631379349304383,540506457,X,ROGUE INFINITY I-6,1,1032,DONOR VALUE
201631379349307263,470491571,X,VARIOUS EQUIPMENT,3,6220,FMV
201611349349300231,160743088,X,PIANOS,2,47000,FMV
201611379349311211,310537516,X,EVENT HOSTING,1,2356
201611379349311211,310537516,X,TICKETS,7,376
201601379349303135,911160585,X,MISC,3,3176,MARKET VALUE
201601379349301185,131740451,X,GOLF OUTING,1,8425,COST
201601379349301185,131740451,X,Food and Beverages,1,6351,COST
201601379349301185,131740451,X,FOOTBALL TICKETS,1,3120,COST
201631379349302098,630417508,X,TELEVISION AIRTIME,1,45000,RETAIL INVOICE
201631379349302098,630417508,X,BOSTONUPRIGHTPIANO,1,6000,RETAIL INVOICES
201631379349302098,630417508,X,BASEBALL EQUIP,1,1930,RETAIL INVOICE
201631379349302098,630417508,X,11 RETAIL GIFT CARDS,11,342,FACE VALUE OF GIFT C
201641379349302144,261672457,X,OTHER NONCASH DONATIONS,2,26993,FAIR VALUE
201641379349309089,951230865,X,Supplies and equipment,30,115754,NONE
201641379349309089,951230865,X,Special events donations,399,159810,NONE
201621379349306147,480577656,X,COLLEGE SUPPLIES,44,64157,FAIR MARKET VALUE
201621379349306147,480577656,X,BUILDING PRODUCTS,1,10000,FAIR MARKET VALUE
201621379349306147,480577656,X,CONCRETE PRODUCTS,2,9427,FAIR MARKET VALUE
201601379349301205,050277222,X,Computer Equipment,1,24542,FMV
201601349349301625,160743209,X,MUSICAL INSTRUMENTS,14,232729,FAIR MARKET VALUE
201601349349301625,160743209,X,GIFT-IN-KIND,20,15672,FAIR MARKET VALUE
201601349349301625,160743209,X,PERSONAL PROPERTY,107,70200,FAIR MARKET VALUE
201601349349301625,160743209,X,MISCELLANEOUS EQUIPMENT,71,135485,FAIR MARKET VALUE
201601379349302905,741180151,X,AUCTION ITEMS FOR FUNDRAISER,49,89209,FAIR MARKET VALUE
201601379349308100,560532129,X,EVENT TICKETS,1241,186183,FMV/FACE VALUE
201601379349308100,560532129,X,MISCELLANEOUS,101,128047,VARIOUS
201601379349308100,560532129,X,EQUIPMENT,9,41020,VARIOUS
201631349349303308,050258809,X,Photographs,5,0,0
201631349349303308,050258809,X,Piano,1,0,0
201631349349303308,050258809,X,Laser instrument,1,0,0
201621379349301787,381381271,X,WATERFOWL COLLECTION,1,2990,FMV
201621379349301787,381381271,X,OTHER,11,2943,FMV
201621349349307737,041679980,X,EQUIPMENT,14,2250455,MARKET VALUE
201631349349303488,231653718,X,Golf auction items,66,12276,estimated or actual retail prices
201631349349303488,231653718,X,Educational Software,1,7000,retail price
201631349349303488,231653718,X,Anatomy Equipment,1,3500,estimated retail price
201631349349303488,231653718,X,Supplies,6,4498,estimated retail prices
201621379349306312,042103542,X,Miscellaneous,4,0,0
201621379349302182,362174823,X,Computer board and equipment for X_rays,1,3500,FMV
201621379349302182,362174823,X,Other,1,1280,FMV
201631379349307173,561995933,X,Library Mat.,29990,FMV
201641349349300939,231352213,X,VARIOUS ITEMS,2,51204,FMV
201611349349307796,390806261,X,OPTICAL SCANNING SYSTEM,1,44500,COST/ SELLING PRICE
201601379349310610,730587210,X,GELDING,1,26500,FMV
201601379349310610,730587210,X,HOME FUNISHINGS,1,19483,FMV
201601379349310610,730587210,X,SORELL HORSE,1,9500,FMV
201601379349310610,730587210,X,SORELL MARE,1,3500,FMV
201641349349301314,710236896,X,Loan Forgiveness,10,165606,FMV
201621319349302002,951644026,X,Business Books,1,4753,Donor Appraised
201621319349302002,951644026,X,Communication Equipment,1,4794,Donor Appraised
201621319349302002,951644026,X,Golf Cart,1,3000,Donor Appraised
201621319349302002,951644026,X,Desserts for the Gala,1,7500,Donor Retail Value
201621319349302002,951644026,X,Miscellaneous Small Gifts,14,6466,Donor Appraised
201610479349300116,370661227,MUSEUM BOOKCASE,1,200,COST
201611339349301456,132584273,X,EVENT SERVICES/SUPPLIES,9,89032,RETAIL VALUE
201611339349301456,132584273,X,OTHER,3,71486,RETAIL VALUE
201611339349301456,132584273,X,AIRFARE,1,20250,RETAIL VALUE
201621069349300322,610482955,X,FURNITURE,1,3236,MARKET VALUE
201601199349300415,540525605,X,Program Support,9,9824,FMV
201611199349300951,251190341,X,PROFESSIONAL FEES,3,75809,COST
201621329349301227,237179639,X,SUPPLIES & EQUIPMENT,11,106959,COST
201621329349301417,810231777,X,Event Items,7,5661,FMV
201601279349300290,221494434,X,"Event food, beverages, flowers",3,2974,COST
201601279349300290,221494434,X,Event wine,1,40,COST
201601279349300290,221494434,X,"Event flowers, candles, linens, chairs",4,3588,COST
201601279349300290,221494434,X,Survey monkey 1 yr,1,204,COST
201601279349300290,221494434,X,2 IBM SERVERS,1,11946,COST
201601279349300290,221494434,X,GIFT CARD,1,100,COST
201601279349300290,221494434,X,T-SHIRTS,1,458,COST
201601279349300290,221494434,X,U.S. EE SAVINGS BOND,1,5347,COST
201601279349300290,221494434,X,HYGIENE PRODUCTS,1,1046,COST
201601279349300290,221494434,X,UEF VIVADO SYSTEM,1,3297,COST
201610439349300436,381624684,X,Car for university use,1,12000
201610439349300436,381624684,X,Life Insurance beneficiary,1,50000
201610439349300436,381624684,X,Software,1,1729000
201610439349300436,381624684,X,Life Insurance beneficiary,1,75000
201610439349300436,381624684,X,Sculputures,1,196000
201610779349300136,470384159,X,COMMODITIES - SOYBEENS,1,10000,FAIR VALUE
201621329349303767,141338580,X,Computer Equipment,65,38569,Cost
201621329349303767,141338580,X,Athletic broad/event,7,20840,Selling Price
201621329349303767,141338580,X,Miscellaneous,32,30382,Selling Price
201610819349300216,912157623,X,LOAN FORGIV.,1,175000,FAIR MARKET VALUE
201610819349300216,912157623,X,AUCTION ITEMS,20,3000,FAIR MARKET VALUE
201611339349303916,361408475,X,MISCELLANEOUS,65,29831,COST/SELLING PRICE
201611339349303916,361408475,X,SPORT EVENT TICKETS,23,9739,COST/SELLING PRICE
201611339349303916,361408475,X,GIFT CERTIFICATES,57,3451,COST/SELLING PRICE
201611339349303916,361408475,X,ATHLETIC EQUIPMENT,1,23000,COST/SELLING PRICE
201621109349300412,741109633,X,travel,1,24430,RECEIPT RECORDS
201621109349300412,741109633,X,equipment,1,62244,APPRAISAL
201610849349301006,591023117,X,Equipment,4,19060,Opinions of experts
201611259349301246,810235407,X,Piano,1,25000,Appraisal
201611259349301246,810235407,X,Silent Auction,50,42280,FMV
201611339349304371,430654854,X,ATHLETIC EQUIPMENT,1,15250,COST
201611339349304371,430654854,X,MACHINERY,1,7400,FAIR MARKET VALUE
201611379349301676,042463847,X,Equipment,2,29655,Market quotations
201611379349302081,720423889,X,Other Equipment,1,115000,FMV
201601349349304990,340714363,X,MUSICAL INSTRUMENTS,2,97500,COST/APPRAISAL
201601349349304990,340714363,X,MUSICAL SCORES,2078,193430,COST/APPRAISAL
201611269349301181,951643359,X,GIFT CERTIFICATES,34,8728,COST/SELLING PRICE
201611269349301181,951643359,X,VAR. AUCTION ITEMS,31,51437,COST/SELLING PRICE
201611339349304661,362167725,X,Dept'l Supplies,22,54104,FMV
201611339349304661,362167725,X,Special Events,225,382269,FMV
201611339349304661,362167725,X,Airfare,163,80085,FMV
201601349349306155,581825259,X,Event hosting costs,1,30758,Cost
201610919349300916,135562314,X,VARIOUS ITEMS FOR AUCTION AT FUNDRAISING EVENTS,215,32312,RETAIL VALUE
201610919349300916,135562314,X,FURNITURE,1,1,RETAIL VALUE
201610919349300916,135562314,X,AWARDS,1,3000,RETAIL VALUE
201611339349305586,580566243,X,SEE PART II,9,264783,FMV
201620509349301202,751081109,X,MISCELLANEOUS,36,28918,FMV
201611379349304986,880435559,X,EVENT PRIZES,26,19317,FMV
201620849349300522,250965557,X,ORTHODONTIC SUPPLIES/EQUIPMENT,6,152379,FAIR MARKET VALUE
201620849349300522,250965557,X,SOFTWARE,1,9998,FAIR MARKET VALUE
201620849349300522,250965557,X,SPORTS EQUIPMENT,4,3579,FAIR MARKET VALUE
201620849349300522,250965557,X,GIFT CARD/BASKET,20,2087,FAIR MARKET VALUE
201620849349300522,250965557,X,PAYMENT FOR HOTEL ROOM,1,244,FAIR MARKET VALUE
201620849349300522,250965557,X,JEWELRY,2,225,FAIR MARKET VALUE
201620849349300522,250965557,X,ADMISSION TICKETS,4,210,FAIR MARKET VALUE
201601379349306205,480543734,X,1,8000
201601379349307645,221487164,X,VARIOUS,3,45596,FMV
201611349349300906,260812968,X,Microscope,1,4500,Price of Used Equip
201611349349300906,260812968,X,Food for Events,3,2242,Cost of Food
201611349349300906,260812968,X,Software,1,3500,Cost of Software
201620429349301827,410711610,X,EQUIPMENT,5,45477,ESTIMATED VALUE
201620429349301827,410711610,X,GRAIN,19,25133,ESTIMATED VALUE
201621249349300032,941156266,X,Construction Materials,2,21922,Market value
201621249349300032,941156266,X,Food,1,5738,Market value
201621249349300032,941156266,X,Education Equipment,1,5000,Market value
201621249349301257,350868107,X,Supplies,13,1193,Cost
201621249349301257,350868107,X,Restaurant Gift Cards,15,6236,Cost
201621249349301257,350868107,X,Small prize giveaways,22,1985,Cost
201621249349301257,350868107,X,Greyhound Club Calendars,1,7748,Cost
201621329349303007,610469267,X,SUPPLIES,117,51695,FMV
201600679349300530,741109748,X,PAINTING,1,15000,FAIR MARKET VALUE
201600679349300530,741109748,X,OTHER,10,8332,FAIR MARKET VALUE
201600679349300530,741109748,X,HOSTED DINNER,1,430,COST
201600689349300405,591157081,X,HOTEL AND TRAVEL ACCOMMODATIONS,3,12817,FAIR MARKET VALUE
201600689349300405,591157081,X,SPORTS TICKETS,1,1030,FAIR MARKET VALUE
201600689349300405,591157081,X,MISC DONATIONS,2,166,FAIR MARKET VALUE
201601379349308465,580566116,X,BOARD MEETING EXPENSE,8,5711,COST
201601379349308465,580566116,X,OFFICE FURNITURE,1,322,COST
201610979349300411,640428676,X,Personality Profiles,1,2058,Retail Value
201611319349302376,520591613,X,Pledges,568,565913,Pledge Amount
201611319349302376,520591613,X,Gift Annuities,3,53161,NRM at date of gift
201611319349302376,520591613,X,Horses and Equestrian,5,0,Policy
201611319349302376,520591613,X,Event Hosting,3,0,Policy
201621259349301582,132981115,X,INSTRUCTIONAL SUPPLIES/EXPENDIBLES,49,114065,COST/SELLING PRICE
201611379349307651,421315493,X,COMPUTER EQUIP,1,12000,MANUFACTURERS WEBSIT
201611379349307651,421315493,X,EQUIPMENT,3,8330,ESTIMATED
201621339349302707,160743900,X,Horses Equestrian,2,0,Appraisal
201601379349310535,590624364,X,Palm Trees,1,65000,FMV
201601379349310535,590624364,X,Cruises,2,17196,FMV
201601379349310535,590624364,X,Miscellaneous,30,16784,FMV
201601379349310535,590624364,X,Beverages,5,4610,FMV
201601379349310535,590624364,X,Gift Cards,8,4040,FMV
201601379349310535,590624364,X,Food,4,2196,FMV
201601379349310535,590624364,X,Golf Clubs,2,750,FMV
201611329349301321,050258932,X,SOFTWARE,1,4200,FMV
201611329349301321,050258932,X,MISCELLANEOUS,23,99236,FMV
201611329349302326,520595110,X,OTHER EQUIP.,5,629340,INVOICE PRICE
201611329349302326,520595110,X,OTHER,27,168585,INVOICE PRICE & INDE
201611329349302326,520595110,X,COMPUTER EQUIPMENT,4,24517,LIST PRICE
201611329349302326,520595110,X,MUSIC EQUIP.,2,12500,INDEPENDENT APPRAISA
201611329349302861,540505940,X,VIDEO CAMERA,1,10630,DONOR VALUE
201620579349300732,610673886,X,Food,185,211816,FMV
201620579349300732,610673886,X,General Donations,196,40461,FMV
201620579349300732,610673886,X,Auction Items,82,39430,FMV
201620979349300707,581216007,X,Chiropractic Equipment,8,85735,Appraisal
201600979349300030,590624458,X,Equipment,142,220792,Fair Market Value
201600979349300030,590624458,X,Auction Items,434,0,See Part II
201601679349300520,310707369,X,Mulch,1,5250,Retail value
201610709349300006,050470320,X,EQUIP. & TOOLS,10,18075,FMV ON DATE OF GIFT
201610709349300006,050470320,X,EVENT ITEMS,1,12685,FMV ON DATE OF GIFT
201611329349303766,141442493,X,EQUIPMENT,4,118775,EST MARKET VALUE
201611329349303766,141442493,X,MEMBERSHIPS,2,12000,EST APPRAISAL VALUE
201611329349303766,141442493,X,FIXTURES-ECLIPSE AWNING,1,3500,EST MARKET VALUE
201611329349303766,141442493,X,FIXTURES-THEATR. BACKDROP,1,2000,EST MARKET VALUE
201621009349300217,756001300,X,ADVERTISING,1,50000,COST OF DONATED PROP
201621009349300217,756001300,X,FURNITURE,5,40750,COST OF DONATED PROP
201621009349300217,756001300,X,VITAMINS,1,37000,COST OF DONATED PROP
201621009349300217,756001300,X,OTHER,15,26168,COST OF DONATED PROP
201621319349301157,381358014,X,Event Expenses,8,0,Value not recorded
201621319349301157,381358014,X,Equipment,3,0,Value not recorded
201621319349301242,231353385,X,MUSICAL INSTRUMENTS,3,13518,MARKET VALUE
201621319349301242,231353385,X,CAMERA EQUIPMENT,1,500,MARKET VALUE
201621319349301747,210634584,X,Computer servers,1,20000,REPLACEMENT COST
201621319349301747,210634584,X,Student ID Cards,1,164000,REPLACEMENT COST
201620409349300232,231352652,X,MISC GIFTS IN KIND,29,25736,COST
201641339349301119,460224600,X,ELECTRONIC EQUIPMENT,1,15907,FMV
201641339349301484,060646959,X,VARIOUS,2,93464,FMV
201641339349301489,231352685,X,DONATED EQUIPMENT,10,1284490,FAIR MARKET VALUE
201641339349301489,231352685,X,OTHER GIFTS IN KIND,33,2303820,FAIR MARKET VALUE
201601339349301950,426081293,X,CHIROPRACTIC EQUIPMENT,13,24531,DONOR EVALUATION
201601339349301950,426081293,X,MISCELLANEOUS,6,373,DONOR EVALUATION
201621319349302637,050258810,X,GOLF TOURNAMENTS,53,15017,FMV
201621319349302637,050258810,X,MISCELLANEOUS,6,37920,FMV
201641379349301804,620479542,X,3,227749
201611059349300821,420680412,X,NOTES RECEIVABLE,1,400000,FMV
201611059349300821,420680412,X,CHARITABLE LEAD,1,321345,FMV
201611059349300821,420680412,X,CONSTRUCTION MATERIALS,3,22171,DONOR VALUATION
201611059349300821,420680412,X,MEETING EXPENSES,7,13127,DONOR VALUATION
201611059349300821,420680412,X,PRIZES FOR AUCTION,2,8587,DONOR VALUATION
201611059349300821,420680412,X,FOOD/BEVERAGE,15,8483,DONOR VALUATION
201611059349300821,420680412,X,PRIZES FOR EVENTS,1,7074,DONOR VALUATION
201611059349300821,420680412,X,OFFICE EQUIPMENT,3,5421,DONOR VALUATION
201611059349300821,420680412,X,CHARITABLE GIFT ANNUITY,1,4853,FMV
201611059349300821,420680412,X,EQUIPMENT,2,3152,DONOR VALUATION
201641249349301319,570314402,X,INSTRUMENTS,1,47305,APPRAISAL
201641379349301854,231352630,X,OTHER GIFTS IN KIND,5,461720,FAIR MARKET VALUE
201641259349301404,540506306,X,Other-archival materials,11,11,value to college
201641259349301404,540506306,X,Other - gift cards/certificates,2,2,value to college
201641259349301404,540506306,X,Other-Musical instruments,2,27401,value to college
201641259349301404,540506306,X,Other - miscellaneous,5,5,value to college
201641339349303844,350868188,X,Equipment,2,0,NONE
201641339349303844,350868188,X,Other,1178,0,NONE
201621329349304317,951644035,X,Musical Instruments,3,50660,Appraisal and Fair M
201621329349304317,951644035,X,"Recreational Experiences/Services (dining, recreation, golf, etc)",12,4531,Cost
201621329349304317,951644035,X,Computer Equipment,1,1975,Cost
201621329349304317,951644035,X,Live Christmas Trees,1,198,Fair Market Value
201641379349304534,920023588,X,Gala Auction Items,0,187696,0
201641379349304534,920023588,X,Ski Team Auction Items,0,106365,0
201641379349304534,920023588,X,Supplies,0,16540,0
201631339349306173,370663567,X,Kohler & Campbell Ebony Grand Player Piano,1,6500,Market value
201631339349306173,370663567,X,Miscellaneous items-baby items/pillows/sporting event tickets/stuffed animal/miscellenanous,60,21002,Cost
201601359349300220,341018992,X,Company Products,25539,Cost
201601359349300220,341018992,X,Equipment,16,987643,Cost
201601359349300220,341018992,X,Event Costs,17,12385,Cost
201601359349300220,341018992,X,Travel Expenses,3,966,Cost
201641379349306759,581357177,X,HORSES,11,902500,APPRAISAL
201641339349304374,020222111,X,Specialized Equipment or Instruments,4,304,$1 per allocation
201641339349304374,020222111,X,Self-created items,4,5,$1 per allocation
201641339349304374,020222111,X,Horses,2,3,$1 per allocation
201641349349301624,516000297,X,Lab Equipment,8,40139,Opinions of experts
201641349349301624,516000297,X,Film,1,300,Opinion of expert
201641349349301624,516000297,X,Billboards,3,2700,Fair Rental Value
201641349349302329,570314395,X,FURN & EQUIP,6,7830,FMV
201641349349302329,570314395,X,TUMBLING,1,3200,COST
201641349349302329,570314395,X,MUSICAL INSTRUMENTS,2,1276,FMV
201641349349302329,570314395,X,LIFE INS PREMIUM,1,737,COST
201631379349303513,050258956,X,Educational Supplies,3,0,0
201641379349309104,860186050,X,Online curriculum,1,5173000,FMV-Similar Asset Sa
201641379349309104,860186050,X,Food for athletic teams,1,3750,FMV-Similar Asset Sa
201641379349309104,860186050,X,Stage lighting equipment,1,1000,FMV-Similar Asset Sa
201641379349309104,860186050,X,Supplies & Equipment,2,708,FMV-Similar Asset Sa
201641379349309394,910565553,X,Airline tickets,1,12500,FMV
201641379349309394,910565553,X,Equipment,2,8250,FMV
201641379349309394,910565553,X,Lodging,1,5460,FMV
201641379349309394,910565553,X,Auction items,22,4416,FMV
201621059349301367,520591623,X,Equipment Credits,1,22323,FMV
201621059349301367,520591623,X,Trophies,1,1500,FMV
201611099349301046,310725957,X,VARIOUS AUCTION ITEMS,58,18912,Market value
201641449349300129,141340095,X,MISC EQUIPMENT,19,89540
201611059349300546,560547511,X,SOFTWARE,1,20810,MARKET VALUE
201611059349300546,560547511,X,OTHER,8,5880,MARKET VALUE
201611059349300546,560547511,X,CONSTRUCTION,1,5010,MARKET VALUE
201611059349300546,560547511,X,GOLF CARTS,6,3000,MARKET VALUE
201641379349304869,910564961,X,Furniture,2,1724,Estimated FMV
201641379349304869,910564961,X,Gift certificates,59,22687,Value of certificates
201641379349304869,910564961,X,Event tickets,6,440,Value of tickets
201641379349304869,910564961,X,Bitcoin,1,250,Market Value
201641349349306349,560529933,X,GYM EQUIPMENT,1,20405,FMV
201641349349307109,141338587,X,musical instrument,1,8300,independent appraisal
201641329349301324,363377698,X,RAFFLE ITEMS - FUNDRASING,160,27313,Cost / Selling Price
201641329349301324,363377698,X,MED EQUIPMENT & INSTRUMENT,2,3000,Opinions of Experts
201641329349301324,363377698,X,Books & Medical Journals,1009,8471,Opinions of Experts
201641389349300324,231365971,X,MISCELLANEOUS,1,6000,Market value
201641389349300324,231365971,X,EQUIPMENT,3,13000,Market value
201641389349300324,231365971,X,SUPPLIES,1,6000,Market value
201621049349300522,440567385,X,FOOSBALL TABLE,1,150,FMV
201621049349300522,440567385,X,CONCRETE,1,541,FMV
201621049349300522,440567385,X,GRILL,1,726,FMV
201601319349301480,231352354,X,OTHER MISCELLANEOUS ITEMS,6,9244,EXPERT OP/APPRAISAL
201601319349301480,231352354,X,INSTRUMENTS,4,8600,EXPERT OP/APPRAISAL
201631259349301753,741233796,X,Food Donations,5,2294,Value stated
201631259349301753,741233796,X,Equipment,3,489,$1 or value stated
201631259349301753,741233796,X,Other,22,13417,$1 or value stated
201641339349300314,430653611,X,Historical Documents,1,1,No value provided
201641339349300314,430653611,X,Medical Equipment,1,1,No value provided
201641339349300314,430653611,X,Medications,8,15294,Retail value
201641339349300314,430653611,X,Life Insurance Policy,1,6040,Cash surrender value
201641339349300744,410693856,X,TOOLS & EQUIP,78,246487,SALES PRICE
201641339349300744,410693856,X,COMPUTER EQUIPMENT,2,5500,SALES PRICE
201641339349300744,410693856,X,EVENT PRIZES,2,250,FAIR MARKET VALUE
201631309349300108,362182171,X,Horses,4,9531,Market value
201631309349300108,362182171,X,Equipment,2,36548,Market value
201631309349300108,362182171,X,Meeting expenses/ Entertainment,90,14666,Cost
201631309349300108,362182171,X,Musical Instruments,1,6500,Market value
201631309349300108,362182171,X,Meeting Supplies,59,4240,Market value
201631359349300008,240772407,X,Supplies,29
201631359349300008,240772407,X,Education Equip,1
201631359349300203,910565006,X,Items donated for fundraising events,561,234072,FMV
201630549349300603,510175975,X,DONATED FURNITURE,2,64214,FMV
201640369349300004,621669683,X,CDS,2,39935,50% OF RETAIL PRICE
201640439349301414,141468399,X,Furniture for office in Finance and Purchasing,1,22208,Market value
201640439349301414,141468399,X,Topsoil for Mount Saint Mary College Campus Grounds,1,124,Cost
201640439349301414,141468399,X,Fine China for President's Home,1,1100,Cost
201640439349301414,141468399,X,Parlor Grand Piano,1,8350,Market value
201640439349301414,141468399,X,"Invitations for Gala 2014, Golf Tournament",2,2810,Cost
201640439349301414,141468399,X,Raffle Prize for Golf Tournament,1,25,Opinions of experts
201640439349301414,141468399,X,Tents for Golf Tournament,1,350,Cost
201640439349301414,141468399,X,Glass bowl for Golf Tournament Raffle,1,90,Cost
201640449349300609,350868096,X,GAMES,1,187,GAMES
201640449349300609,350868096,X,LANDSCAPING,3,700,FAIR MARKET VALUE
201631039349300308,150532078,X,EQUIPMENT,5,62559,FMV
201631039349300308,150532078,X,TICKETS,16,11685,FMV
201631039349300308,150532078,X,MISCELLANEOUS,31,41638,FMV
201631339349300308,314379507,X,LIGHTING CONSOLE FOR THEATER PRODUCTIONS,1,1,$1 FOR TRACKING
201630419349301308,660177776,X,Equipment and Materials,7,4041271,FMV
201630729349300008,440589787,X,AUCTION ITEMS,6,0,0
201631379349303923,060776644,X,EQUIPMENT,11,66720,FMV
201631379349303923,060776644,X,RAFFLE GIFTS,158,30190,FMV
201631379349303923,060776644,X,OTHER SUNDRY,10487,26433,FMV
201631069349300758,251120678,X,HOCKEY PUCK SHOOTING MACHINE,1,45000,COST OR SELLING PRIC
201640399349300449,222547262,X,AIRLINE TICKETS,1,11000,FAIR MARKET VALUE
201640759349300429,160743045,X,HORSE,3,20196,QUALIFIED APPRAISER
201640759349300429,160743045,X,PHOTOGRAPHY EQUIPMENT,1,1005,QUALIFIED APPRAISER
201631079349300613,760196908,X,EDUCATION EQUIPMENT DONATIONS,4,12310,FAIR MARKET VALUE
201631079349300613,760196908,X,MISCELLANEOUS AUCTION ITEMS,22,9154,FAIR MARKET VALUE
201631079349300613,760196908,X,GOLF ACTIVITY,3,2400,FAIR MARKET VALUE
201631079349300613,760196908,X,DINING GIFT CARDS,6,940,FAIR MARKET VALUE
201631079349300613,760196908,X,GIFT CARDS - SERVICES,2,110,FAIR MARKET VALUE
201631379349307058,440545813,X,VARIOUS,15,15,RESALE VALUE
201631339349304438,042103634,X,MEDICAL EQUIP.,8,766736,Market value
201631339349304438,042103634,X,GIFT CARDS,9,385,Market value
201631339349304438,042103634,X,DINNER EVENTS,7,31799,Market value
201631339349304438,042103634,X,COMPUTER EQUIP.,3,25560,Market value
201631339349304438,042103634,X,PLANE TICKETS,2,2885,Market value
201631399349300128,060646927,X,"reception, lunch and events",3,3917,receipts provided
201631399349300128,060646927,X,airfare and hotel,1,712,receipts provided
201640609349300224,410693977,X,ELECTRONICS,1,0,N/A
201640609349300224,410693977,X,GIFT CARDS,7,0,N/A
201640839349300239,042126597,X,Piano,1,24000,Appraisal Value
201631179349300318,950549600,X,Equipment,1465,3597,Market value
201631179349300318,950549600,X,Gifts Certificates,415,26654,Market value
201631179349300318,950549600,X,Miscellaneous,1580,15113,Market value
201631199349300108,237225104,X,Instruments,4,65190,Fair mkt value
201621379349304997,030179414,X,OTHER,17,22922,Market value
201621379349305042,340714334,X,INSTR.EQUIP.&SUPPLIES,10,0,N/A
201631349349302813,310537514,X,PROMOTIONAL,67,32724,COST
201631349349302813,310537514,X,EDUCATIONAL SUPPLIES,15,16092,COST
201631349349302813,310537514,X,OTHER SUPPLIES,34,13642,COST
201640419349301734,540505922,X,Travel Expenses,2,1744,FMV
201640419349301734,540505922,X,Miscellaneous,10,35171,FMV
201630889349300443,590859121,X,A/V EQUIPMENT,1,3992,FMV
201630889349300443,590859121,X,MARINE EQUIPMENT,77,77,FMV
201630889349300443,590859121,X,MUSIC EQUIPMENT,1,1,FMV
201631559349300763,951667177,X,MISCELLANEOUS,3,23573,DONOR RECEIPTS/FMV
201631559349300763,951667177,X,MERCHANDISE,10,4529,DONOR RECEIPTS/FMV
201631559349300763,951667177,X,GIFT CERTIFIC,31,4369,DONOR RECEIPTS/FMV
201640919349300214,430652667,X,Jewelry,8,27015,Opinions of experts
201641069349300749,560529999,X,Furniture,1,12941,FMV
201641069349300749,560529999,X,Electrical materials and services,1,19880,FMV
201630479349301558,370681530,X,Furniture/Appliances,3,23831,Fair market value
201630479349301558,370681530,X,Misc Items,4,1025,Fair market value
201631249349300913,231365954,X,COMPUTERS AND EQUIPMENT,1,16704,COMPARABLE SALES
201641099349300129,910916534,X,Instrument accessories,1,1000,market value
201641099349300129,910916534,X,gift cards,1,250,market value
201630939349300008,420680351,X,PIANO,1,39500,VALUE - TIME OF DONA
201630939349300008,420680351,X,ANTIQUE DESK,1,2500,VALUE - TIME OF DONA
201641169349300814,620476301,X,Team Sports Support,7,5984,Fair value at date received
201641169349300814,620476301,X,Donated Events,2,8260,Fair value at date received
201631329349300748,540506319,X,Other Donated Items,8,23619,FMV
201631329349301978,390826049,X,Fundraising Events,6,2737,Cost/Selling Price
201631329349301978,390826049,X,Alumni & Advancement EVTS,3,2934,Cost/Selling Price
201631329349301978,390826049,X,Student Events,1,1265,Cost/Selling Price
201631329349302278,141338371,X,VARIOUS IN KIND,85,64057,FAIR VALUE
201641029349301154,550357021,X,PIANO,1,35000,APPRAISAL
201641029349301154,550357021,X,MISCELLANEOUS ITEMS,25,25175,DONOR VALUE
201641029349301154,550357021,X,PIANO,1,4500,FAIR MARKET VALUE
201641029349301154,550357021,X,SUPPLIES,19,3444,DONOR VALUE
201641179349300204,237179567,X,IN-KIND LIGHTING,2,4736,COST/SELLING PRICE
201641179349300204,237179567,X,IN-KIND HOSPITALITY,3,7454,COST/SELLING PRICE
201641179349300204,237179567,X,IN-KIND PRINT & ADS,4,21411,COST/SELLING PRICE
201641179349300204,237179567,X,IN-KIND VIDEO PRDCTN,1,4100,COST/SELLING PRICE
201641179349300204,237179567,X,IN-KIND PHOTOGRAPHY,2,770,COST/SELLING PRICE
201641179349300204,237179567,X,IN-KIND MISC,13,1149,COST/SELLING PRICE
201641179349300609,240795686,X,SOFTWARE,1,60900,APPRAISAL
201641179349300609,240795686,X,EQUIPMENT,64,36452,APPRAISAL
201641179349300609,240795686,X,GOODS/SERVICES,8,12110,PAID RECEIPT
201641179349300609,240795686,X,AUCTIONS/EVENTS,6,2718,APPRAISAL
201611349349302841,390806251,X,Auction,240,91641,Value of donated property
201611349349302841,390806251,X,Equipment,3,61420,Value of donated property
201611349349302841,390806251,X,Catering/other,35,49430,Value of donated property
201641939349300964,942245517,X,FLOORING,1,9192
201632249349301688,362167060,X,Gift Cards/Certificates,226,53480,Cost
201632249349301688,362167060,X,Events/Entertainment,69,26632,Cost
201632249349301688,362167060,X,Vacation/Property,2,13000,Comparables
201632249349301688,362167060,X,Facilities,1,120,Cost
201632249349301688,362167060,X,Jewelry,1,260,Cost
201611909349300031,751596658,X,CHIROPRACTIC TABLES,1,29985,INVOICE
201611909349300031,751596658,X,CLINICS-ML830R SMART LASERS (3),1,11985,INVOICE
201611909349300031,751596658,X,ZEN PRO VIBRATION UNIT,1,5999,INVOICE
201611909349300031,751596658,X,PHYSMODO KINECT SCANNER WITH LAPTOP,1,3400,FAIR MARKET VALUE
201602269349300705,060646768,X,Auction Items,45,12157,FMV
201602269349300705,060646768,X,Gift Cards,34,5774,Face Value
201602269349300705,060646768,X,Event Tickets,19,2819,Face Value
201612289349303176,540506332,X,Gift certificates,112,14574,sale of comparable i
201621719349300002,510143399,X,1,80469
201641969349301434,366112087,X,SCHOOL FURNISHINGS,2,204458,Market value
201641969349301434,366112087,X,OTHER,117,36498,Market value
201641699349300734,362167854,X,Equipment and Repair materials,227,310563,Market value
201641699349300734,362167854,X,Lab equipment,1,1196,Market value
201641699349300734,362167854,X,Grand piano,1,22000,Market value
201611959349301336,135562308,X,PERS PAPERS,18,402500,SEE SCHEDULE O
201611959349301336,135562308,X,EVENT PASSES,1,315585,SEE SCHEDULE O
201611959349301336,135562308,X,OTHER MISC.,20,9791,SEE SCHEDULE O
201611959349301336,135562308,X,THEATER TKTS,14,28,SEE SCHEDULE O
201611959349300311,111630741,X,PLEDGES AND BEQUESTS,43,1801408,DISCOUNTED VALUE
201611819349300211,042304133,X,Supplies,0,336302,FMV
201621959349301227,362167817,X,Equipment,1,800000,Market value
201621959349301227,362167817,X,"Events, tickets",271,278528,Market value
201601709349300300,381948285,X,OTHER DONATIONS,1,88129,FMV
201601709349300300,381948285,X,COPIER/SCANNER,2,25000,FMV
201631979349300448,941156365,X,MRI SYSTEM,1,1550000,FAIR MARKET VALUE
201631979349300448,941156365,X,MUSICAL ITEMS & INSTRUMENTS,8,16808,FAIR MARKET VALUE
201631979349300448,941156365,X,COMPUTERS AND ACCESSORIES,7,151588,FAIR MARKET VALUE
201631979349300448,941156365,X,OTHER EQUIPMENT,18,432632,FAIR MARKET VALUE
201642089349301064,366205980,X,DONATED LAND,1,10000,FAIR MARKET VALUE
201642089349301064,366205980,X,DONATED FURNITURE,1,670,FAIR MARKET VALUE
201602249349300600,951643307,X,EQUIPMENT,1,720600,INVENTORY&PLACE MARK
201602249349300600,951643307,X,Miscellaneous,6,1000,Retail & Place Mark
201602109349301030,410682405,X,Net assets-merger,1,39677127,Book value
201642049349300319,010211534,X,Donate of wk timeshare-drawing,1,7700,FMV
201642049349300319,010211534,X,Leadership Devel Series Attend,1,6000,FMV
201642049349300319,010211534,X,Video Equipment,1,1876,FMV
201642049349300319,010211534,X,Gift Cert,70,13720,FMV
201642049349300319,010211534,X,Wine,15,2557,FMV
201642049349300319,010211534,X,Jewelry,4,663,FMV
201622239349301232,010238552,X,GIFTS IN KIND,5
201612109349300936,741613878,X,equipment,782,7780239,COST
201612119349301301,860702049,X,SOFTWARE PACKAG,37,18547,FAIR MARKET VALUE
201612119349301301,860702049,X,CONSTRUCTION SE,1,125000,FAIR MARKET VALUE
201612119349301301,860702049,X,MISCELLANEOUS,3,70439,FAIR MARKET VALUE
201612119349301301,860702049,X,PRODUCT CREDIT,2,73911,FAIR MARKET VALUE
201631979349301263,640306253,X,HOSPITAL ASSETS,1,12839842,FMV
201631979349301263,640306253,X,DISNEY CARE PACKAGES,1,5817,COST
201642009349301069,580566256,X,FOOD AND GIFTS,62,41364,MARKET VALUE
201631829349300233,110461385,X,ENGINES,2,31250,FMV
201631829349300233,110461385,X,JTSD TOOL KITS,2,13150,FMV
201631829349300233,110461385,X,AIRLINE TICS.,10,9000,FMV
201631829349300233,110461385,X,EMPLOYEE APPRECIATION DAY,16,2580,FMV
201631829349300233,110461385,X,EXPENSE DONATION,1,1280,FMV
201631829349300233,110461385,X,FOOD DONATIONS,7,506,FMV
201631829349300233,110461385,X,JETS TICKETS,4,407,FMV
201631829349300233,110461385,X,EQUIPMENT,1,100,FMV
201622259349302297,030219309,X,GIFT CERTIFICATES,27,8477,COST
201632249349300018,060646652,X,VACCINES & WIC VOUCHERS,4,4673191,COMPARABLE MARKET
201632249349300018,060646652,X,GIFTS / TOYS / OTHER,39,67096,COMPARABLE MARKET
201632249349300018,060646652,X,TRAVEL,5,15074,COMPARABLE MARKET
201632249349300018,060646652,X,EVENT TICKETS/GOLF/FISHING,29,14149,COMPARABLE MARKET
201632249349300018,060646652,X,GIFT CERTIFICATES,30,10050,COMPARABLE MARKET
201632249349300018,060646652,X,JEWELRY/HANDBAGS,16,3805,COMPARABLE MARKET
201632249349300018,060646652,X,ATHLETIC INSTRUCTION & PHOTOGRAPHY,7,3180,COMPARABLE MARKET
201631949349300638,540793767,Other:,0,0
201641979349300344,111630906,X,Event Supplies,3,0,NA
201641979349300344,111630906,X,Gift Card/Certificate,106,0,NA
201641979349300344,111630906,X,Tickets,3,0,NA
201641979349300344,111630906,X,Equipment,3,0,NA
201641979349300344,111630906,X,Furntiure and Fixtures,2,0,NA
201622289349303997,431345089,SERVICES,3081
201622289349303997,431345089,EQUIPMENT,106805
