object_id,ein,SttsWhrCpyOfRtrnIsFldCd
201923169349301547,340714585,CA
201923169349301547,340714585,FL
201923169349301547,340714585,GA
201923169349301547,340714585,IL
201923169349301547,340714585,KS
201923169349301547,340714585,KY
201923169349301547,340714585,LA
201923169349301547,340714585,MA
201923169349301547,340714585,MD
201923169349301547,340714585,MN
201923169349301547,340714585,MS
201923169349301547,340714585,NH
201923169349301547,340714585,NJ
201923169349301547,340714585,NY
201923169349301547,340714585,OH
201923169349301547,340714585,OR
201923169349301547,340714585,PA
201923169349301547,340714585,SC
201923169349301547,340714585,TN
201923169349301547,340714585,UT
201923169349301547,340714585,WI
201903579349300855,141463151,NY
201933199349313523,953797687,AL
201933199349313523,953797687,AK
201933199349313523,953797687,AR
201933199349313523,953797687,CA
201933199349313523,953797687,CT
201933199349313523,953797687,FL
201933199349313523,953797687,GA
201933199349313523,953797687,IL
201933199349313523,953797687,KS
201933199349313523,953797687,KY
201933199349313523,953797687,MD
201933199349313523,953797687,MA
201933199349313523,953797687,MI
201933199349313523,953797687,MN
201933199349313523,953797687,MS
201933199349313523,953797687,NH
201933199349313523,953797687,NJ
201933199349313523,953797687,NY
201933199349313523,953797687,NC
201933199349313523,953797687,OR
201933199349313523,953797687,PA
201933199349313523,953797687,RI
201933199349313523,953797687,SC
201933199349313523,953797687,TN
201933199349313523,953797687,UT
201933199349313523,953797687,VA
201933199349313523,953797687,WV
201933199349313523,953797687,WI
201933199349301858,221487173,NJ
201943199349302004,160743102,NY
201943169349302724,541547408,VA
201912889349300246,344429091,OH
201912849349301106,750891464,TX
201943529349300639,620481463,TN
201913439349300841,620548913,TN
201913519349300816,750827421,MD
201913519349300816,750827421,MI
201913519349300816,750827421,NH
201913519349300816,750827421,PA
201913519349300816,750827421,SC
201903089349301190,350895832,IN
202001929349301615,231365353,PA
202041979349305184,042103542,MA
202041979349307414,951664112,CA
202041979349307414,951664112,FL
202041979349307414,951664112,MA
202041979349307414,951664112,NH
202041979349307414,951664112,OR
202041979349307414,951664112,TN
202031969349302723,580603153,GA
202021929349302767,820200907,OR
202021929349302767,820200907,UT
202021929349302767,820200907,WA
202001929349302775,521272129,DC
202031019349301603,231937954,PA
202041069349300824,160743040,CA
202041069349300824,160743040,NY
202020699349301007,042111203,MA
202020319349300222,620485733,TN
201943189349303504,131624135,AK
201943189349303504,131624135,CO
201943189349303504,131624135,FL
201943189349303504,131624135,GA
201943189349303504,131624135,HI
201943189349303504,131624135,IL
201943189349303504,131624135,KS
201943189349303504,131624135,KY
201943189349303504,131624135,MD
201943189349303504,131624135,MA
201943189349303504,131624135,MI
201943189349303504,131624135,MN
201943189349303504,131624135,MS
201943189349303504,131624135,NH
201943189349303504,131624135,NJ
201943189349303504,131624135,NM
201943189349303504,131624135,NY
201943189349303504,131624135,NC
201943189349303504,131624135,ND
201943189349303504,131624135,OK
201943189349303504,131624135,OR
201943189349303504,131624135,PA
201943189349303504,131624135,SC
201943189349303504,131624135,TN
201943189349303504,131624135,UT
201943189349303504,131624135,WA
201943189349303504,131624135,WI
201933269349301003,930386890,OR
201933269349301003,930386890,WA
201942949349301614,640579585,MS
202001149349301525,951641455,CA
202000799349300935,520705392,MD
202011969349301031,936002614,OR
202010079349300536,362216176,CA
202041369349305314,951664123,CA
202040949349300014,560556753,NC
202040949349300014,560556753,SC
201923199349304272,581494136,TN
202010919349301701,952962604,CA
201932959349300308,340909974,OH
201933199349317668,521241927,MD
202030509349301018,942515428,AK
202030509349301018,942515428,CA
202030509349301018,942515428,MD
202030509349301018,942515428,NH
202030509349301018,942515428,SC
202030509349301018,942515428,WA
202030509349301018,942515428,OR
202041419349301659,951699394,CA
202041419349301659,951699394,WA
201943199349319864,942933165,CA
202021489349300987,420703280,AK
202021489349300987,420703280,AZ
202021489349300987,420703280,LA
202021489349300987,420703280,MD
202021489349300987,420703280,MI
202021489349300987,420703280,NH
202021489349300987,420703280,SC
202021489349300987,420703280,WA
202021489349300987,420703280,AL
202010729349300726,840402707,AK
202010729349300726,840402707,CA
202010729349300726,840402707,CO
202010729349300726,840402707,MA
202010729349300726,840402707,NV
202010729349300726,840402707,NH
202010729349300726,840402707,WA
201923189349306802,581581103,GA
201923189349306802,581581103,SC
201923189349309482,113350641,NY
202041419349301764,941156566,CA
202041419349301764,941156566,CO
202041419349301764,941156566,AK
202041419349301764,941156566,MD
202041419349301764,941156566,MA
202041419349301764,941156566,MI
202041419349301764,941156566,NV
202041419349301764,941156566,NH
202041419349301764,941156566,NY
202041419349301764,941156566,OH
202041419349301764,941156566,OK
202041419349301764,941156566,OR
202041419349301764,941156566,SC
202041419349301764,941156566,WA
202031369349300313,560623936,NC
202031369349303828,020274509,AK
202031369349303828,020274509,DC
202031369349303828,020274509,MD
202031369349303828,020274509,MA
202031369349303828,020274509,MI
202031369349303828,020274509,NH
202031369349303828,020274509,NY
202031369349303828,020274509,OR
202031369349303828,020274509,WA
202031369349303828,020274509,WI
202040839349300359,410694747,CA
202040839349300359,410694747,MN
202040839349300359,410694747,NH
202040839349300359,410694747,WA
201933129349301853,042104451,MA
201933129349301853,042104451,MI
201933129349301853,042104451,NH
201933129349301853,042104451,NY
201933129349301853,042104451,OR
201933129349301853,042104451,SC
202011919349301236,131624067,CA
202011919349301236,131624067,NY
202041979349301854,210634501,CA
202041979349301854,210634501,IN
202041979349301854,210634501,NH
202041979349301854,210634501,WA
202041979349301854,210634501,WV
201913199349305111,410956618,MN
202001369349301620,330413730,CA
202021409349300347,362181973,MD
201923199349305957,231352008,AK
201923199349305957,231352008,AZ
201923199349305957,231352008,CO
201923199349305957,231352008,KY
201923199349305957,231352008,MD
201923199349305957,231352008,MA
201923199349305957,231352008,MI
201923199349305957,231352008,NH
201923199349305957,231352008,NY
201923199349305957,231352008,OH
201923199349305957,231352008,OK
201923199349305957,231352008,OR
201923199349305957,231352008,WA
202021959349303612,050258810,AK
202021959349303612,050258810,CA
202021959349303612,050258810,CO
202021959349303612,050258810,MD
202021959349303612,050258810,MA
202021959349303612,050258810,MI
202021959349303612,050258810,NH
202021959349303612,050258810,NJ
202021959349303612,050258810,NY
202021959349303612,050258810,OH
202021959349303612,050258810,OK
202021959349303612,050258810,OR
202021959349303612,050258810,PA
202021959349303612,050258810,SC
202021959349303612,050258810,VA
202021959349303612,050258810,WA
202001919349303150,951644048,CA
201943199349301934,210634484,NJ
202001949349300600,610444763,KY
202020289349301607,596046500,FL
202041339349302829,310538525,OH
202020599349301402,956001907,CA
202020599349301402,956001907,CO
202020599349301402,956001907,NH
202020599349301402,956001907,OR
202020599349301402,956001907,SC
202020599349301402,956001907,AK
201943169349304959,042702102,MA
202001429349300900,440545813,MO
202012039349300121,946135772,CA
202031689349300528,362593545,IL
202010419349301021,581126894,FL
202000769349300545,350867954,IN
202010219349301106,620502739,TN
201943189349308759,231352691,PA
201943189349308759,231352691,AK
201943189349308759,231352691,AZ
201943189349308759,231352691,CO
201943189349308759,231352691,KY
201943189349308759,231352691,MD
201943189349308759,231352691,MA
201943189349308759,231352691,MI
201943189349308759,231352691,NH
201943189349308759,231352691,OH
201943189349308759,231352691,OK
201943189349308759,231352691,OR
201943189349308759,231352691,SC
201943189349308759,231352691,WA
202000919349301410,530196641,NY
202022309349302177,540506332,VA
202001139349301500,611031382,KY
202020629349300912,461812625,FL
202000709349300415,620484185,TN
201903169349301975,240795439,PA
202030489349300103,620535755,TN
202011059349300036,160755807,NY
202001259349300000,953127273,CA
202001259349300000,953127273,OR
202001699349301000,390980974,WI
202041609349301424,340714363,OH
202041609349301094,590949880,FL
202010429349300541,231352664,AR
202010429349300541,231352664,CO
202010429349300541,231352664,KY
202010429349300541,231352664,MA
202010429349300541,231352664,MI
202010429349300541,231352664,NH
202010429349300541,231352664,NJ
202010429349300541,231352664,OR
202010429349300541,231352664,SC
201933369349301353,954230730,CA
202010989349300831,930386858,AK
202010989349300831,930386858,CO
202010989349300831,930386858,DC
202010989349300831,930386858,MA
202010989349300831,930386858,MD
202010989349300831,930386858,MI
202010989349300831,930386858,NH
202010989349300831,930386858,NJ
202010989349300831,930386858,NY
202010989349300831,930386858,OR
202010989349300831,930386858,PA
202010989349300831,930386858,VA
202010989349300831,930386858,WA
202010989349300831,930386858,WV
202031699349301613,390806428,WI
202011369349303671,020222182,AL
202011369349303671,020222182,AK
202011369349303671,020222182,AZ
202011369349303671,020222182,AR
202011369349303671,020222182,CA
202011369349303671,020222182,CO
202011369349303671,020222182,CT
202011369349303671,020222182,DE
202011369349303671,020222182,DC
202011369349303671,020222182,FL
202011369349303671,020222182,GA
202011369349303671,020222182,HI
202011369349303671,020222182,ID
202011369349303671,020222182,IL
202011369349303671,020222182,IN
202011369349303671,020222182,IA
202011369349303671,020222182,KS
202011369349303671,020222182,KY
202011369349303671,020222182,LA
202011369349303671,020222182,ME
202011369349303671,020222182,MD
202011369349303671,020222182,MA
202011369349303671,020222182,MI
202011369349303671,020222182,MN
202011369349303671,020222182,MS
202011369349303671,020222182,MO
202011369349303671,020222182,MT
202011369349303671,020222182,NE
202011369349303671,020222182,NV
202011369349303671,020222182,NH
202011369349303671,020222182,NJ
202011369349303671,020222182,NM
202011369349303671,020222182,NY
202011369349303671,020222182,NC
202011369349303671,020222182,ND
202011369349303671,020222182,OH
202011369349303671,020222182,OK
202011369349303671,020222182,OR
202011369349303671,020222182,PA
202011369349303671,020222182,RI
202011369349303671,020222182,SC
202011369349303671,020222182,SD
202011369349303671,020222182,TN
202011369349303671,020222182,TX
202011369349303671,020222182,UT
202011369349303671,020222182,VT
202011369349303671,020222182,VA
202011369349303671,020222182,WA
202011369349303671,020222182,WV
202011369349303671,020222182,WI
202011369349303671,020222182,WY
202011369349303706,141338580,CA
202001259349300305,256068246,PA
202000639349301750,237067667,CA
202040849349300734,410695524,KY
202040849349300734,410695524,MA
202040849349300734,410695524,MD
202040849349300734,410695524,MI
202040849349300734,410695524,MN
202040849349300734,410695524,NH
202040849349300734,410695524,SC
202040849349300734,410695524,WA
202031929349302573,041591060,MA
202021899349300727,042103558,CA
202021899349300727,042103558,MA
202021899349300727,042103558,NH
202030459349301228,382333042,MI
202030289349301768,420681046,AK
202030289349301768,420681046,CO
202030289349301768,420681046,FL
202030289349301768,420681046,LA
202030289349301768,420681046,MD
202030289349301768,420681046,MI
202030289349301768,420681046,ND
202030289349301768,420681046,NH
202030289349301768,420681046,NV
202030289349301768,420681046,NY
202030289349301768,420681046,OH
202030289349301768,420681046,OK
202030289349301768,420681046,OR
202030289349301768,420681046,SC
202030289349301768,420681046,UT
202030289349301768,420681046,WA
202031479349300958,050258956,CA
202031479349300958,050258956,NY
202031479349300958,050258956,NJ
202031479349300958,050258956,FL
202031479349300958,050258956,RI
201903509349300530,350845258,IN
202001969349302350,030179414,VT
202030719349301318,830340684,CA
202030559349300523,930461940,OR
202030099349300123,344428207,OH
202020459349300812,160871487,NY
202011779349301806,510197108,AL
202011779349301806,510197108,AK
202011779349301806,510197108,AR
202011779349301806,510197108,CA
202011779349301806,510197108,CO
202011779349301806,510197108,CT
202011779349301806,510197108,DC
202011779349301806,510197108,FL
202011779349301806,510197108,GA
202011779349301806,510197108,IL
202011779349301806,510197108,KS
202011779349301806,510197108,KY
202011779349301806,510197108,ME
202011779349301806,510197108,MD
202011779349301806,510197108,MA
202011779349301806,510197108,MI
202011779349301806,510197108,MN
202011779349301806,510197108,MS
202011779349301806,510197108,NH
202011779349301806,510197108,NJ
202011779349301806,510197108,NM
202011779349301806,510197108,NY
202011779349301806,510197108,NC
202011779349301806,510197108,ND
202011779349301806,510197108,OH
202011779349301806,510197108,OK
202011779349301806,510197108,OR
202011779349301806,510197108,PA
202011779349301806,510197108,RI
202011779349301806,510197108,SC
202011779349301806,510197108,TN
202011779349301806,510197108,UT
202011779349301806,510197108,VA
202011779349301806,510197108,WA
202011779349301806,510197108,WV
202011779349301806,510197108,WI
202031679349300623,470378777,KY
202031679349300623,470378777,MD
202031679349300623,470378777,MI
202031679349300623,470378777,NH
202031679349300623,470378777,OR
202031679349300623,470378777,SC
202032539349300123,730590036,OK
202030569349300228,316064854,OH
202031059349300313,590637903,FL
202031979349304623,570324915,SC
201943539349301209,237125575,NJ
201933119349302203,340753531,OH
202041339349302264,042103638,MA
202041339349302264,042103638,NY
202041339349302344,250969449,PA
202041359349303119,310970262,IN
202041359349303179,880121831,CA
202011839349300836,520591667,MD
202000879349301400,581363100,TN
202001929349300200,042105776,MA
202000239349301015,042767880,MA
202011369349303121,952261113,CA
202001959349303015,540793767,VA
202001199349300140,231352613,PA
202041009349300524,231352652,PA
201913199349306876,581249683,GA
202010909349301211,042103865,MA
202040739349301419,941339635,AK
202040739349301419,941339635,CO
202040739349301419,941339635,MD
202040739349301419,941339635,OR
202040739349301419,941339635,WA
202021969349300322,720635884,LA
202020289349301027,363657734,IL
202012539349300006,581494136,TN
202000739349301410,952882724,CA
202020949349300217,952594166,CA
201913189349309996,362739299,IL
202000429349300540,310747997,CA
202000429349300540,310747997,OH
202031329349300908,231352683,PA
202011069349300716,411607453,MN
202011069349301111,231352615,PA
202001289349301475,350869045,CA
202001289349301475,350869045,IN
202001289349301475,350869045,NH
202001289349301475,350869045,NJ
202001289349301475,350869045,OR
202001289349301475,350869045,WA
201913519349300021,510205293,TN
202041789349301569,942955205,CA
202041979349304394,240795453,PA
202031979349303368,570314404,SC
202021909349301702,133716314,NY
202031679349300403,941279798,CA
202030579349301648,942356338,CA
202031369349304428,251652518,PA
202001269349302150,953909672,CA
202020999349300017,410693979,CA
202020999349300017,410693979,CO
202020999349300017,410693979,MA
202020999349300017,410693979,MD
202020999349300017,410693979,MI
202020999349300017,410693979,MN
202020999349300017,410693979,NH
202020999349300017,410693979,SC
202021009349300737,582624570,GA
202011149349300811,042108376,MA
202012529349300006,416059072,MN
202020569349301462,362170142,IL
202031119349301618,956151774,CA
202041979349304529,042152671,MA
202000719349301410,730739626,FL
202000719349301410,730739626,KY
202000719349301410,730739626,MD
202000719349301410,730739626,MA
202000719349301410,730739626,MI
202000719349301410,730739626,NH
202000719349301410,730739626,NY
202000719349301410,730739626,OK
202000719349301410,730739626,OR
202000719349301410,730739626,SC
202031429349300148,930386892,OR
202001349349302790,111630822,NY
202000239349300700,943204136,CA
202031059349300448,010211810,ME
201913189349303761,382030679,MI
202021329349300207,250965591,PA
202001959349302810,231352187,PA
202001419349301100,626001104,TN
202031369349303108,954625327,CA
202031369349303153,581685139,GA
202031339349301533,231353385,CO
202031339349301533,231353385,MD
202031339349301533,231353385,MA
202031339349301533,231353385,NH
202031339349301533,231353385,NY
202031339349301533,231353385,OH
202031339349301533,231353385,PA
202031339349301533,231353385,MI
202031339349301533,231353385,MN
202031339349301533,231353385,WA
201923119349300347,222560916,MA
201913189349301541,591092732,FL
202010229349301506,610660795,KY
202020519349301127,231409675,PA
202010509349301416,951744369,AK
202010509349301416,951744369,CO
202010509349301416,951744369,DC
202010509349301416,951744369,NV
202010509349301416,951744369,WA
202010509349301416,951744369,CA
202012279349300726,010238552,ME
201913179349303056,150532245,NY
201933199349310943,160960470,NY
202020839349300902,160743942,NY
202031979349305813,591146751,FL
202040349349300714,480543736,WA
202001269349300545,941156525,CA
202001269349300605,020222120,NH
202031509349301423,540784341,VA
202031509349301423,540784341,MD
202001359349302675,042133255,MA
202021269349301812,362167725,CA
202021269349301812,362167725,AL
202021269349301812,362167725,IL
202021269349301812,362167725,KS
202021269349301812,362167725,KY
202021269349301812,362167725,AK
202021269349301812,362167725,MD
202021269349301812,362167725,MA
202021269349301812,362167725,MI
202021269349301812,362167725,MS
202021269349301812,362167725,NH
202021269349301812,362167725,NJ
202021269349301812,362167725,NY
202021269349301812,362167725,ND
202021269349301812,362167725,OK
202021269349301812,362167725,OR
202021269349301812,362167725,SC
202021269349301812,362167725,UT
202021269349301812,362167725,VA
202021269349301812,362167725,WI
201923189349304737,251065148,AK
201923189349304737,251065148,CO
201923189349304737,251065148,KY
201923189349304737,251065148,ME
201923189349304737,251065148,MD
201923189349304737,251065148,MA
201923189349304737,251065148,MI
201923189349304737,251065148,NH
201923189349304737,251065148,NY
201923189349304737,251065148,OH
201923189349304737,251065148,OK
201923189349304737,251065148,OR
201923189349304737,251065148,SC
201923189349304737,251065148,WA
202041979349304134,570314395,SC
202020329349300002,132619665,NY
202022119349300002,222472997,MA
202040769349300514,250979377,PA
202020459349300222,430652667,CO
202020459349300222,430652667,IL
202020459349300222,430652667,MA
202020459349300222,430652667,NH
202020459349300222,430652667,NY
202020459349300222,430652667,OR
202020459349300222,430652667,SC
202020459349300222,430652667,WI
202000949349300520,251900793,PA
202012309349300816,381948285,MI
202001289349302225,526072925,AL
202001289349302225,526072925,AK
202001289349302225,526072925,AR
202001289349302225,526072925,CA
202001289349302225,526072925,CO
202001289349302225,526072925,CT
202001289349302225,526072925,GA
202001289349302225,526072925,HI
202001289349302225,526072925,IL
202001289349302225,526072925,KS
202001289349302225,526072925,LA
202001289349302225,526072925,ME
202001289349302225,526072925,MD
202001289349302225,526072925,MA
202001289349302225,526072925,MI
202001289349302225,526072925,MN
202001289349302225,526072925,NH
202001289349302225,526072925,NJ
202001289349302225,526072925,NM
202001289349302225,526072925,NY
202001289349302225,526072925,NC
202001289349302225,526072925,ND
202001289349302225,526072925,OH
202001289349302225,526072925,OK
202001289349302225,526072925,OR
202001289349302225,526072925,PA
202001289349302225,526072925,RI
202001289349302225,526072925,SC
202001289349302225,526072925,UT
202001289349302225,526072925,VA
202001289349302225,526072925,WA
202001289349302225,526072925,WV
202001289349302225,526072925,WI
202011279349301306,042103852,MA
202020439349300942,222586208,NY
202020439349300942,222586208,VT
202041719349301204,310820394,OH
202032239349301418,330499514,CA
202002139349301310,650000627,FL
202000649349300020,566049935,NC
202040589349301414,030482006,AK
202040589349301414,030482006,KS
202040589349301414,030482006,NH
202040589349301414,030482006,OR
202040589349301414,030482006,KY
202040589349301414,030482006,LA
202040589349301414,030482006,MA
202040589349301414,030482006,MD
202040589349301414,030482006,MO
202040589349301414,030482006,WA
201921839349301152,132905207,NY
202000089349301105,953104298,CA
201943199349304464,112626155,NY
202040739349300039,236002304,KY
202040739349300039,236002304,MD
202040739349300039,236002304,MA
202040739349300039,236002304,MI
202040739349300039,236002304,NH
202040739349300039,236002304,NJ
202040739349300039,236002304,NY
202040739349300039,236002304,OH
202040739349300039,236002304,OK
202040739349300039,236002304,OR
202040739349300039,236002304,SC
202010949349300801,561065978,NC
202032469349301663,451171945,CA
202041679349300814,660201206,PR
202020809349300922,350868086,IN
202031009349301553,560529940,NC
202020919349300502,231352641,CA
202020919349300502,231352641,FL
202020919349300502,231352641,GA
202020919349300502,231352641,IL
202020919349300502,231352641,IN
202020919349300502,231352641,ME
202020919349300502,231352641,MD
202020919349300502,231352641,MN
202020919349300502,231352641,NH
202020919349300502,231352641,NY
202020919349300502,231352641,OK
202020919349300502,231352641,OR
202020919349300502,231352641,PA
202020919349300502,231352641,VA
202011299349300336,741109620,CA
202011299349300336,741109620,IN
202011299349300336,741109620,KS
202011299349300336,741109620,MA
202011299349300336,741109620,NM
202011299349300336,741109620,ND
202011299349300336,741109620,OK
202011299349300336,741109620,OR
202011299349300336,741109620,RI
202011299349300336,741109620,VT
202040919349300834,590624401,FL
202010089349300531,660177776,FL
202010089349300531,660177776,PR
201933189349305173,112673595,NY
202020649349300537,311048513,IN
202011709349301316,680492427,MA
202000519349300500,930391586,OR
201933179349302913,141338428,NY
202031339349301123,590624364,FL
202000779349301200,042005934,MA
202040909349300604,381358014,AK
202040909349300604,381358014,CO
202040909349300604,381358014,KY
202040909349300604,381358014,MA
202040909349300604,381358014,MD
202040909349300604,381358014,MI
202040909349300604,381358014,NH
202040909349300604,381358014,NY
202040909349300604,381358014,OH
202040909349300604,381358014,OK
202040909349300604,381358014,OR
202040909349300604,381358014,SC
202040909349300604,381358014,WA
202040869349300824,010263385,ME
201933139349300513,135564934,NY
202021329349301787,582032904,GA
202021359349302367,231352661,FL
202021359349302367,231352661,KY
202021359349302367,231352661,PA
202021359349302367,231352661,VA
202001359349300440,383001876,MI
201923169349300502,550526150,WV
202030579349300223,440545914,AK
202030579349300223,440545914,FL
202030579349300223,440545914,MD
202030579349300223,440545914,MA
202030579349300223,440545914,MI
202030579349300223,440545914,NH
202030579349300223,440545914,NY
202030579349300223,440545914,OK
202030579349300223,440545914,OR
202030579349300223,440545914,WI
202011679349300931,510192025,CA
201933199349316328,850278946,NM
202021359349302327,050306206,AK
202021359349302327,050306206,CO
202021359349302327,050306206,KY
202021359349302327,050306206,MD
202021359349302327,050306206,MA
202021359349302327,050306206,MI
202021359349302327,050306206,NH
202021359349302327,050306206,OH
202021359349302327,050306206,OK
202021359349302327,050306206,OR
202021359349302327,050306206,SC
202021359349302327,050306206,WA
202021359349302327,050306206,NY
202001339349301990,952462737,CA
202031069349301118,362515868,IL
202001359349302395,271928322,OH
202011369349302556,231365971,PA
202011369349302606,542110067,CA
202041979349303804,610444671,KY
202041979349303834,060646936,CT
202021299349300407,581845423,GA
202011369349304291,237421224,WA
202021819349300742,131923959,NY
202001329349301800,042321292,MA
202001679349301535,391773613,WI
202031909349302358,620516509,TN
202001609349300430,131635274,NY
202040569349300809,410693960,AK
202040569349300809,410693960,MA
202040569349300809,410693960,MI
202040569349300809,410693960,MN
202040569349300809,410693960,NM
202040569349300809,410693960,WA
202040369349300509,520743814,MD
201943199349321899,362169147,IL
202011369349304466,135562167,NY
201933189349310603,221487307,NJ
202041349349302284,042134818,MA
202041349349302444,042300472,CA
202041349349302444,042300472,MA
202041349349302444,042300472,NY
202001369349303775,581825259,GA
202001189349300445,956002998,CA
202011069349300021,150545841,NY
202010509349300831,231585611,AK
202010509349300831,231585611,CO
202010509349300831,231585611,KY
202010509349300831,231585611,ME
202010509349300831,231585611,MD
202010509349300831,231585611,MA
202010509349300831,231585611,MI
202010509349300831,231585611,NH
202010509349300831,231585611,OH
202010509349300831,231585611,OK
202010509349300831,231585611,OR
202010509349300831,231585611,PA
202010509349300831,231585611,WA
201903159349303420,540715569,VA
202011689349300611,610444788,KY
202021819349300727,042103576,MA
201931349349303268,030179414,VT
202000579349300635,382080820,MI
202040799349300419,236297362,PA
202040799349300419,236297362,NJ
202022269349301522,042790311,MA
202001969349305740,943185612,CA
201903199349319925,363196629,IL
202021279349301017,381358036,MI
202030839349300558,530199507,AK
202030839349300558,530199507,CO
202030839349300558,530199507,DC
202030839349300558,530199507,KY
202030839349300558,530199507,MD
202030839349300558,530199507,MA
202030839349300558,530199507,NH
202030839349300558,530199507,NY
202030839349300558,530199507,ND
202030839349300558,530199507,OR
202030839349300558,530199507,SC
202030839349300558,530199507,WA
202010869349300601,580593414,GA
202011059349301911,750926755,NH
202030869349300103,251190341,PA
202041349349302239,350868149,IN
202031979349300133,731303821,OK
202031979349306533,710239729,AR
202011969349301326,200536531,CO
202021369349304427,250965438,AK
202021369349304427,250965438,CO
202021369349304427,250965438,MA
202021369349304427,250965438,MD
202021369349304427,250965438,MI
202021369349304427,250965438,NH
202021369349304427,250965438,PA
202021369349304427,250965438,SC
202021339349301017,041958460,AL
202021339349301017,041958460,AR
202021339349301017,041958460,GA
202021339349301017,041958460,IL
202021339349301017,041958460,KS
202021339349301017,041958460,KY
202021339349301017,041958460,MA
202021339349301017,041958460,MD
202021339349301017,041958460,MI
202021339349301017,041958460,MN
202021339349301017,041958460,MS
202021339349301017,041958460,NH
202021339349301017,041958460,NJ
202021339349301017,041958460,NM
202021339349301017,041958460,NY
202021339349301017,041958460,OR
202021339349301017,041958460,PA
202021339349301017,041958460,RI
202021339349301017,041958460,SC
202021339349301017,041958460,TN
202021339349301017,041958460,UT
202021339349301017,041958460,VA
202021339349301017,041958460,WI
202021339349301017,041958460,WV
202041069349300704,900394713,CA
202000429349301530,580685908,GA
202041379349300009,251453441,PA
202041359349303369,610444780,KY
202021359349302342,620476301,TN
202001339349302120,350868107,CO
202001339349302120,350868107,DC
202001339349302120,350868107,FL
202001339349302120,350868107,IN
202001339349302120,350868107,AK
202001339349302120,350868107,MD
202001339349302120,350868107,MA
202001339349302120,350868107,MI
202001339349302120,350868107,NV
202001339349302120,350868107,NH
202001339349302120,350868107,NY
202001339349302120,350868107,OH
202001339349302120,350868107,OK
202001339349302120,350868107,OR
202001339349302120,350868107,SC
202001339349302120,350868107,WA
202001339349302120,350868107,WI
201941099349300709,310970262,IN
201931349349303158,042104847,CA
201931349349303158,042104847,IN
201931349349303158,042104847,MA
201931349349303158,042104847,OK
202021969349303432,430743910,MO
202001399349300870,310537177,AR
202001399349300870,310537177,KY
202001399349300870,310537177,MA
202001399349300870,310537177,MD
202001399349300870,310537177,MI
202001399349300870,310537177,MT
202001399349300870,310537177,NV
202001399349300870,310537177,NH
202001399349300870,310537177,NY
202001399349300870,310537177,OH
202001399349300870,310537177,OR
202001399349300870,310537177,WA
202031269349301148,350868125,IN
202010729349300621,361263210,IL
202010729349300801,410695527,AK
202010729349300801,410695527,DC
202010729349300801,410695527,IL
202010729349300801,410695527,MA
202010729349300801,410695527,MD
202010729349300801,410695527,MI
202010729349300801,410695527,MN
202010729349300801,410695527,NH
202001329349302080,910564961,CA
202001329349302080,910564961,KY
202001329349302080,910564961,MA
202001329349302080,910564961,MD
202001329349302080,910564961,MI
202001329349302080,910564961,MO
202001329349302080,910564961,NH
202001329349302080,910564961,OR
202041339349303079,231365351,PA
202041129349300239,410706151,MN
202041749349300714,560529990,NC
201923169349305097,942881684,CA
202021919349302312,042304133,MA
202022389349300047,410682405,AK
202022389349300047,410682405,AL
202022389349300047,410682405,AR
202022389349300047,410682405,CA
202022389349300047,410682405,CO
202022389349300047,410682405,CT
202022389349300047,410682405,DC
202022389349300047,410682405,FL
202022389349300047,410682405,GA
202022389349300047,410682405,HI
202022389349300047,410682405,IL
202022389349300047,410682405,KS
202022389349300047,410682405,KY
202022389349300047,410682405,LA
202022389349300047,410682405,MA
202022389349300047,410682405,MD
202022389349300047,410682405,ME
202022389349300047,410682405,MI
202022389349300047,410682405,MN
202022389349300047,410682405,MS
202022389349300047,410682405,NC
202022389349300047,410682405,ND
202022389349300047,410682405,NH
202022389349300047,410682405,NJ
202022389349300047,410682405,NM
202022389349300047,410682405,NV
202022389349300047,410682405,NY
202022389349300047,410682405,OH
202022389349300047,410682405,OK
202022389349300047,410682405,OR
202022389349300047,410682405,PA
202022389349300047,410682405,RI
202022389349300047,410682405,SC
202022389349300047,410682405,TN
202022389349300047,410682405,UT
202022389349300047,410682405,VA
202022389349300047,410682405,WA
202022389349300047,410682405,WI
202022389349300047,410682405,WV
202031509349301318,250965600,PA
202030659349300718,941279803,AK
202030659349300718,941279803,CA
202030659349300718,941279803,CO
202030659349300718,941279803,DC
202030659349300718,941279803,MA
202030659349300718,941279803,MD
202030659349300718,941279803,MI
202030659349300718,941279803,NH
202030659349300718,941279803,NV
202030659349300718,941279803,NY
202030659349300718,941279803,OH
202030659349300718,941279803,OK
202030659349300718,941279803,OR
202030659349300718,941279803,SC
202030659349300718,941279803,WA
202030659349300718,941279803,WI
202001919349300145,020222111,CA
202001919349300145,020222111,MA
202001919349300145,020222111,NH
202001919349300145,020222111,NY
202001919349300145,020222111,OK
201943189349306189,160743032,NY
202031979349305483,750917417,TX
202041689349300144,231653718,PA
201941339349302289,231352202,PA
201941339349302304,231365971,PA
201903199349308290,250965603,PA
202040509349301019,426081293,AK
202040509349301019,426081293,CA
202040509349301019,426081293,MD
202040509349301019,426081293,NH
202040509349301019,426081293,OR
202040509349301019,426081293,SC
202040509349301019,426081293,WA
202041779349300539,721226741,CA
202041349349301004,231355135,PA
202010459349301421,440589787,AL
202010459349301421,440589787,AK
202010459349301421,440589787,AR
202010459349301421,440589787,CA
202010459349301421,440589787,CO
202010459349301421,440589787,CT
202010459349301421,440589787,DC
202010459349301421,440589787,FL
202010459349301421,440589787,GA
202010459349301421,440589787,HI
202010459349301421,440589787,LA
202010459349301421,440589787,ME
202010459349301421,440589787,MD
202010459349301421,440589787,MA
202010459349301421,440589787,MI
202010459349301421,440589787,MN
202010459349301421,440589787,MS
202010459349301421,440589787,NH
202010459349301421,440589787,NC
202010459349301421,440589787,OH
202010459349301421,440589787,OR
202010459349301421,440589787,SC
202010459349301421,440589787,UT
202010459349301421,440589787,VA
202010459349301421,440589787,WA
202010459349301421,440589787,WV
202010249349300211,231352648,PA
202041329349300514,250965557,PA
201913199349318161,111661359,NY
202011059349300421,951716809,CA
202001479349300875,381366958,MI
202031059349301248,141338498,NY
202040979349300804,250965376,PA
202040979349300804,250965376,AK
202040979349300804,250965376,CO
202040979349300804,250965376,DC
202040979349300804,250965376,MA
202040979349300804,250965376,MD
202040979349300804,250965376,MI
202040979349300804,250965376,NH
202040979349300804,250965376,SC
202040979349300804,250965376,WA
202021369349304222,660380848,PR
202000669349301115,362755187,IL
202040769349300144,941712371,CA
202031409349300113,133838740,CA
202041639349300329,941674865,CA
202041959349303384,560530005,NC
202000499349301450,310971599,OH
202000499349301450,310971599,GA
202031749349300813,043403049,MA
201923459349300107,350715530,IN
202010449349300301,941700607,CA
202001749349301215,580566167,GA
202041269349301449,364479457,IL
202010919349301036,050470320,RI
202022219349300507,010211534,ME
201903199349313670,132689918,NY
202031789349300728,381358399,MI
202000079349300235,350868101,IN
202000649349301125,231526668,PA
202021969349306157,950948050,CA
202011829349302251,411365561,MN
202020349349300827,510107088,MD
202020349349300827,510107088,ID
202002309349302210,721025017,LA
202041339349302554,620528217,AL
202041339349302554,620528217,AK
202041339349302554,620528217,CO
202041339349302554,620528217,GA
202041339349302554,620528217,KY
202041339349302554,620528217,MD
202041339349302554,620528217,MI
202041339349302554,620528217,NH
202041339349302554,620528217,NY
202041339349302554,620528217,OR
202041339349302554,620528217,SC
202041339349302554,620528217,TN
202041339349302554,620528217,WA
202001919349301885,314379507,AK
202001919349301885,314379507,CO
202001919349301885,314379507,DC
202001919349301885,314379507,MD
202001919349301885,314379507,MA
202001919349301885,314379507,MI
202001919349301885,314379507,NV
202001919349301885,314379507,NH
202001919349301885,314379507,OH
202001919349301885,314379507,OR
202001919349301885,314379507,SC
202001919349301885,314379507,WA
201913179349300621,462931956,NY
202041599349300004,951644026,CA
202022479349300322,350895832,IN
202011399349300821,620497990,IL
202011399349300821,620497990,KY
202011399349300821,620497990,MA
202011399349300821,620497990,MI
202011399349300821,620497990,MN
202011399349300821,620497990,NH
202011399349300821,620497990,NY
202011399349300821,620497990,OR
202011399349300821,620497990,SC
202011399349300821,620497990,TN
202011399349300821,620497990,WV
202020839349300562,640303086,MS
202042309349302554,951744370,CA
201931349349303023,010211497,OK
201901309349303300,420680387,MA
201901309349303300,420680387,MI
201901309349303300,420680387,NY
201901309349303300,420680387,SC
201901309349303300,420680387,CA
202001399349300120,390806261,CO
202001399349300120,390806261,HI
202001399349300120,390806261,MD
202001399349300120,390806261,MA
202001399349300120,390806261,MI
202001399349300120,390806261,NH
202001399349300120,390806261,NY
202001399349300120,390806261,OR
202001399349300120,390806261,SC
202001399349300120,390806261,WA
202001399349300120,390806261,WI
201943089349300969,020309681,NH
201901309349303455,381358036,MI
201901309349303465,041081650,CA
201901309349303465,041081650,MA
201923169349303642,952158727,CA
202042269349302299,060646715,CT
202021969349305657,160743209,CA
202041989349301289,150532239,AK
202041989349301289,150532239,MD
202041989349301289,150532239,MN
202041989349301289,150532239,ND
202041989349301289,150532239,NY
202041989349301289,150532239,SC
202041989349301289,150532239,WA
202040379349301654,930386839,CA
202040379349301654,930386839,OR
202040379349301654,930386839,WA
201931349349305608,430743910,MO
202011969349305016,951690977,CA
202011969349305211,930398802,OR
202041959349303504,135562308,AK
202041959349303504,135562308,CO
202041959349303504,135562308,KY
202041959349303504,135562308,MD
202041959349303504,135562308,MA
202041959349303504,135562308,MI
202041959349303504,135562308,OH
202041959349303504,135562308,OK
202041959349303504,135562308,OR
202041959349303504,135562308,WA
202041959349303504,135562308,ME
202041959349303504,135562308,NH
202041959349303509,020222154,NH
202041959349303514,541744931,VA
202031979349306413,160743996,NY
202021959349302252,251698677,PA
202041979349304744,510305893,DE
202041979349307674,942822559,CA
202030859349300133,570324906,SC
202031369349303453,350868188,CA
202031369349303453,350868188,IN
202031369349303453,350868188,OK
202001419349301235,111797182,NY
202031059349301903,951684793,CA
202012309349301611,362340313,IL
202030299349300023,112157078,NY
202001439349301870,931040479,OR
202041349349302854,231352635,AK
202041349349302854,231352635,CA
202041349349302854,231352635,CO
202041349349302854,231352635,DC
202041349349302854,231352635,KY
202041349349302854,231352635,MD
202041349349302854,231352635,MA
202041349349302854,231352635,MI
202041349349302854,231352635,NH
202041349349302854,231352635,NY
202041349349302854,231352635,OR
202041349349302854,231352635,PA
202041349349302854,231352635,WA
201923119349301107,410908458,MN
202020089349300932,465326273,MA
202030719349300213,060646829,AK
202030719349300213,060646829,CO
202030719349300213,060646829,DC
202030719349300213,060646829,KY
202030719349300213,060646829,MD
202030719349300213,060646829,MA
202030719349300213,060646829,MI
202030719349300213,060646829,NV
202030719349300213,060646829,NH
202030719349300213,060646829,NJ
202030719349300213,060646829,OK
202030719349300213,060646829,OR
202030719349300213,060646829,SC
202030719349300213,060646829,WA
201903109349301990,620548917,TN
202040129349300004,630771624,AL
202021369349300122,310536640,CA
202021369349300122,310536640,NH
202021369349300122,310536640,OH
202021369349300122,310536640,WA
202040299349301204,420680466,MD
202040299349301204,420680466,MI
202040299349301204,420680466,NH
202021339349301337,231177930,PA
202021339349301337,231177930,AK
202021339349301337,231177930,CT
202021339349301337,231177930,MD
202021339349301337,231177930,MN
202021339349301337,231177930,MS
202021339349301337,231177930,NM
202021339349301337,231177930,NY
202021339349301337,231177930,OR
202021339349301337,231177930,WA
202021339349301337,231177930,MA
202021339349301337,231177930,NH
202041369349301804,132676570,NY
202031479349301353,350868152,IN
202041289349301719,430655867,CA
202041289349301719,430655867,MD
202041289349301719,430655867,MI
202041289349301719,430655867,NH
202041289349301719,430655867,NY
202041289349301719,430655867,OR
202041289349301719,430655867,SC
202041289349301719,430655867,WI
202040909349301109,364682140,CA
202020569349301472,410747165,MN
202031309349300108,237225104,MA
202011709349301801,361408475,AK
202011709349301801,361408475,CO
202011709349301801,361408475,HI
202011709349301801,361408475,MD
202011709349301801,361408475,MA
202011709349301801,361408475,MI
202011709349301801,361408475,NH
202011709349301801,361408475,ND
202011709349301801,361408475,OK
202011709349301801,361408475,OR
202011709349301801,361408475,SC
202011709349301801,361408475,WA
202031939349300723,231352689,PA
202001209349301605,521010577,MD
202041199349300124,240795445,AK
202041199349300124,240795445,AZ
202041199349300124,240795445,CO
202041199349300124,240795445,MD
202041199349300124,240795445,MA
202041199349300124,240795445,MI
202041199349300124,240795445,NH
202041199349300124,240795445,NY
202041199349300124,240795445,PA
202041199349300124,240795445,SC
202041199349300124,240795445,WA
202002309349302630,042767880,MA
202030579349301123,362225483,IL
202040539349300719,420686467,AL
202040539349300719,420686467,CO
202040539349300719,420686467,DC
202040539349300719,420686467,MA
202040539349300719,420686467,MD
202040539349300719,420686467,MI
202040539349300719,420686467,MN
202040539349300719,420686467,NH
202040539349300719,420686467,NV
202040539349300719,420686467,NY
202040539349300719,420686467,OH
202040539349300719,420686467,SC
202040539349300719,420686467,WA
201921789349300112,446000294,KS
201921789349300112,446000294,MO
202000699349300920,160743140,CA
202000699349300920,160743140,MT
202000699349300920,160743140,NY
202000699349300920,160743140,NC
202000699349300920,160743140,OK
202000699349300920,160743140,VT
202001839349302160,446000294,KS
202001839349302160,446000294,MO
202041159349301224,521699641,AK
202041159349301224,521699641,AZ
202041159349301224,521699641,CA
202041159349301224,521699641,CO
202041159349301224,521699641,IL
202041159349301224,521699641,MA
202041159349301224,521699641,MD
202041159349301224,521699641,MI
202041159349301224,521699641,NJ
202041159349301224,521699641,NH
202041159349301224,521699641,NV
202041159349301224,521699641,NY
202041159349301224,521699641,OH
202041159349301224,521699641,OK
202041159349301224,521699641,OR
202041159349301224,521699641,RI
202041159349301224,521699641,WA
202021349349300332,230973290,PA
202041339349302504,580566205,GA
202021839349301637,410684657,MN
202031979349307063,430653611,OK
202040509349300019,042002060,MA
201913199349310616,237001501,MI
202021209349301592,250964126,PA
202031619349301713,240795686,PA
202010849349300101,610444708,KY
202031359349303738,840404231,MI
202031359349303738,840404231,MA
202031359349303738,840404231,MD
202031359349303738,840404231,NY
202031359349303738,840404231,NH
202031359349303738,840404231,OH
202031359349303738,840404231,OR
202031359349303738,840404231,SC
202031359349303738,840404231,WA
202041959349302944,010212542,SC
202012139349300416,042152671,MA
202031909349300538,340733165,OH
202021199349301122,540505922,VA
202041339349302559,410693970,CO
202041339349302559,410693970,FL
202041339349302559,410693970,AL
202041339349302559,410693970,MD
202041339349302559,410693970,MA
202041339349302559,410693970,MI
202041339349302559,410693970,MN
202041339349302559,410693970,NV
202041339349302559,410693970,NH
202041339349302559,410693970,ND
202041339349302559,410693970,OR
202041339349302559,410693970,SC
202041339349302559,410693970,WA
202031209349300228,231543518,PA
202010939349300011,591407629,FL
202011299349301766,340714629,CO
202011299349301766,340714629,MD
202011299349301766,340714629,MA
202011299349301766,340714629,MI
202011299349301766,340714629,NH
202011299349301766,340714629,OH
202011299349301766,340714629,SC
202000599349300830,610444650,CO
202000599349300830,610444650,HI
202000599349300830,610444650,KY
202000599349300830,610444650,AK
202000599349300830,610444650,MD
202000599349300830,610444650,MA
202000599349300830,610444650,MI
202000599349300830,610444650,NV
202000599349300830,610444650,NH
202000599349300830,610444650,NJ
202000599349300830,610444650,ND
202000599349300830,610444650,OH
202000599349300830,610444650,OK
202000599349300830,610444650,OR
202000599349300830,610444650,SC
202000599349300830,610444650,AR
202000599349300830,610444650,WA
202002309349303565,132905207,NY
202002309349303705,954118740,NY
202001089349300310,930741999,CA
202001089349300310,930741999,OR
202021839349301407,520610538,MD
202000569349300235,231352692,PA
201903189349303195,620789275,TN
202041559349301219,042463847,MA
202041559349301219,042463847,NH
202041559349301219,042463847,WI
202000929349300905,042199867,MA
202020879349300512,390826049,WI
202021279349302122,231352202,PA
202021359349302647,952798775,CA
202001989349300500,560547478,NC
202041899349301304,240795508,PA
202041959349303889,030179592,AK
202041959349303889,030179592,AL
202041959349303889,030179592,AR
202041959349303889,030179592,CA
202041959349303889,030179592,CO
202041959349303889,030179592,CT
202041959349303889,030179592,FL
202041959349303889,030179592,GA
202041959349303889,030179592,HI
202041959349303889,030179592,IL
202041959349303889,030179592,KS
202041959349303889,030179592,KY
202041959349303889,030179592,LA
202041959349303889,030179592,MA
202041959349303889,030179592,MD
202041959349303889,030179592,ME
202041959349303889,030179592,MI
202041959349303889,030179592,MN
202041959349303889,030179592,MO
202041959349303889,030179592,MS
202041959349303889,030179592,NC
202041959349303889,030179592,ND
202041959349303889,030179592,NH
202041959349303889,030179592,NJ
202041959349303889,030179592,NM
202041959349303889,030179592,NY
202041959349303889,030179592,OH
202041959349303889,030179592,OK
202041959349303889,030179592,OR
202041959349303889,030179592,PA
202041959349303889,030179592,RI
202041959349303889,030179592,SC
202041959349303889,030179592,TN
202041959349303889,030179592,UT
202041959349303889,030179592,VA
202041959349303889,030179592,WA
202041959349303889,030179592,WI
202041959349303889,030179592,WV
202001179349300200,042225850,MA
202011919349300441,440617326,MO
202040509349300304,620544854,TN
201943119349303019,930391547,OR
202012449349301131,730568096,CA
202012449349301131,730568096,OK
202011399349300021,250496976,FL
202011399349300021,250496976,PA
202021969349302647,951890710,CA
202011329349300901,231657958,AK
202011329349300901,231657958,AZ
202011329349300901,231657958,CO
202011329349300901,231657958,KY
202011329349300901,231657958,ME
202011329349300901,231657958,MD
202011329349300901,231657958,MA
202011329349300901,231657958,MI
202011329349300901,231657958,NH
202011329349300901,231657958,NY
202011329349300901,231657958,OH
202011329349300901,231657958,OK
202011329349300901,231657958,OR
202011329349300901,231657958,WA
202011329349300901,231657958,PA
202011329349300901,231657958,SC
202001359349303420,340737794,OH
202001359349303250,250717890,PA
202001359349303250,250717890,CA
202032549349300528,135648615,AR
202032549349300528,135648615,AZ
202032549349300528,135648615,CO
202032549349300528,135648615,HI
202032549349300528,135648615,MD
202032549349300528,135648615,MI
202032549349300528,135648615,NH
202032549349300528,135648615,TN
202032549349300528,135648615,WA
202032549349300528,135648615,WI
202011329349302126,941156646,CA
202031579349301203,208991580,IL
202030579349300038,420680460,CA
202021999349300602,264078735,CA
202001329349302540,210634981,KY
202001329349302540,210634981,MD
202001329349302540,210634981,MA
202001329349302540,210634981,MI
202001329349302540,210634981,NH
202001329349302540,210634981,NY
202001329349302540,210634981,OH
202001329349302540,210634981,OK
202001329349302540,210634981,OR
202001329349302540,210634981,PA
202001329349302540,210634981,TN
202001329349302555,231178880,PA
202030979349300118,340714687,CO
202030979349300118,340714687,DC
202030979349300118,340714687,MA
202030979349300118,340714687,NH
202030979349300118,340714687,WA
201923199349310042,930433696,OR
202001639349300110,640303093,MS
202041209349301154,231930438,PA
202031429349300508,231484178,PA
202000239349300325,043250289,MA
202041209349301534,370661496,WI
202021509349300122,366112087,CA
202021509349300132,730587210,OK
202021399349301232,314421101,OH
202021289349301637,131834089,NY
202041899349300429,576000734,SC
202041359349303569,941196198,CA
202000419349300420,741109748,AK
202000419349300420,741109748,CO
202000419349300420,741109748,NH
202000419349300420,741109748,NV
202000419349300420,741109748,OR
202000419349300420,741109748,SC
202000419349300420,741109748,WA
202000419349300535,042596491,MA
202031989349301008,310604719,OH
202031009349301103,480730814,KS
202041359349300629,580566199,GA
202021369349304527,581216007,GA
202021369349304727,133643485,NY
202011709349301401,440545280,MO
202031979349302288,530196640,DC
201933199349314428,930999148,CA
202040439349300224,580568687,GA
201923189349303787,112868878,NY
202001909349300440,952544535,CA
202040229349300729,930726917,OR
202031369349303093,580566133,CT
202031369349303093,580566133,GA
202031369349303093,580566133,PA
202001129349301550,590722789,FL
202011059349301501,370681530,CO
202011059349301501,370681530,IN
202042409349301469,210634484,NJ
202001369349303875,954559065,CA
202021149349300817,231352654,PA
202021149349301027,610673886,KY
202031299349301698,410518750,AK
202031299349301698,410518750,HI
202031299349301698,410518750,KY
202031299349301698,410518750,MD
202031299349301698,410518750,MA
202031299349301698,410518750,MN
202031299349301698,410518750,NH
202031299349301698,410518750,OH
202031299349301698,410518750,OK
202031299349301698,410518750,OR
202031299349301698,410518750,SC
201933189349310178,370661223,CA
201933189349310178,370661223,IL
202041619349301324,430719506,GA
202041069349300109,942155109,CA
202041069349300219,042108346,MA
202020499349301762,880435559,UT
202020499349301762,880435559,NV
202000789349301225,930386908,OR
202000789349301305,231352620,CA
202000789349301305,231352620,MA
202000789349301305,231352620,ME
202000789349301305,231352620,NJ
202000789349301305,231352620,NY
202000789349301305,231352620,PA
202000789349301305,231352620,TX
202030299349300713,930401259,OR
201943199349309934,390806297,WI
202021769349301967,270716971,CA
202021049349300752,350868096,IN
202011369349304441,951664100,CA
202011329349302301,042103607,MA
202011329349302301,042103607,NY
202002259349301610,362167060,IL
202021479349300512,344431169,CO
202021479349300512,344431169,KY
202021479349300512,344431169,AK
202021479349300512,344431169,MD
202021479349300512,344431169,MA
202021479349300512,344431169,MI
202021479349300512,344431169,NH
202021479349300512,344431169,NY
202021479349300512,344431169,OK
202021479349300512,344431169,OR
202021479349300512,344431169,SC
202021479349300512,344431169,WA
202021969349302772,042104329,MA
202021969349302772,042104329,NY
202041089349300129,951643389,CA
202031329349302513,251114320,PA
202041069349300829,341018992,CO
202041069349300829,341018992,DC
202041069349300829,341018992,ME
202041069349300829,341018992,AK
202041069349300829,341018992,MD
202041069349300829,341018992,MA
202041069349300829,341018992,MI
202041069349300829,341018992,NH
202041069349300829,341018992,NY
202041069349300829,341018992,OH
202041069349300829,341018992,OK
202041069349300829,341018992,OR
202041069349300829,341018992,PA
202041069349300829,341018992,AZ
202041069349300829,341018992,WA
202041069349301114,042103545,CA
202041069349301114,042103545,IN
202041069349301114,042103545,MA
201943189349314904,942992642,CA
201903189349310185,810994377,IL
202030659349301558,390821861,WI
202031639349300323,046130872,DC
202031639349300323,046130872,MD
202031639349300323,046130872,MA
202031639349300323,046130872,MI
202031639349300323,046130872,NV
202031639349300323,046130872,NH
202031639349300323,046130872,OH
202031639349300323,046130872,OR
202031639349300323,046130872,WA
202041069349301434,590624440,FL
201903199349321830,210634462,NJ
202031369349304913,900171867,CA
202001049349300960,951921340,CA
202001079349300930,541061178,AK
202001079349300930,541061178,MD
202001079349300930,541061178,NH
202001079349300930,541061178,NY
202001079349300930,541061178,OH
202001079349300930,541061178,OK
202001079349300930,541061178,VA
202001079349300930,541061178,WA
202042319349300104,042103612,CO
202042319349300104,042103612,FL
202042319349300104,042103612,IL
202042319349300104,042103612,KY
202042319349300104,042103612,MA
202042319349300104,042103612,MD
202042319349300104,042103612,MI
202042319349300104,042103612,MN
202042319349300104,042103612,MS
202042319349300104,042103612,NH
202042319349300104,042103612,NJ
202042319349300104,042103612,NM
202042319349300104,042103612,OH
202042319349300104,042103612,OK
202042319349300104,042103612,OR
202042319349300104,042103612,TN
202042319349300104,042103612,UT
202042319349300104,042103612,WA
202042319349300104,042103612,WV
202031789349301478,366205980,IL
202031789349301478,366205980,WI
202031789349301478,366205980,MO
202011959349302841,250967480,PA
201923169349300302,550753754,WV
202020769349300012,020263136,NH
202020769349300012,020263136,NY
202011369349303686,042103547,AK
202011369349303686,042103547,CA
202011369349303686,042103547,HI
202011369349303686,042103547,KY
202011369349303686,042103547,MD
202011369349303686,042103547,MA
202011369349303686,042103547,MI
202011369349303686,042103547,NH
202011369349303686,042103547,NY
202011369349303686,042103547,OH
202011369349303686,042103547,OR
202011369349303686,042103547,SC
202031969349301103,516000297,AK
202031969349301103,516000297,AZ
202031969349301103,516000297,CA
202031969349301103,516000297,CO
202031969349301103,516000297,GA
202031969349301103,516000297,HI
202031969349301103,516000297,ID
202031969349301103,516000297,IL
202031969349301103,516000297,KY
202031969349301103,516000297,MD
202031969349301103,516000297,MA
202031969349301103,516000297,MI
202031969349301103,516000297,NH
202031969349301103,516000297,OH
202031969349301103,516000297,OK
202031969349301103,516000297,OR
202031969349301103,516000297,SC
202031969349301103,516000297,WA
202001579349300605,480623882,KS
202001579349300725,310537516,CO
202001579349300725,310537516,KY
202001579349300725,310537516,MA
202001579349300725,310537516,MD
202001579349300725,310537516,MI
202001579349300725,310537516,NH
202001579349300725,310537516,OR
202001579349300725,310537516,WA
202031019349300518,131740285,NY
202041489349300984,860294012,AZ
202041839349300219,132501829,CA
202041839349300219,132501829,NY
202031829349300708,363085682,IL
202021549349300417,231352354,PA
202011839349300011,580619030,GA
202031349349301523,150532082,AL
202031349349301523,150532082,AK
202031349349301523,150532082,AR
202031349349301523,150532082,CA
202031349349301523,150532082,CO
202031349349301523,150532082,CT
202031349349301523,150532082,DC
202031349349301523,150532082,FL
202031349349301523,150532082,GA
202031349349301523,150532082,HI
202031349349301523,150532082,IL
202031349349301523,150532082,KS
202031349349301523,150532082,KY
202031349349301523,150532082,LA
202031349349301523,150532082,ME
202031349349301523,150532082,MD
202031349349301523,150532082,MA
202031349349301523,150532082,MI
202031349349301523,150532082,MN
202031349349301523,150532082,MS
202031349349301523,150532082,MO
202031349349301523,150532082,NV
202031349349301523,150532082,NH
202031349349301523,150532082,NJ
202031349349301523,150532082,NM
202031349349301523,150532082,NY
202031349349301523,150532082,NC
202031349349301523,150532082,ND
202031349349301523,150532082,OH
202031349349301523,150532082,OK
202031349349301523,150532082,OR
202031349349301523,150532082,PA
202031349349301523,150532082,RI
202031349349301523,150532082,SC
202031349349301523,150532082,TN
202031349349301523,150532082,UT
202031349349301523,150532082,VA
202031349349301523,150532082,WA
202031349349301523,150532082,WV
202011369349301941,350868073,IN
202031369349303793,510143399,CA
202000769349301370,952113260,CA
202001329349303050,710239576,KY
202001329349303050,710239576,MD
202001329349303050,710239576,NH
202001329349303050,710239576,SC
202001329349301755,314379515,OH
202001339349302815,251024358,PA
202000509349300730,390806154,WI
201903019349301250,570314415,SC
202011059349301801,240795495,PA
202011059349301801,240795495,AK
202011059349301801,240795495,CO
202011059349301801,240795495,MA
202011059349301801,240795495,NH
202011059349301801,240795495,WA
202020839349300142,570314374,SC
202001359349304415,310536715,CA
202001359349304415,310536715,KY
202001359349304415,310536715,MA
202001359349304415,310536715,MI
202001359349304415,310536715,NY
202001359349304415,310536715,SC
202001359349304415,310536715,WA
202011959349302226,362182171,CA
202011959349302226,362182171,CO
202011959349302226,362182171,AK
202011959349302226,362182171,MI
202011959349302226,362182171,SC
202011959349302226,362182171,WA
202011679349301536,226017975,NJ
202011539349301856,952415066,CA
202011059349301951,250981156,PA
202011059349301951,250981156,AK
202011059349301951,250981156,CO
202011059349301951,250981156,KY
202011059349301951,250981156,MD
202011059349301951,250981156,MA
202011059349301951,250981156,MI
202011059349301951,250981156,OH
202011059349301951,250981156,OR
202011059349301951,250981156,WA
202011059349301951,250981156,NH
202011059349301951,250981156,OR
202011049349300736,580633971,AL
202011049349300736,580633971,AK
202011049349300736,580633971,DC
202011049349300736,580633971,FL
202011049349300736,580633971,GA
202011049349300736,580633971,IL
202011049349300736,580633971,LA
202011049349300736,580633971,MI
202011049349300736,580633971,MS
202011049349300736,580633971,MO
202011049349300736,580633971,NH
202011049349300736,580633971,OH
202011049349300736,580633971,RI
202011049349300736,580633971,SC
202040769349301389,350868158,CA
202040769349301389,350868158,CO
202040769349301389,350868158,DC
202040769349301389,350868158,IN
202040769349301389,350868158,MD
202040769349301389,350868158,MA
202040769349301389,350868158,MI
202040769349301389,350868158,OK
202040769349301389,350868158,SC
202000349349300770,410970173,MN
202030949349300023,351087173,IN
202041339349303014,203823825,OH
202011279349301111,240795460,PA
202041339349302114,541251090,IN
202001359349303465,560529988,NC
202031119349300313,621861520,TN
202021929349303057,520591685,MD
202031979349302188,131624225,CA
202031359349301613,131740451,CA
202001959349300610,231352651,CA
202001959349300610,231352651,PA
202010999349300801,251120678,AK
202010999349300801,251120678,CO
202010999349300801,251120678,KY
202010999349300801,251120678,MA
202010999349300801,251120678,MD
202010999349300801,251120678,MI
202010999349300801,251120678,NH
202010999349300801,251120678,OH
202010999349300801,251120678,OK
202010999349300801,251120678,OR
202010999349300801,251120678,PA
202010999349300801,251120678,SC
202010999349300801,251120678,WA
201923189349314107,262037695,GA
201903199349310165,391620530,WI
202030559349301308,366069820,AK
202030559349301308,366069820,AZ
202030559349301308,366069820,KY
202030559349301308,366069820,CO
202030559349301308,366069820,MN
202030559349301308,366069820,NH
202030559349301308,366069820,TN
202030559349301308,366069820,WA
202030559349301308,366069820,WV
202030559349301308,366069820,WI
202030559349301308,366069820,ND
202030559349301308,366069820,VA
202011299349301031,352158366,IN
202001299349301140,431742297,MO
202030939349301508,382025701,MI
202011549349301706,030179593,CA
202011549349301706,030179593,FL
202011549349301706,030179593,MA
202011549349301706,030179593,ME
202011009349300821,240795506,PA
202031069349301408,951643334,CA
201913199349301856,210662542,NJ
202040239349301019,233069199,PA
202022179349300112,370661183,IL
202030719349301423,610448560,KY
202010709349300641,370661217,IL
201923199349311942,951643359,CA
202030739349301458,640428676,AK
202030739349301458,640428676,CO
202030739349301458,640428676,DC
202030739349301458,640428676,KY
202030739349301458,640428676,MD
202030739349301458,640428676,MA
202030739349301458,640428676,MI
202030739349301458,640428676,NV
202030739349301458,640428676,NH
202030739349301458,640428676,NJ
202030739349301458,640428676,NY
202030739349301458,640428676,OH
202030739349301458,640428676,OK
202030739349301458,640428676,OR
202030739349301458,640428676,SC
202030739349301458,640428676,WA
202030739349301458,640428676,WI
201933539349300208,350868181,IN
202040499349301414,910473310,AK
202040499349301414,910473310,CA
202040499349301414,910473310,CO
202040499349301414,910473310,MA
202040499349301414,910473310,NH
202040499349301414,910473310,SC
202040499349301414,910473310,WA
202000459349301110,390988997,NJ
202000459349301110,390988997,WA
202041899349300024,060646959,CT
202041919349300429,660277132,PR
201933509349301023,344430762,OH
202030939349301133,560532297,NC
202031369349304543,941581707,CA
202001289349301325,382410852,CA
202011339349303066,911036794,WA
202011339349303066,911036794,CA
202020999349300807,133800725,NY
202011049349300861,362167804,IL
202000519349300035,231365953,PA
202022189349300317,132635819,NY
202031329349300433,042103585,MA
202031329349300433,042103585,AK
202031329349300433,042103585,MD
202031329349300433,042103585,MI
202031329349300433,042103585,NH
202031329349300433,042103585,NY
202031329349300433,042103585,OR
202031329349300433,042103585,SC
202031329349300433,042103585,KY
201933199349305448,351148835,IN
202031619349301013,340801310,MD
202031059349300843,591237047,CA
202031059349300843,591237047,FL
202021349349303717,132981115,CA
202031689349301718,061519057,CA
202031689349301718,061519057,MA
202031689349301718,061519057,MI
202020219349300817,840442429,KY
202020219349300817,840442429,MI
202020219349300817,840442429,NH
202020219349300817,840442429,OR
202020219349300817,840442429,SC
202041929349302924,610458355,KY
202041929349302924,610458355,OR
202011009349301306,160743150,IN
202031969349305463,340714334,OH
202041009349301404,420707114,CA
202011359349301641,560532144,NC
202021959349303987,941156365,CA
202021959349303987,941156365,NY
202021959349303987,941156365,OK
201923199349301622,560554230,NC
201923109349301317,943111522,CA
202030509349300023,370673484,AK
202030509349300023,370673484,DC
202030509349300023,370673484,KY
202030509349300023,370673484,MD
202030509349300023,370673484,MA
202030509349300023,370673484,MI
202030509349300023,370673484,NH
202030509349300023,370673484,NY
202030509349300023,370673484,OR
202030509349300023,370673484,SC
202031829349300348,941021164,CA
202041209349300324,941312349,OR
201903179349308575,160743134,NY
201933189349301838,113392105,NY
202040979349301034,410969244,AK
202040979349301034,410969244,CO
202040979349301034,410969244,HI
202040979349301034,410969244,KY
202040979349301034,410969244,LA
202040979349301034,410969244,ME
202040979349301034,410969244,MD
202040979349301034,410969244,MA
202040979349301034,410969244,MI
202040979349301034,410969244,MN
202040979349301034,410969244,NV
202040979349301034,410969244,NH
202040979349301034,410969244,OH
202040979349301034,410969244,OK
202040979349301034,410969244,OR
202040979349301034,410969244,PA
202040979349301034,410969244,SC
202040979349301034,410969244,VA
202040979349301034,410969244,WA
201903199349301620,416011702,AL
201903199349301620,416011702,AK
201903199349301620,416011702,AR
201903199349301620,416011702,CA
201903199349301620,416011702,CT
201903199349301620,416011702,FL
201903199349301620,416011702,GA
201903199349301620,416011702,IL
201903199349301620,416011702,IN
201903199349301620,416011702,KS
201903199349301620,416011702,KY
201903199349301620,416011702,MD
201903199349301620,416011702,MA
201903199349301620,416011702,MI
201903199349301620,416011702,MN
201903199349301620,416011702,MS
201903199349301620,416011702,NH
201903199349301620,416011702,NJ
201903199349301620,416011702,NY
201903199349301620,416011702,NC
201903199349301620,416011702,NM
201903199349301620,416011702,OK
201903199349301620,416011702,OR
201903199349301620,416011702,PA
201903199349301620,416011702,RI
201903199349301620,416011702,TN
201903199349301620,416011702,UT
201903199349301620,416011702,VA
201903199349301620,416011702,WV
201903199349301620,416011702,WI
201903199349301620,416011702,SC
201903189349301735,133916822,NY
201943179349309024,111631796,NY
201943199349311444,350868095,IN
201933179349304493,131740126,NY
202021369349300807,231522643,PA
201903179349305000,570828733,SC
201943529349300819,330804576,CA
202021189349300922,841123408,CO
201923199349306537,340714650,OH
201933199349315523,344434288,OH
201913179349300716,470376552,NE
202021369349300737,586044761,GA
202031639349300628,010211497,OK
201913199349302586,362167792,CA
201913199349302586,362167792,IL
201913199349302586,362167792,IN
201913199349302586,362167792,MD
202011359349304001,520595110,AK
202011359349304001,520595110,MA
202011359349304001,520595110,MD
202011359349304001,520595110,MI
202011359349304001,520595110,MN
202011359349304001,520595110,NH
202011359349304001,520595110,NY
202011359349304001,520595110,OH
202011359349304001,520595110,OR
202011359349304001,520595110,PA
202011359349304001,520595110,SC
202011359349304001,520595110,WA
202011359349304001,520595110,CO
201903519349300310,370661231,IL
202001969349305490,362167921,IL
201903179349304825,160743905,NY
202041919349300929,630288850,AL
201903519349301210,310604719,OH
201932819349300503,020344073,NH
201913169349304336,221508627,AK
201913169349304336,221508627,AR
201913169349304336,221508627,CA
201913169349304336,221508627,CO
201913169349304336,221508627,CT
201913169349304336,221508627,DE
201913169349304336,221508627,KY
201913169349304336,221508627,LA
201913169349304336,221508627,MD
201913169349304336,221508627,MA
201913169349304336,221508627,MI
201913169349304336,221508627,MN
201913169349304336,221508627,MT
201913169349304336,221508627,NH
201913169349304336,221508627,NJ
201913169349304336,221508627,OH
201913169349304336,221508627,SC
201913169349304336,221508627,WA
202000709349301200,410795255,KY
202000709349301200,410795255,MI
202000709349301200,410795255,MN
202040789349300534,930386839,CA
202040789349300534,930386839,OR
202040789349300534,930386839,WA
201913199349313436,580073726,GA
201923179349303092,060647016,CT
201923369349300702,580644897,GA
202021959349304412,130429660,CA
201913199349311076,941279803,AK
201913199349311076,941279803,CA
201913199349311076,941279803,CO
201913199349311076,941279803,DC
201913199349311076,941279803,MA
201913199349311076,941279803,MD
201913199349311076,941279803,MI
201913199349311076,941279803,NH
201913199349311076,941279803,NV
201913199349311076,941279803,NY
201913199349311076,941279803,OH
201913199349311076,941279803,OK
201913199349311076,941279803,OR
201913199349311076,941279803,SC
201913199349311076,941279803,WA
201913199349311076,941279803,WI
201913509349300321,237410494,MA
201903529349301410,231352001,PA
201903529349301410,231352001,NJ
201933409349300203,560530251,NC
202032249349300503,132590811,NY
201903199349307550,470377991,CO
201903199349307550,470377991,NE
202031969349302168,952111210,CA
202040799349300734,930386972,CA
202040799349300734,930386972,CO
202040799349300734,930386972,DC
202040799349300734,930386972,MA
202040799349300734,930386972,MI
202040799349300734,930386972,MN
202040799349300734,930386972,NV
202040799349300734,930386972,OR
202040799349300734,930386972,SC
202040799349300734,930386972,WA
202022259349301027,951643307,CA
202022259349301027,951643307,IL
201933189349306258,586001901,GA
202010349349300026,411261358,MN
201913199349309261,020302477,NH
201933479349300223,410693968,MN
201933479349300223,410693968,CO
201903169349303330,860255393,AZ
202010349349300306,042104778,MA
202010349349300306,042104778,AK
202010349349300306,042104778,AL
202010349349300306,042104778,CA
202010349349300306,042104778,CO
202010349349300306,042104778,CT
202010349349300306,042104778,FL
202010349349300306,042104778,GA
202010349349300306,042104778,HI
202010349349300306,042104778,IL
202010349349300306,042104778,KS
202010349349300306,042104778,KY
202010349349300306,042104778,ME
202010349349300306,042104778,MD
202010349349300306,042104778,MI
202010349349300306,042104778,MN
202010349349300306,042104778,MS
202010349349300306,042104778,NV
202010349349300306,042104778,NH
202010349349300306,042104778,NJ
202010349349300306,042104778,NM
202010349349300306,042104778,NY
202010349349300306,042104778,NC
202010349349300306,042104778,ND
202010349349300306,042104778,OH
202010349349300306,042104778,OK
202010349349300306,042104778,OR
202010349349300306,042104778,PA
202010349349300306,042104778,RI
202010349349300306,042104778,TN
202010349349300306,042104778,UT
202010349349300306,042104778,VA
202010349349300306,042104778,WA
202010349349300306,042104778,WV
202010349349300306,042104778,WI
202010349349300306,042104778,AR
202041929349302579,111633486,NY
202001969349301780,942382546,CA
201903089349301925,350886846,IN
201923189349313907,472578950,DE
201923189349313907,472578950,OK
201923189349313907,472578950,NY
202011129349301016,521106842,MD
201943089349302289,611124267,FL
201943089349302289,611124267,GA
201943089349302289,611124267,IL
201943089349302289,611124267,KS
201943089349302289,611124267,KY
201943089349302289,611124267,AK
201943089349302289,611124267,MD
201943089349302289,611124267,MA
201943089349302289,611124267,MI
201943089349302289,611124267,NH
201943089349302289,611124267,NJ
201943089349302289,611124267,NY
201943089349302289,611124267,OR
201943089349302289,611124267,RI
201943089349302289,611124267,SC
201943089349302289,611124267,UT
201943089349302289,611124267,WI
202000639349301000,521859814,MA
201913179349300406,954506631,CA
202011359349301341,020223339,NH
201943119349301049,208091013,CA
201943119349301049,208091013,IN
202000639349300045,510175975,NY
202020429349301397,800390564,CA
202000699349300615,410695509,MN
202000699349300625,362170136,MD
202000699349300625,362170136,SC
202020639349301017,941585735,CA
202022309349300637,610444716,KY
202020999349300507,250965212,PA
202020999349300507,250965212,AK
202020999349300507,250965212,MS
202020999349300507,250965212,NH
202020999349300507,250965212,NJ
202020999349300507,250965212,VA
202020999349300507,250965212,WA
202020999349300507,250965212,AL
202020999349300507,250965212,AR
202020999349300507,250965212,CA
202020999349300507,250965212,CO
202020999349300507,250965212,CT
202020999349300507,250965212,DC
202020999349300507,250965212,FL
202020999349300507,250965212,GA
202020999349300507,250965212,KS
202020999349300507,250965212,HI
202020999349300507,250965212,KY
202020999349300507,250965212,LA
202020999349300507,250965212,ME
202020999349300507,250965212,MD
202020999349300507,250965212,MA
202020999349300507,250965212,MI
202020999349300507,250965212,MN
202020999349300507,250965212,MO
202020999349300507,250965212,NV
202020999349300507,250965212,NM
202020999349300507,250965212,NY
202020999349300507,250965212,NC
202020999349300507,250965212,ND
202020999349300507,250965212,OH
202020999349300507,250965212,OK
202020999349300507,250965212,OR
202020999349300507,250965212,RI
202020999349300507,250965212,SC
202020999349300507,250965212,TN
202020999349300507,250965212,TX
202020999349300507,250965212,UT
202020999349300507,250965212,WV
202020999349300507,250965212,WI
201943189349310359,570341191,SC
201943199349307884,941186175,CA
202022309349301017,050259026,RI
202042279349302404,953432210,CA
202011959349303591,930845182,OR
202041929349300239,232810852,PA
201913189349311876,150533577,NY
201923159349301097,480543766,KS
201923129349303392,953921204,CA
202021489349300612,362169157,IL
202031929349300133,030179403,VT
202011489349300631,042103567,MA
201903199349320230,431983168,CA
202000149349301800,391201561,WI
201943199349311284,112705352,NY
202021489349301417,160743900,NY
201903379349300020,610492351,KY
202030789349300408,430356250,CA
202030789349300408,430356250,FL
202030789349300408,430356250,IL
202030789349300408,430356250,KY
202030789349300408,430356250,MD
202030789349300408,430356250,MA
202030789349300408,430356250,MI
202030789349300408,430356250,MS
202030789349300408,430356250,NH
202030789349300408,430356250,NY
202030789349300408,430356250,OK
202030789349300408,430356250,OR
202030789349300408,430356250,PA
202030789349300408,430356250,SC
202030789349300408,430356250,WI
201943199349321164,222325405,NY
201912879349300606,570650419,SC
202031929349301818,951916051,CA
202040999349300414,250965430,PA
202042279349302959,362123438,IL
202001969349302655,231352118,PA
202032309349303183,381948285,MI
202001219349301515,132553815,NY
202001009349300900,240795441,PA
201943189349309864,381357020,FL
202022309349301562,810374399,MT
202030649349301213,330361148,CA
202030649349301213,330361148,NY
202001969349302750,131624238,NY
201913179349304331,141338413,NY
202011009349300441,111630830,IN
202011009349300441,111630830,KY
202011009349300441,111630830,MD
202011009349300441,111630830,MA
202011009349300441,111630830,MI
202011009349300441,111630830,NH
202011009349300441,111630830,NJ
202011009349300441,111630830,ND
202011009349300441,111630830,OR
202011009349300441,111630830,PA
202011009349300441,111630830,VA
202031129349301143,596155069,FL
201933229349300733,943109801,CA
202042309349301709,030219309,NY
202042309349301709,030219309,VT
202041979349307824,271906132,PA
202031089349301403,430652649,KY
202031089349301403,430652649,MI
202031089349301403,430652649,NH
202031089349301403,430652649,NY
202031089349301403,430652649,OR
202031089349301403,430652649,SC
202031089349301403,430652649,MD
202022269349302437,060646966,CT
201943199349316564,650216638,FL
202011329349301876,953538772,CA
202031339349300113,133281910,CA
202031369349302408,540505977,VA
202001979349308040,620202000,TN
202001339349301925,344428219,OH
202031369349301838,610470593,KY
202021959349300802,240772407,AL
202021959349300802,240772407,AZ
202021959349300802,240772407,CT
202021959349300802,240772407,HI
202021959349300802,240772407,KY
202021959349300802,240772407,MA
202021959349300802,240772407,MD
202021959349300802,240772407,MI
202021959349300802,240772407,MN
202021959349300802,240772407,NH
202021959349300802,240772407,NJ
202021959349300802,240772407,NY
202021959349300802,240772407,OH
202021959349300802,240772407,OR
202021959349300802,240772407,SC
202021959349300802,240772407,UT
202021959349300802,240772407,VA
202021959349300802,240772407,WA
201922849349302012,941748275,CA
202011329349301796,716056774,AR
202000399349300710,150543962,PA
202041479349300509,020223955,NH
201943229349300319,860197576,AZ
201943229349300319,860197576,CA
201943229349300319,860197576,CO
201943229349300319,860197576,DC
201943229349300319,860197576,FL
201943229349300319,860197576,IA
201943229349300319,860197576,IL
201943229349300319,860197576,IN
201943229349300319,860197576,MA
201943229349300319,860197576,MD
201943229349300319,860197576,MI
201943229349300319,860197576,MN
201943229349300319,860197576,MO
201943229349300319,860197576,NJ
201943229349300319,860197576,NY
201943229349300319,860197576,OH
201943229349300319,860197576,PA
201943229349300319,860197576,TX
201943229349300319,860197576,VA
201943229349300319,860197576,WA
201943229349300319,860197576,WI
201903199349300440,160743310,NY
202010649349300911,580593438,GA
202031929349301603,362177139,MD
202031929349301603,362177139,KY
202031929349301603,362177139,OK
202031929349301603,362177139,WA
202001359349302825,131099420,AK
202001359349302825,131099420,AZ
202001359349302825,131099420,AR
202001359349302825,131099420,CA
202001359349302825,131099420,CT
202001359349302825,131099420,DE
202001359349302825,131099420,FL
202001359349302825,131099420,GA
202001359349302825,131099420,HI
202001359349302825,131099420,ID
202001359349302825,131099420,IL
202001359349302825,131099420,IN
202001359349302825,131099420,IA
202001359349302825,131099420,KS
202001359349302825,131099420,LA
202001359349302825,131099420,ME
202001359349302825,131099420,MS
202001359349302825,131099420,MT
202001359349302825,131099420,NE
202001359349302825,131099420,NV
202001359349302825,131099420,NH
202001359349302825,131099420,NJ
202001359349302825,131099420,NY
202001359349302825,131099420,NC
202001359349302825,131099420,OR
202001359349302825,131099420,PA
202001359349302825,131099420,SC
202001359349302825,131099420,SD
202001359349302825,131099420,TX
202001359349302825,131099420,VT
202001359349302825,131099420,VA
202001359349302825,131099420,WV
202001359349302825,131099420,WI
202001359349302825,131099420,WY
202001359349302845,560594591,NC
202022279349301202,390884478,WI
202012279349301931,570339444,SC
202001789349301570,951230865,CA
202001359349300230,042103544,CA
202001359349300230,042103544,MA
202010649349300511,956102146,CA
202040599349300514,056015988,MA
202041469349300104,131656667,NY
202031369349302323,710329353,CA
202031369349302323,710329353,IL
202031369349302323,710329353,NC
202011329349301101,240804602,PA
202031329349300428,580568698,GA
202042279349301509,060646710,CT
202000869349300735,370673506,IL
202020159349300252,231424055,PA
202010219349300316,940836580,CA
202002309349301720,141338471,NY
202032249349301328,043348440,MA
202032249349301328,043348440,CA
