object_id,ein,documentId,BndRfrncCd,PrcdrsCrrctvActnInd
202033039349301753,221821292,A,0
202121349349303522,042103552,IRS990ScheduleK,A,true
202121349349303522,042103552,IRS990ScheduleK,B,true
202121349349303522,042103552,IRS990ScheduleK,C,true
202121349349303522,042103552,IRS990ScheduleK,D,true
202001019349301400,340714818,A,1
202030769349301243,530196583,R000010,A,1
202030769349301243,530196583,R000010,B,1
202030769349301243,530196583,R000010,C,1
202030769349301243,530196583,R000010,D,1
202031959349303053,620476822,A,true
202031959349303053,620476822,B,true
202031959349303373,042103578,A,true
202031959349303373,042103578,B,true
202031959349303373,042103578,C,true
202041059349300414,420680404,A,true
202041059349300414,420680404,B,true
202001279349300320,580566116,A,1
202001279349300320,580566116,B,1
202003509349300130,470418641,A,0
202041969349300214,042103552,IRS990ScheduleK,A,true
202041969349300214,042103552,IRS990ScheduleK,B,true
202041969349300214,042103552,IRS990ScheduleK,C,true
202041969349300214,042103552,IRS990ScheduleK,D,true
202041969349301239,042103637,A,true
202041969349301239,042103637,B,true
202041969349301239,042103637,C,true
202111349349303906,560530005,A,1
202111349349303906,560530005,B,1
202021329349302097,250965601,A,1
202140699349301559,930461940,A,0
202111479349300326,720408946,A,1
202111479349300326,720408946,B,1
202121019349300307,231352674,RetDoc1053100001,A,1
202121019349300307,231352674,RetDoc1053100001,B,1
202121019349300307,231352674,RetDoc1053100001,C,1
202121019349300307,231352674,RetDoc1053100001,D,1
202100849349300305,231352620,R000010,A,1
202100849349300305,231352620,R000010,B,1
202100849349300305,231352620,R000010,C,1
202100849349300305,231352620,R000010,D,1
202100849349300905,591023117,A,true
202100849349300905,591023117,B,true
202100849349300905,591023117,C,true
202100849349300905,591023117,D,true
202021979349302142,060761704,A,true
202021979349302142,060761704,B,false
202013189349303356,710236867,A,1
202013189349303356,710236867,B,1
202041119349300514,430662529,A,true
202041119349300514,430662529,B,true
202001339349303270,951667177,A,1
202001339349303270,951667177,B,1
202140999349301114,520591661,A,true
202140999349301114,520591661,B,true
202140999349301114,520591661,C,true
202011969349305526,590668483,A,1
202011969349305526,590668483,B,1
202101339349305120,010211494,A,false
202101339349305120,010211494,B,false
202101339349305120,010211494,C,false
202031819349301673,460224600,A,0
202043189349304149,470724387,A,1
202041139349301229,630288878,A,false
202111279349301021,480543715,A,false
202111279349301021,480543715,B,true
202041969349302774,540505940,A,0
202031969349302758,381359081,A,1
202111049349301136,231352654,A,1
202111049349301136,231352654,B,1
202111049349300726,420680400,A,1
202111049349300726,420680400,B,1
202111049349301026,060653264,R000011,A,0
202111049349301026,060653264,R000011,B,0
202111049349301026,060653264,R000011,C,0
202111049349301026,060653264,R000011,D,0
202003239349301515,362169147,RetDoc1053100001,A,1
202003239349301515,362169147,RetDoc1053100001,B,1
202003239349301515,362169147,RetDoc1053100001,C,1
202003239349301515,362169147,RetDoc1053100001,D,1
202011299349301501,420680335,A,1
202011299349301501,420680335,B,1
202043379349300424,362310478,A,false
202002879349300805,381443369,A,true
202101329349304880,010211497,A,1
202110909349300531,570324906,A,1
202110909349300531,570324906,B,1
202131309349301523,362167773,A,true
202131309349301523,362167773,B,true
202131309349301523,362167773,C,true
202131329349304783,361408475,A,true
202111379349301906,132501829,A,0
202111379349301906,132501829,B,0
202111379349301906,132501829,C,0
202111379349303921,362169157,A,true
202111379349303921,362169157,B,true
202111379349303921,362169157,C,true
202111379349303921,362169157,D,true
202141339349301724,591083502,A,1
202141339349301724,591083502,B,1
202141339349301724,591083502,C,1
202041969349303414,041679980,IRS990ScheduleK,A,true
202041969349303414,041679980,IRS990ScheduleK,B,true
202041969349303414,041679980,IRS990ScheduleK,C,true
202041969349303414,041679980,IRS990ScheduleK,D,true
202121309349302407,362167048,RetDoc1053100001,A,1
202121309349302407,362167048,RetDoc1053100001,B,1
202121309349302407,362167048,RetDoc1053100001,C,1
202121309349302407,362167048,RetDoc1053100001,D,1
202031969349300013,041081650,IRS990ScheduleK,A,true
202031969349300013,041081650,IRS990ScheduleK,B,true
202031969349300013,041081650,IRS990ScheduleK,C,true
202031969349300013,041081650,IRS990ScheduleK,D,true
202141319349303834,340714363,A,1
202141319349303834,340714363,B,1
202101379349302530,042103578,A,true
202101379349302530,042103578,B,true
202002949349301345,221487322,A,true
202002949349301345,221487322,B,true
202111329349303671,344428219,A,true
202111319349302911,231352354,A,0
202141339349302799,951644035,A,1
202141339349302799,951644035,B,1
202041969349304299,560532296,A,true
202041969349304299,560532296,B,true
202041969349304299,560532296,C,true
202041969349304554,042105769,A,true
202121309349301552,141423161,A,1
202121309349301552,141423161,B,1
202141329349301349,350868149,A,true
202141329349301349,350868149,B,true
202141329349301349,350868149,C,true
202111329349300341,020222111,IRS990ScheduleK1,A,true
202111329349300341,020222111,IRS990ScheduleK1,B,true
202111329349300341,020222111,IRS990ScheduleK1,C,true
202111329349300341,020222111,IRS990ScheduleK1,D,true
202111379349307901,956002998,A,1
202041969349305454,381360586,A,1
202041969349305454,381360586,B,1
202131349349307773,590936101,IRS990ScheduleK,A,true
202131349349307773,590936101,IRS990ScheduleK,B,true
202131349349307773,590936101,IRS990ScheduleK,C,true
202131349349307773,590936101,IRS990ScheduleK,D,true
202041969349305854,042103629,RetDoc1053100001,A,1
202041969349305854,042103629,RetDoc1053100001,B,1
202041969349305854,042103629,RetDoc1053100001,C,1
202041969349305854,042103629,RetDoc1053100001,D,1
202011979349300006,237227990,A,1
202011979349300006,237227990,B,1
202011979349300006,237227990,C,1
202111379349302186,341695897,A,true
202101379349300770,610470593,A,0
202101379349300770,610470593,B,0
202101379349300770,610470593,C,0
202101379349301535,610444671,IRS990ScheduleK,A,true
202101379349301535,610444671,IRS990ScheduleK,B,true
202141319349301509,131740445,A,false
202141319349301509,131740445,B,false
202141319349301709,310536715,IRS990ScheduleK1,A,true
202141319349301709,310536715,IRS990ScheduleK1,B,true
202141319349301709,310536715,IRS990ScheduleK1,C,true
202141319349301709,310536715,IRS990ScheduleK1,D,true
202141319349302279,941156266,IRS990ScheduleK1,A,true
202141319349302279,941156266,IRS990ScheduleK1,B,true
202141319349302279,941156266,IRS990ScheduleK1,C,true
202141319349302279,941156266,IRS990ScheduleK1,D,true
202041979349301944,231365966,A,1
202011979349300521,135645885,RetDoc1053100001,A,1
202011979349300521,135645885,RetDoc1053100001,B,1
202011979349300521,135645885,RetDoc1053100001,C,1
202011979349300521,135645885,RetDoc1053100001,D,1
202011979349302516,630302179,A,1
202011979349302516,630302179,B,1
202041969349302764,990113930,A,1
202041969349302764,990113930,B,1
202141329349304604,042103638,A,1
202121379349303997,510067938,A,1
202121379349303997,510067938,B,1
202121379349303997,510067938,C,1
202121379349303997,510067938,D,1
202041369349304379,237179639,A,1
202041909349301514,520591672,A,1
202041909349301514,520591672,B,1
202031969349303743,590624412,A,true
202031969349303743,590624412,B,true
202000659349300605,240795406,A,1
202000659349300605,240795406,B,1
202022729349300852,610482955,A,false
202022729349300852,610482955,B,false
202022729349300852,610482955,C,false
202011979349304111,440546278,A,true
202011979349305521,310725957,A,true
202141329349303694,741233796,A,1
202141329349303694,741233796,B,1
202041909349302904,580566212,RetDoc1053100001,A,1
202041909349302904,580566212,RetDoc1053100001,B,1
202041909349302904,580566212,RetDoc1053100001,C,1
202041909349302904,580566212,RetDoc1053100001,D,1
202121379349309792,930386839,A,1
202121379349309792,930386839,B,1
202121379349309852,510305893,A,0
202121379349309852,510305893,B,0
202121379349309852,510305893,C,0
202141379349306069,560529961,A,false
202141379349306069,560529961,B,false
202131379349306793,030482006,RetDoc1053100001,A,0
202131379349306793,030482006,RetDoc1053100001,B,0
202131379349306793,030482006,RetDoc1053100001,C,0
202131379349306793,030482006,RetDoc1053100001,D,0
202031919349301023,060653264,R000011,A,0
202031919349301023,060653264,R000011,B,0
202031919349301023,060653264,R000011,C,0
202031919349301023,060653264,R000011,D,0
202031979349304598,540946734,A,false
202131379349303058,010275130,A,1
202131379349303058,010275130,B,1
202131379349303058,010275130,C,1
202131379349300153,560532138,A,true
202131379349300153,560532138,B,true
202131379349300153,560532138,C,true
202041979349304929,550419865,A,0
202041979349304929,550419865,B,0
202041049349300129,520591661,A,true
202041049349300129,520591661,B,true
202041049349300129,520591661,C,true
202042819349300929,620518288,A,0
202042819349300929,620518288,B,0
202041959349302509,810235407,A,0
202041959349302509,810235407,B,0
202131319349303363,350868175,A,true
202131319349304243,362169145,A,1
202131319349304243,362169145,B,1
202011979349303561,010275130,A,1
202011979349303561,010275130,B,1
202011979349303561,010275130,C,1
202002889349301720,344429091,A,true
202002889349301720,344429091,B,true
202042889349302254,941254638,A,0
202043079349301359,340909974,A,0
202043079349301359,340909974,B,0
202121349349300207,231352613,RetDoc1053100001,A,1
202121349349300207,231352613,RetDoc1053100001,B,1
202121349349300207,231352613,RetDoc1053100001,C,1
202121349349300207,231352613,RetDoc1053100001,D,1
202041929349301619,160805158,A,1
202041929349301619,160805158,B,1
202041979349305114,951642394,A,true
202041979349305114,951642394,B,true
202041979349305114,951642394,C,true
202041979349305584,231352630,RetDoc1053100001,A,1
202041979349305584,231352630,RetDoc1053100001,B,1
202041979349305584,231352630,RetDoc1053100001,C,1
202041979349305584,231352630,RetDoc1053100001,D,1
202001369349300220,141338309,A,0
202011369349302321,840402510,RetDoc1053100001,A,0
202011369349302321,840402510,RetDoc1053100001,B,0
202011369349302321,840402510,RetDoc1053100001,C,0
202011369349302321,840402510,RetDoc1053100001,D,0
202041979349306034,060731360,A,true
202041979349306034,060731360,B,true
202041979349306034,060731360,C,true
202041979349306034,060731360,D,true
202022869349301562,362170999,A,1
202022869349301562,362170999,B,1
202022869349301562,362170999,C,1
202021969349302802,050259080,A,1
202021969349302802,050259080,B,1
202131349349302538,520591421,A,1
202131349349302538,520591421,B,1
202141379349301299,041679980,IRS990ScheduleK,A,true
202141379349301299,041679980,IRS990ScheduleK,B,true
202141379349301299,041679980,IRS990ScheduleK,C,true
202141379349301299,041679980,IRS990ScheduleK,D,true
202141379349301954,580566116,A,1
202141379349301954,580566116,B,1
202031359349300008,314379532,A,true
202031359349300008,314379532,B,true
202031359349300008,314379532,C,true
202040869349301204,390477970,A,1
202041539349301884,141713034,A,1
202041539349301884,141713034,B,1
202041579349300314,314379459,RetDoc1053100001,A,0
202041579349300314,314379459,RetDoc1053100001,B,0
202041579349300314,314379459,RetDoc1053100001,C,0
202041579349300314,314379459,RetDoc1053100001,D,0
202041339349300214,540505906,R000010,A,0
202041339349300214,540505906,R000010,B,0
202041339349300214,540505906,R000010,C,0
202041339349300214,540505906,R000010,D,0
202041979349303554,580566256,IRS990ScheduleK1,A,true
202041979349303554,580566256,IRS990ScheduleK1,B,true
202041979349303554,580566256,IRS990ScheduleK1,C,true
202041979349303554,580566256,IRS990ScheduleK1,D,true
202041979349305204,231386178,A,1
202041979349305204,231386178,B,1
202041979349305204,231386178,C,1
202121349349302167,520591613,A,1
202121349349302167,520591613,B,1
202121349349302167,520591613,C,1
202032839349301623,480543782,A,0
202021969349305007,750859668,A,1
202021969349305007,750859668,B,1
202021969349305007,750859668,C,1
202031959349301503,141340095,A,true
202031959349301503,141340095,B,true
202041019349301414,941156485,A,1
202041019349301414,941156485,B,1
202041019349301414,941156485,C,1
202131379349303133,363649217,A,1
202131379349301558,350868202,A,true
202131379349301558,350868202,B,true
202031969349302593,042104258,A,true
202031979349302223,720423889,R000012,A,1
202031979349302223,720423889,R000012,B,1
202031979349302223,720423889,R000012,C,1
202031979349302223,720423889,R000012,D,1
202041969349300809,590624416,A,1
202131349349300908,314379507,RetDoc1053100001,A,1
202131349349300908,314379507,RetDoc1053100001,B,1
202131349349300908,314379507,RetDoc1053100001,C,1
202131349349300908,314379507,RetDoc1053100001,D,1
202031959349300318,231352213,IRS990ScheduleK,A,true
202031959349300318,231352213,IRS990ScheduleK,B,true
202031959349300318,231352213,IRS990ScheduleK,C,true
202031959349300318,231352213,IRS990ScheduleK,D,true
202031959349301448,231352688,IRS990ScheduleK,A,true
202031959349301448,231352688,IRS990ScheduleK,B,true
202031959349301448,231352688,IRS990ScheduleK,C,true
202031959349301448,231352688,IRS990ScheduleK,D,true
202031899349302268,590859121,A,true
202021979349306947,530204707,A,1
202021979349306947,530204707,B,1
202021979349306452,630366652,A,0
202021979349306452,630366652,B,0
202021969349300847,231352256,A,1
202021979349304112,362170866,A,true
202021979349304112,362170866,B,true
202001909349302225,440562048,A,true
202001909349302225,440562048,B,true
202021979349305802,741109661,A,true
202021979349305802,741109661,B,true
202013119349301016,310621866,RetDoc1053100001,A,1
202013119349301016,310621866,RetDoc1053100001,B,1
202013119349301016,310621866,RetDoc1053100001,C,1
202013119349301016,310621866,RetDoc1053100001,D,1
202131379349300128,210650678,RetDoc1053100001,A,1
202131379349300128,210650678,RetDoc1053100001,B,1
202131379349300128,210650678,RetDoc1053100001,C,1
202131379349300128,210650678,RetDoc1053100001,D,1
202021969349302142,231352665,A,true
202021969349302142,231352665,B,true
202001979349300735,530196603,IRS990ScheduleK1,A,true
202001979349300735,530196603,IRS990ScheduleK1,B,true
202001979349300735,530196603,IRS990ScheduleK1,C,true
202001979349300735,530196603,IRS990ScheduleK1,D,true
202041969349304769,560532138,A,true
202041969349304769,560532138,B,true
202041969349304769,560532138,C,true
202031959349302733,560532303,IRS990ScheduleK1,A,true
202031959349302733,560532303,IRS990ScheduleK1,B,true
202031959349302733,560532303,IRS990ScheduleK1,C,true
202031959349302733,560532303,IRS990ScheduleK1,D,true
202001929349302625,911160585,A,0
202001929349302700,231352685,IRS990ScheduleK,A,true
202001929349302700,231352685,IRS990ScheduleK,B,true
202001929349302700,231352685,IRS990ScheduleK,C,true
202001929349302700,231352685,IRS990ScheduleK,D,true
202121349349306462,540505990,A,1
202121349349306462,540505990,B,0
202121349349306462,540505990,C,1
202121349349304472,042103558,A,1
202121349349304472,042103558,B,1
202121349349304472,042103558,C,1
202121349349304472,042103558,D,1
202011899349300811,410694721,RetDoc1053100001,A,1
202011899349300811,410694721,RetDoc1053100001,B,1
202011899349300811,410694721,RetDoc1053100001,C,1
202011899349300811,410694721,RetDoc1053100001,D,1
202021969349301312,042121659,A,true
202021969349301312,042121659,B,true
202021969349301312,042121659,C,true
202021969349301312,042121659,D,true
202021969349301592,042103594,A,true
202021969349301592,042103594,B,true
202021979349305277,546039600,A,0
202043149349300204,550526150,A,1
202043149349300204,550526150,B,1
202043149349300204,550526150,C,1
202043149349300204,550526150,D,1
202131379349307598,910565553,A,1
202023169349302307,810231774,A,0
202023169349302307,810231774,B,0
202023169349302307,810231774,C,0
202131379349300428,150532239,A,1
202131379349300428,150532239,B,1
202121349349304077,930386892,A,true
202121349349304077,930386892,B,true
202121349349304077,930386892,C,true
202001979349303330,362174823,A,1
202001979349303330,362174823,B,1
202001979349303330,362174823,C,1
202021969349302017,042103589,RetDoc1053100001,A,1
202021969349302017,042103589,RetDoc1053100001,B,1
202021969349302017,042103589,RetDoc1053100001,C,1
202021969349302017,042103589,RetDoc1053100001,D,1
202021979349305532,430670936,A,1
202000629349300815,042111203,A,1
202000629349300815,042111203,B,1
202000629349300815,042111203,C,1
202043169349302539,150532245,A,1
202043169349302539,150532245,B,1
202043169349302539,150532245,C,0
202011929349301301,251094922,RetDoc1053100001,A,0
202011929349301301,251094922,RetDoc1053100001,B,0
202011929349301301,251094922,RetDoc1053100001,C,0
202011929349301301,251094922,RetDoc1053100001,D,0
202021329349302467,240795965,A,1
202021329349302467,240795965,B,1
202031849349301513,710437657,A,false
202041049349300239,135562314,A,true
202041049349300239,135562314,B,true
202001059349300340,590624459,A,true
202001059349300340,590624459,B,true
202001059349300340,590624459,C,true
202011049349301161,941156628,A,true
202011049349301161,941156628,B,true
202011049349301161,941156628,C,true
202011049349301161,941156628,D,true
202031069349300113,350868074,IRS990ScheduleK.1,A,true
202031069349300113,350868074,IRS990ScheduleK.1,B,true
202031069349300113,350868074,IRS990ScheduleK.1,C,true
202031069349300113,350868074,IRS990ScheduleK.1,D,true
202031069349301788,741159753,A,true
202031069349301788,741159753,B,true
202031069349301788,741159753,C,true
202031069349301653,710236897,A,1
202031069349301653,710236897,B,1
202041919349302074,111630906,A,true
202041919349302074,111630906,B,true
202041919349302074,111630906,C,true
202001979349304580,951246140,A,1
202001979349304580,951246140,B,1
202121349349304337,042005934,A,1
202121349349304337,042005934,B,1
202021969349304267,430654872,IRS990ScheduleK,A,true
202021969349304267,430654872,IRS990ScheduleK,B,true
202021969349304267,430654872,IRS990ScheduleK,C,true
202021969349304267,430654872,IRS990ScheduleK,D,true
202021979349306017,560532129,A,1
202021979349306017,560532129,B,1
202021979349306017,560532129,C,1
202021979349306017,560532129,D,1
202131379349301978,250717890,A,0
202131379349301978,250717890,B,0
202131379349301978,250717890,C,0
202131479349300633,310725957,A,true
202031849349300908,381945965,A,0
202031849349300908,381945965,B,0
202031849349300908,381945965,C,0
202031849349300908,381945965,D,0
202001279349300800,570314380,A,1
202011279349301201,237179567,A
202041929349300504,111630741,A,true
202041929349300504,111630741,B,true
202041929349300504,111630741,C,true
202041929349300504,111630741,D,true
202002879349301325,910615846,A,0
202021909349302852,620475697,R000009,A,1
202021909349302852,620475697,R000009,B,1
202021909349302852,620475697,R000009,C,1
202021909349302852,620475697,R000009,D,1
202131349349304868,160743209,IRS990ScheduleK,A,true
202131349349304868,160743209,IRS990ScheduleK,B,true
202131349349304868,160743209,IRS990ScheduleK,C,true
202131349349304868,160743209,IRS990ScheduleK,D,true
202021829349300917,350715530,A,true
202021829349300917,350715530,B,true
202041969349300244,540525605,R000011,A,1
202041969349300244,540525605,R000011,B,1
202041969349300244,540525605,R000011,C,1
202041969349300244,540525605,R000011,D,1
202011959349303736,410711610,A,1
202031919349301613,042103580,IRS990ScheduleK1,A,true
202031919349301613,042103580,IRS990ScheduleK1,B,true
202031919349301613,042103580,IRS990ScheduleK1,C,true
202031919349301613,042103580,IRS990ScheduleK1,D,true
202011969349302061,381988915,A,1
202131369349301843,314379435,A,1
202131369349301843,314379435,B,1
202111379349307746,590949880,A,0
202041979349302454,042271070,A,1
202041979349302454,042271070,B,0
202021829349301112,350715530,A,true
202021829349301112,350715530,B,true
202021359349300947,591083502,RetDoc1053100001,A,1
202021359349300947,591083502,RetDoc1053100001,B,1
202021359349300947,591083502,RetDoc1053100001,C,1
202021359349300947,591083502,RetDoc1053100001,D,1
202011349349301611,231365954,RetDoc1053100001,A,1
202011349349301611,231365954,RetDoc1053100001,B,1
202011349349301611,231365954,RetDoc1053100001,C,1
202011349349301611,231365954,RetDoc1053100001,D,1
202043039349300639,020222215,A,0
202043039349300639,020222215,B,0
202043039349300639,020222215,C,0
202043039349300639,020222215,D,0
202001979349302485,041843040,A,true
202011969349302901,060646973,IRS990ScheduleK1,A,true
202011969349302901,060646973,IRS990ScheduleK1,B,true
202011969349302901,060646973,IRS990ScheduleK1,C,true
202011969349302901,060646973,IRS990ScheduleK1,D,true
202011979349304161,314379585,A,0
202011369349301841,060646701,R000009,A,1
202011369349301841,060646701,R000009,B,1
202011369349301841,060646701,R000009,C,1
202011369349301841,060646701,R000009,D,1
202011369349302146,050258809,IRS990ScheduleK,A,true
202011369349302146,050258809,IRS990ScheduleK,B,true
202011369349302146,050258809,IRS990ScheduleK,C,true
202011369349302146,050258809,IRS990ScheduleK,D,true
202001979349304835,640303084,A,false
202001929349301040,590936101,IRS990ScheduleK,A,true
202001929349301040,590936101,IRS990ScheduleK,B,true
202001929349301040,590936101,IRS990ScheduleK,C,true
202001929349301040,590936101,IRS990ScheduleK,D,true
202011979349304206,460224588,A,1
202011979349304206,460224588,B,1
202011979349304206,460224588,C,1
202041979349304849,952789388,A,1
202011909349301611,381308480,A,1
202001559349301860,910565553,A,1
202001559349301715,230465970,A,false
202001559349301715,230465970,B,false
202001559349301715,230465970,C,false
202042979349301859,350886846,A,0
202131379349304083,540573801,A,1
202131379349304083,540573801,B,1
202021979349300832,314379435,A,1
202021979349300832,314379435,B,1
202031959349303048,050258932,A,true
202031959349303048,050258932,B,true
202031959349303048,050258932,C,true
202031959349303048,050258932,D,true
202041899349300549,362167048,A,true
202041899349300549,362167048,B,true
202041899349300549,362167048,C,true
202041899349300549,362167048,D,true
202011959349303726,520591658,RetDoc1053100001,A,1
202011959349303726,520591658,RetDoc1053100001,B,1
202011959349303726,520591658,RetDoc1053100001,C,1
202011959349303726,520591658,RetDoc1053100001,D,1
202041959349302409,520591613,A,1
202041959349302409,520591613,B,1
202041959349302409,520591613,C,1
202011979349305641,610469267,A,true
202011979349305641,610469267,B,true
202011979349305641,610469267,C,true
202031919349300228,363108821,A,false
202013119349300201,141338413,A,true
202011979349300726,042452884,A,0
202011979349307261,581357177,A,1
202031979349301903,010211494,A,false
202031979349301903,010211494,B,false
202031979349301903,010211494,C,false
202001979349308905,630400608,A,true
202001979349308905,630400608,B,true
202001979349308905,630400608,C,true
202011979349307901,591157081,A,0
202011979349307901,591157081,B,0
202121349349307792,951664112,IRS990ScheduleK,A,true
202121349349307792,951664112,IRS990ScheduleK,B,true
202121349349307792,951664112,IRS990ScheduleK,C,true
202121349349307792,951664112,IRS990ScheduleK,D,true
202131379349305043,610469267,A,true
202131379349305043,610469267,B,true
202131379349305043,610469267,C,true
202003079349300215,111661359,A,false
202121479349301552,610444763,A,0
202121479349301552,610444763,B,0
202141379349304189,370661491,A,1
202141379349304189,370661491,B,1
202023219349314567,581581103,A,0
202111379349301556,042103544,IRS990ScheduleK,A,true
202111379349301556,042103544,IRS990ScheduleK,B,true
202111379349301556,042103544,IRS990ScheduleK,C,true
202111379349301556,042103544,IRS990ScheduleK,D,true
202131379349308248,630302179,A,1
202131379349308248,630302179,B,1
202013039349302021,450231180,A,1
202033079349300023,112868878,A,true
202033079349300023,112868878,B,true
202013049349301301,340714585,RetDoc1053100001,A,1
202013049349301301,340714585,RetDoc1053100001,B,1
202013049349301301,340714585,RetDoc1053100001,C,1
202013049349301301,340714585,RetDoc1053100001,D,1
202013169349303571,221487164,A,1
202013169349303571,221487164,B,1
202013169349303571,221487164,C,1
202013169349303571,221487164,D,1
202003189349303795,420681049,RetDoc1053100001,A,1
202003189349303795,420681049,RetDoc1053100001,B,1
202003189349303795,420681049,RetDoc1053100001,C,1
202003189349303795,420681049,RetDoc1053100001,D,1
202023099349301907,470378779,A,0
202023039349300302,340753531,A,true
202023039349300302,340753531,B,true
202023039349300302,340753531,C,true
202023179349309257,381357020,A,1
202023179349309257,381357020,B,1
202023179349309257,381357020,C,1
202003179349302325,470376552,A,true
202003179349302325,470376552,B,true
202003179349302325,470376552,C,true
202023219349324447,210634462,A,true
202023219349324447,210634462,B,true
202023219349324447,210634462,C,true
202023219349324447,210634462,D,true
202043179349302649,430654874,A,true
202043179349302649,430654874,B,true
202043179349302649,430654874,C,true
202043179349302649,430654874,D,true
202043179349308729,160743134,A,1
202043179349308729,160743134,B,1
202043179349308729,160743134,C,1
202033109349302168,540715569,A,true
202033109349302168,540715569,B,true
202010729349300021,344427516,A,true
202010719349301566,231352674,A,true
202010719349301566,231352674,B,true
202010719349301566,231352674,C,true
202010719349301566,231352674,D,true
202110489349301036,430652667,A,true
202110489349301036,430652667,B,true
202030989349301003,231352621,IRS990ScheduleK,A,true
202030989349301003,231352621,IRS990ScheduleK,B,true
202030989349301003,231352621,IRS990ScheduleK,C,true
202030989349301003,231352621,IRS990ScheduleK,D,true
202020989349300712,951644593,A,0
202120679349301322,160743942,A,0
202120679349301322,160743942,B,0
202130159349301228,941279803,A,1
202130539349300323,540129860,A,1
202131049349300633,231352652,RetDoc1053100001,A,1
202131049349300633,231352652,RetDoc1053100001,B,1
202131049349300633,231352652,RetDoc1053100001,C,1
202131049349300633,231352652,RetDoc1053100001,D,1
202140419349300829,340868798,A,true
202020949349300722,951643992,A,true
202020949349300722,951643992,B,true
202020949349300722,951643992,C,true
202141339349302439,231365971,A,true
202141339349302439,231365971,B,true
202141339349302439,231365971,C,true
202141339349302439,231365971,D,true
202001069349301110,420680412,A,1
202001069349301110,420680412,B,1
202001069349301110,420680412,C,1
202120989349300732,231501197,RetDoc8,A,true
202120989349300732,231501197,RetDoc8,B,true
202120989349300732,231501197,RetDoc8,C,true
202120989349300732,231501197,RetDoc8,D,true
202101059349300525,231352615,RetDoc1053100001,A,1
202101059349300525,231352615,RetDoc1053100001,B,1
202101059349300525,231352615,RetDoc1053100001,C,1
202101059349300525,231352615,RetDoc1053100001,D,1
202100429349301370,750851900,A,0
202100429349301370,750851900,B,0
202100429349301370,750851900,C,0
202030809349300503,340714626,A,0
202030809349300923,580566143,A,0
202030809349300923,580566143,B,0
202001069349301405,741193459,RetDoc1053100001,A,0
202001069349301405,741193459,RetDoc1053100001,B,0
202001069349301405,741193459,RetDoc1053100001,C,0
202001069349301405,741193459,RetDoc1053100001,D,0
202021059349300112,030179424,A,1
202021059349300112,030179424,B,1
202131059349300733,450273403,A,1
202140429349301504,910473310,A,1
202140429349301504,910473310,B,1
202140429349301504,910473310,C,1
202100959349300820,550370901,A,1
202021059349300632,910565571,A,1
202021059349300632,910565571,B,1
202021059349300817,410708577,A,0
202021059349301327,570352247,A,1
202030659349301513,410693962,A,1
202030659349301513,410693962,B,1
202030659349301513,410693962,C,1
202030659349301513,410693962,D,1
202141319349303079,480543772,A,1
202141319349303079,480543772,B,1
202011919349302361,730579265,A,0
202141349349307934,951690977,A,1
202141349349307934,951690977,B,1
202141349349307934,951690977,C,1
202141379349309724,630366652,A,0
202141379349309724,630366652,B,0
202141379349306839,620502739,RetDoc1053100001,A,0
202141379349306839,620502739,RetDoc1053100001,B,0
202141379349306839,620502739,RetDoc1053100001,C,0
202141379349306839,620502739,RetDoc1053100001,D,0
202100579349300730,750808791,A,1
202100579349300730,750808791,B,1
202001889349302350,430652617,A,0
202001889349302350,430652617,B,0
202011979349303746,560529961,A,false
202011979349303746,560529961,B,false
202131349349305203,240795453,A,0
202131349349305838,362167842,A,1
202131349349305898,820200907,A,1
202131349349306563,620479542,A,false
202131349349306563,620479542,B,false
202131349349306623,042103547,IRS990ScheduleK,A,true
202131349349306623,042103547,IRS990ScheduleK,B,true
202131349349306623,042103547,IRS990ScheduleK,C,true
202131349349306623,042103547,IRS990ScheduleK,D,true
202141339349303759,061744054,A,1
202120979349301227,010378758,A,1
202120979349301227,010378758,B,1
202120979349301227,010378758,C,1
202120979349301227,010378758,D,1
202141379349308034,560532129,A,1
202141379349308034,560532129,B,1
202021119349301217,951644035,A,1
202021119349301217,951644035,B,1
202141339349304059,221912028,A,1
202141339349304059,221912028,B,1
202031899349302018,610444695,A,1
202100289349300020,231352692,A,0
202111379349309946,710437657,A,false
202100579349300225,344427516,A,true
202100839349300040,141713034,A,1
202100839349300040,141713034,B,1
202141349349303034,340714654,A,0
202141349349303034,340714654,B,0
202141349349303034,340714654,C,0
202141349349303034,340714654,D,0
202021939349300427,720408946,A,1
202021939349300427,720408946,B,1
202031969349300708,570314422,RetDoc1053100001,A,1
202031969349300708,570314422,RetDoc1053100001,B,1
202031969349300708,570314422,RetDoc1053100001,C,1
202031969349300708,570314422,RetDoc1053100001,D,1
202021969349300102,710246213,RetDoc1053100001,A,0
202021969349300102,710246213,RetDoc1053100001,B,0
202021969349300102,710246213,RetDoc1053100001,C,0
202021969349300102,710246213,RetDoc1053100001,D,0
202041969349300504,430654854,A,0
202011979349308651,131740468,A,0
202141359349302374,941156525,A,true
202001369349303925,951958142,A,true
202001369349303925,951958142,B,true
202001369349301240,460280847,A,0
202001369349301240,460280847,B,0
202021969349302227,133297197,A,true
202021969349302227,133297197,B,true
202021969349302227,133297197,C,true
202021969349302227,133297197,D,true
202110989349301211,111635105,A,true
202021969349305062,111633516,A,true
202021969349305062,111633516,B,true
202021969349305062,111633516,C,true
202111269349301666,250981156,A,1
202111269349301826,440545286,A,0
202111269349301826,440545286,B,0
202111269349301826,440545286,C,0
202131349349301943,580566133,A,1
202011499349300626,710236867,A,1
202001059349300920,590624458,A,1
202001059349300920,590624458,B,1
202001059349300920,590624458,C,1
202001059349300920,590624458,D,1
202120969349301422,340714681,A,true
202120969349301422,340714681,B,true
202033019349300633,570314415,A,1
202033019349300633,570314415,B,1
202033179349301348,160759798,A,1
202141379349309114,540505965,IRS990ScheduleK,A,true
202141379349309114,540505965,IRS990ScheduleK,B,true
202141379349309114,540505965,IRS990ScheduleK,C,true
202141379349309114,540505965,IRS990ScheduleK,D,true
202141379349306594,941156485,A,1
202141379349306594,941156485,B,1
202001509349301310,370662594,A,true
202001509349301310,370662594,B,true
202011079349300701,630288841,A,0
202011079349300701,630288841,B,0
202011369349304916,363649217,A,1
202101309349301930,030179403,A,true
202101309349301930,030179403,B,true
202100989349301230,411607453,A,1
202100989349301230,411607453,B,1
202101379349303075,430653611,A,true
202101379349303075,430653611,B,true
202101379349303750,910565006,R000011,A,1
202101379349303750,910565006,R000011,B,1
202101379349303750,910565006,R000011,C,1
202101379349303750,910565006,R000011,D,1
202130979349301333,410695524,A,1
202130979349301333,410695524,B,1
202130979349300303,410694747,A,1
202111269349302301,951667177,A,1
202111339349305901,941156646,A,1
202141339349305309,251024358,A,1
202141339349305309,251024358,B,1
202111349349305246,741161941,A,1
202141349349306154,350869045,IRS990ScheduleK1,A,true
202141349349306154,350869045,IRS990ScheduleK1,B,true
202141349349306154,350869045,IRS990ScheduleK1,C,true
202141349349306154,350869045,IRS990ScheduleK1,D,true
202013539349301406,596046500,A,true
202121379349302787,131693134,A,0
202101349349305755,440617326,A,true
202101349349304540,910564961,A,1
202101349349304540,910564961,B,1
202101249349301625,310536647,A,true
202101249349301625,310536647,B,true
202101339349302045,231352685,IRS990ScheduleK,A,true
202101339349302045,231352685,IRS990ScheduleK,B,true
202101339349302045,231352685,IRS990ScheduleK,C,true
202101339349302045,231352685,IRS990ScheduleK,D,true
202101379349307790,381359081,A,1
202141309349301974,231409675,A,1
202141309349301974,231409675,B,1
202141309349301974,231409675,C,1
202033219349317203,472578950,A,1
202111059349301916,470405319,A,0
202023159349303222,550357056,RetDoc1053100001,A,1
202023159349303222,550357056,RetDoc1053100001,B,1
202023159349303222,550357056,RetDoc1053100001,C,1
202023159349303222,550357056,RetDoc1053100001,D,1
202131369349301983,231386178,A,1
202131369349301983,231386178,B,1
202131369349301983,231386178,C,1
202111319349301986,480556716,A,true
202111319349301986,480556716,B,true
202141119349300229,420772559,A,true
202141119349300229,420772559,B,false
202141119349300229,420772559,C,false
202001559349301005,060646623,IRS990ScheduleK,A,true
202001559349301005,060646623,IRS990ScheduleK,B,true
202001559349301005,060646623,IRS990ScheduleK,C,true
202001559349301005,060646623,IRS990ScheduleK,D,true
202031539349301893,231352222,A,true
202001369349301870,141442493,A,true
202001369349301870,141442493,B,true
202001369349301870,141442493,C,true
202001369349301870,141442493,D,true
202130819349300628,350868074,IRS990ScheduleK.1,A,true
202130819349300628,350868074,IRS990ScheduleK.1,B,true
202130819349300628,350868074,IRS990ScheduleK.1,C,true
202130819349300628,350868074,IRS990ScheduleK.1,D,true
202131379349301218,210634501,IRS990ScheduleK1,A,true
202131379349301218,210634501,IRS990ScheduleK1,B,true
202131379349301218,210634501,IRS990ScheduleK1,C,true
202131379349301218,210634501,IRS990ScheduleK1,D,true
202111369349301101,953127273,A,1
202011639349300731,362169145,A,true
202011639349300731,362169145,B,true
202011299349301341,941156266,IRS990ScheduleK1,A,true
202011299349301341,941156266,IRS990ScheduleK1,B,true
202011299349301341,941156266,IRS990ScheduleK1,C,true
202011299349301341,941156266,IRS990ScheduleK1,D,true
202120919349300327,941585735,A,1
202131119349301768,361521940,A,0
202131339349305908,362181973,A,true
202100429349300110,470376524,A,1
202101349349305500,221494434,IRS990ScheduleK,A,true
202101349349305500,221494434,IRS990ScheduleK,B,true
202101349349305500,221494434,IRS990ScheduleK,C,true
202101349349305500,221494434,IRS990ScheduleK,D,true
202131349349301633,042103589,RetDoc1053100001,A,1
202131349349301633,042103589,RetDoc1053100001,B,1
202131349349301633,042103589,RetDoc1053100001,C,1
202131349349301633,042103589,RetDoc1053100001,D,1
202140959349300714,362167804,A,true
202100289349301710,560532297,A,1
202100539349300910,420680404,A,true
202100539349300910,420680404,B,true
202131379349302073,530196640,A,0
202131379349302073,530196640,B,0
202131379349302103,340714689,A,0
202131379349302123,042002060,A,1
202131339349301223,520591691,A,1
202131339349301223,520591691,B,1
202020659349301247,390806263,A,1
202021979349305067,540505965,IRS990ScheduleK,A,true
202021979349305067,540505965,IRS990ScheduleK,B,true
202021979349305067,540505965,IRS990ScheduleK,C,true
202021979349305067,540505965,IRS990ScheduleK,D,true
202101309349303120,420680387,A,1
202101309349303120,420680387,B,1
202101309349303120,420680387,C,1
202111309349300236,030220266,A,true
202111279349301511,541031437,A,1
202111329349302356,231352202,A,1
202111329349302436,030179298,A,1
202111329349302436,030179298,B,1
202111329349302436,030179298,C,1
202111329349302436,030179298,D,1
202141259349300624,480543736,A,false
202011769349301001,520591641,A,1
202011769349301001,520591641,B,1
202011769349301001,520591641,C,1
202110999349300036,520591623,A,true
202110999349300036,520591623,B,true
202110999349300036,520591623,C,true
202120819349301152,581216007,A,false
202041369349302834,150532078,IRS990ScheduleK,A,true
202041369349302834,150532078,IRS990ScheduleK,B,true
202041369349302834,150532078,IRS990ScheduleK,C,true
202041369349302834,150532078,IRS990ScheduleK,D,true
202141139349300049,420680335,A,1
202141139349300049,420680335,B,1
202100119349301360,956001907,A,1
202111349349303966,060731360,A,true
202131039349300138,160746864,A,1
202131039349300138,160746864,B,1
202131039349300138,160746864,C,1
202140969349301124,160743989,A,1
202140969349301124,160743989,B,1
202121379349308037,060646701,A,0
202121379349308037,060646701,B,0
202131339349302153,150532078,IRS990ScheduleK,A,true
202131339349302153,150532078,IRS990ScheduleK,B,true
202131339349302153,150532078,IRS990ScheduleK,C,true
202131339349302153,150532078,IRS990ScheduleK,D,true
202131339349303778,160743088,A,0
202131339349303778,160743088,B,0
202131339349303778,160743088,C,0
202131339349303778,160743088,D,0
202121049349300232,237223216,A,true
202121049349301852,160743102,A,0
202110589349300611,430653369,IRS990ScheduleK,A,true
202110589349300611,430653369,IRS990ScheduleK,B,true
202110589349300611,430653369,IRS990ScheduleK,C,true
202110589349300611,430653369,IRS990ScheduleK,D,true
202120619349300522,160743150,A,1
202120619349300522,160743150,B,1
202021759349300412,350868175,A,true
202001789349301610,050258810,A,true
202001789349301610,050258810,B,true
202001789349301610,050258810,C,true
202011819349300841,951664101,RetDoc1053100001,A,1
202011819349300841,951664101,RetDoc1053100001,B,1
202011819349300841,951664101,RetDoc1053100001,C,1
202011819349300841,951664101,RetDoc1053100001,D,1
202141039349300784,150545841,A,true
202141039349300784,150545841,B,true
202141039349300784,150545841,C,true
202141039349300784,150545841,D,true
202111379349311086,221487164,A,1
202111379349311086,221487164,B,1
202111379349311086,221487164,C,1
202111379349311086,221487164,D,1
202121249349301837,350868125,A,true
202121249349301837,350868125,B,true
202121249349301837,350868125,C,true
202111379349301416,141340095,A,true
202111379349301416,141340095,B,true
202121319349301707,560529988,A,true
202121319349301967,951664123,A,1
202011339349300931,231352632,A,false
202011339349300931,231352632,B,false
202023039349301512,560529972,A,1
202101249349302355,221500645,IRS990ScheduleK,A,true
202101249349302355,221500645,IRS990ScheduleK,B,true
202101249349302355,221500645,IRS990ScheduleK,C,true
202101249349302355,221500645,IRS990ScheduleK,D,true
202101349349308055,060646623,IRS990ScheduleK,A,true
202101349349308055,060646623,IRS990ScheduleK,B,true
202101349349308055,060646623,IRS990ScheduleK,C,true
202101349349308055,060646623,IRS990ScheduleK,D,true
202131179349301528,590704726,A,0
202131179349302013,237179567,A
202001369349303725,251035663,RetDoc1053100001,A,1
202001369349303725,251035663,RetDoc1053100001,B,1
202001369349303725,251035663,RetDoc1053100001,C,1
202001369349303725,251035663,RetDoc1053100001,D,1
202111099349301706,591092732,A,0
202111179349300316,610444650,IRS990ScheduleK1,A,true
202111179349300316,610444650,IRS990ScheduleK1,B,true
202111179349300316,610444650,IRS990ScheduleK1,C,true
202111179349300316,610444650,IRS990ScheduleK1,D,true
202101379349306055,530204707,A,1
202101379349306055,530204707,B,1
202111209349301436,540575812,A,1
202111209349301436,540575812,B,1
202141309349302419,150543659,IRS990ScheduleK,A,true
202141309349302419,150543659,IRS990ScheduleK,B,true
202141309349302419,150543659,IRS990ScheduleK,C,true
202141309349302419,150543659,IRS990ScheduleK,D,true
202131339349302753,250969449,RetDoc1053100001,A,1
202131339349302753,250969449,RetDoc1053100001,B,1
202131339349302753,250969449,RetDoc1053100001,C,1
202131339349302753,250969449,RetDoc1053100001,D,1
202101259349302380,131628206,A,true
202011509349300121,382015048,A,1
202011509349300121,382015048,B,1
202101059349301220,640303086,A,0
202101059349301655,010211810,R000010,A,1
202101059349301655,010211810,R000010,B,1
202101059349301655,010211810,R000010,C,1
202101059349301655,010211810,R000010,D,1
202141189349300909,520595110,RetDoc1053100001,A,1
202141189349300909,520595110,RetDoc1053100001,B,1
202141189349300909,520595110,RetDoc1053100001,C,1
202141189349300909,520595110,RetDoc1053100001,D,1
202121379349308637,381360586,A,1
202121379349308637,381360586,B,1
202121379349308637,381360586,C,1
202121379349304182,340733165,A,0
202100499349300315,042104778,A,0
202121189349300517,237179639,A,1
202131349349303603,520591641,A,1
202131349349303603,520591641,B,1
202131349349303603,520591641,C,1
202001749349300460,221487164,A,1
202001749349300460,221487164,B,1
202001749349300460,221487164,C,1
202001749349300460,221487164,D,1
202100619349301025,350845258,A,true
202100619349301135,231352668,A,1
202100619349301135,231352668,B,1
202100619349301135,231352668,C,1
202111379349303216,042108346,A,0
202121319349302287,941358307,A,1
202121339349304417,630417508,A,1
202121379349308697,941156610,A,0
202101239349300240,060646829,A,true
202101239349300240,060646829,B,true
202101239349300240,060646829,C,true
202101319349303700,951664101,A,1
202043429349300204,610510937,A,0
202043429349300204,610510937,B,0
202043429349300204,610510937,C,0
202011429349301701,391024723,A,0
202011429349301701,391024723,B,0
202131339349303013,131656667,A,true
202131339349303158,911160585,A,1
202011979349302206,362191242,A,0
202100329349301765,231352664,A,1
202100329349301765,231352664,B,1
202120719349300342,566049935,A,1
202141189349300624,231352648,A,1
202141189349300624,231352648,B,1
202101349349307560,516000297,IRS990ScheduleK,A,true
202101349349307560,516000297,IRS990ScheduleK,B,true
202101349349307560,516000297,IRS990ScheduleK,C,true
202101349349307560,516000297,IRS990ScheduleK,D,true
202101349349300305,363377698,A,true
202101349349300305,363377698,B,true
202101349349300305,363377698,C,true
202100479349301520,440545914,A,true
202101359349301585,042103637,A,true
202101359349301585,042103637,B,true
202101359349301585,042103637,C,true
202101059349301415,030179424,A,1
202101059349301415,030179424,B,1
202131379349301683,710246213,RetDoc1053100001,A,0
202131379349301683,710246213,RetDoc1053100001,B,0
202131379349301683,710246213,RetDoc1053100001,C,0
202131379349301683,710246213,RetDoc1053100001,D,0
202101349349301410,314379560,A,true
202121379349310512,941196211,A,1
202121319349302957,626001104,A,1
202121319349302957,626001104,B,1
202121339349304877,840404231,RetDoc1053100001,A,1
202121339349304877,840404231,RetDoc1053100001,B,1
202121339349304877,840404231,RetDoc1053100001,C,1
202121339349304877,840404231,RetDoc1053100001,D,1
202111059349300716,750827421,A,true
202111059349300716,750827421,B,true
202111059349300901,620476666,A,0
202111059349300901,620476666,B,0
202111059349300901,620476666,C,0
202111059349301836,710236897,A,1
202111059349301836,710236897,B,1
202111059349300826,370661211,A,0
202111059349300826,370661211,B,0
202111259349302976,610461768,A,0
202111259349302976,610461768,B,0
202101379349307340,430817015,A,true
202001369349304935,941156599,A,1
202011979349302271,042104700,A,1
202011979349302271,042104700,B,1
202111329349304976,951643389,A,1
202111329349304976,951643389,B,1
202111349349303431,310537516,RetDoc1053100001,A,1
202111349349303431,310537516,RetDoc1053100001,B,1
202111349349303431,310537516,RetDoc1053100001,C,1
202111349349303431,310537516,RetDoc1053100001,D,1
202101009349301000,520591608,A,1
202101029349300605,440552049,A,0
202101029349300640,370661494,A,1
202101029349300640,370661494,B,1
202101029349300640,370661494,C,1
202100729349300425,420707114,A,1
202100729349300425,420707114,B,1
202111179349300541,135562314,A,true
202111179349300541,135562314,B,true
202101119349301235,710239576,A,1
202111349349300221,231352222,A,true
202121269349302567,440562048,A,true
202121269349302567,440562048,B,true
202121269349302567,440562048,C,true
202111349349301751,381374230,A,0
202111349349301766,250965557,RetDoc1053100001,A,0
202111349349301766,250965557,RetDoc1053100001,B,0
202111349349301766,250965557,RetDoc1053100001,C,0
202111349349301766,250965557,RetDoc1053100001,D,0
202110599349300601,150533545,A,false
202110599349300601,150533545,B,false
202141029349300614,540506306,A,0
202111349349304676,590624416,A,1
202121379349307287,560529933,A,0
202043569349300309,381369604,A,1
202043569349300309,381369604,B,1
202043569349300309,381369604,C,1
202131269349301218,141338371,A,0
202131269349301218,141338371,B,0
202131319349300033,820200906,A,1
202141319349303604,951664100,A,1
202141319349303604,951664100,B,1
202140979349300204,160743040,A,1
202140979349300204,160743040,B,1
202140979349300204,160743040,C,1
202111059349300546,410708577,A,0
202131029349301233,350867954,A,1
202131029349301233,350867954,B,1
202121259349300537,381381271,RetDoc1053100001,A,0
202121259349300537,381381271,RetDoc1053100001,B,0
202121259349300537,381381271,RetDoc1053100001,C,0
202121259349300537,381381271,RetDoc1053100001,D,0
202101369349300720,951644026,A,1
202100639349301135,480547846,A,true
202101329349303030,310971599,A,0
202101329349303030,310971599,B,0
202101329349303030,310971599,C,0
202101329349303030,310971599,D,0
202121319349303602,251035663,RetDoc1053100001,A,1
202121319349303602,251035663,RetDoc1053100001,B,1
202121319349303602,251035663,RetDoc1053100001,C,1
202121319349303602,251035663,RetDoc1053100001,D,1
202131319349302763,540506457,A,1
202011349349302801,221529785,A,1
202011349349302801,221529785,B,1
202140439349301209,362177133,A,1
202140439349301209,362177133,B,1
202130989349301508,160743140,IRS990ScheduleK1,A,true
202130989349301508,160743140,IRS990ScheduleK1,B,true
202130989349301508,160743140,IRS990ScheduleK1,C,true
202130989349301508,160743140,IRS990ScheduleK1,D,true
202101039349300305,560532303,IRS990ScheduleK1,A,true
202101039349300305,560532303,IRS990ScheduleK1,B,true
202101039349300305,560532303,IRS990ScheduleK1,C,true
202101039349300305,560532303,IRS990ScheduleK1,D,true
202141169349301269,250964126,A,1
202141169349301269,250964126,B,1
202141169349301269,250964126,C,1
202011979349305996,941196211,A,1
202001049349300805,042620216,A,1
202101049349301335,951643334,A,true
202101049349301335,951643334,B,true
202111349349302326,042104329,A,0
202111349349302326,042104329,B,0
202111349349302276,041081650,IRS990ScheduleK,A,true
202111349349302276,041081650,IRS990ScheduleK,B,true
202111349349302276,041081650,IRS990ScheduleK,C,true
202111349349302276,041081650,IRS990ScheduleK,D,true
202001979349302820,131693134,A,false
202130749349301668,240795495,RetDoc1053100001,A,1
202130749349301668,240795495,RetDoc1053100001,B,1
202130749349301668,240795495,RetDoc1053100001,C,1
202130749349301668,240795495,RetDoc1053100001,D,1
202140749349300639,530196583,R000010,A,1
202140749349300639,530196583,R000010,B,1
202140749349300639,530196583,R000010,C,1
202140749349300639,530196583,R000010,D,1
202101329349301755,951644048,A,true
202111349349301406,131099420,A,true
202101379349302885,570341191,A,false
202101379349308820,581357177,A,1
202131339349305378,841029228,A,1
202111249349300946,420698196,A,1
202111309349302331,131967322,A,true
202111309349302331,131967322,B,true
202111309349302331,131967322,C,true
202111309349302611,630312914,A,true
202111309349302611,630312914,B,true
202111309349302611,630312914,C,true
202111309349302611,630312914,D,true
202111349349304916,580566167,A,true
202111349349304916,580566167,B,true
202111349349304916,580566167,C,true
202111349349304916,580566167,D,true
202111349349305101,135562167,A,true
202001489349300110,580566243,A,false
202001489349300110,580566243,B,false
202001489349300110,580566243,C,false
202001489349300110,580566243,D,false
202033189349307653,550356985,A,1
202121329349300727,210634981,A,true
202121329349300727,210634981,B,true
202121329349300727,210634981,C,true
202121329349300727,210634981,D,true
202100689349300535,590722789,RetDoc1053100001,A,1
202100689349300535,590722789,RetDoc1053100001,B,1
202100689349300535,590722789,RetDoc1053100001,C,1
202100689349300535,590722789,RetDoc1053100001,D,1
202120709349300522,910236600,A,1
202120709349300522,910236600,B,1
202110719349300816,840402707,A,true
202100819349300410,231352641,IRS990ScheduleK,A,true
202100819349300410,231352641,IRS990ScheduleK,B,true
202100569349301865,880435559,A,1
202100569349301865,880435559,B,1
202100569349301865,880435559,C,1
202141049349301484,440567385,A,true
202111109349300931,560530242,A,1
202111109349300931,560530242,B,1
202130219349301608,570352247,A,1
202131359349302593,362174823,A,true
202131359349302593,362174823,B,true
202101339349301725,350868073,A,1
202101339349301725,350868073,B,1
202101339349301725,350868073,C,1
202120819349300867,344431169,A,true
202120819349300867,344431169,B,true
202131379349301308,042103594,A,true
202131379349301308,042103594,B,true
202131379349301308,042103594,C,true
202111339349301746,546039600,A,0
202101049349300925,350868158,A,true
202101049349300925,350868158,B,true
202101049349300925,350868158,C,true
202101379349305700,042104847,IRS990ScheduleK1,A,true
202101379349305700,042104847,IRS990ScheduleK1,B,true
202101379349305700,042104847,IRS990ScheduleK1,C,true
202101379349305700,042104847,IRS990ScheduleK1,D,true
202121209349301917,410693960,R000011,A,0
202121209349301917,410693960,R000011,B,0
202121209349301917,410693960,R000011,C,0
202121209349301917,410693960,R000011,D,0
202011349349301721,610461768,A,false
202011349349301721,610461768,B,false
202023189349308067,480548361,A,0
202121379349301677,240795965,A,1
202121379349301677,240795965,B,1
202121379349301662,131624067,A,true
202121379349301662,131624067,B,true
202121379349301662,131624067,C,true
202121329349301242,640303084,A,false
202001069349301125,910236600,A,1
202001069349301565,750800689,A,true
202001069349301565,750800689,B,true
202001069349301565,750800689,C,true
202001069349301565,750800689,D,true
202120629349300402,231526668,A,1
202101329349303400,042103607,A,1
202101379349311050,550356985,A,1
202121329349300812,020223339,A,0
202021359349303627,910567740,A,true
202021359349303627,910567740,B,true
202021359349303627,910567740,C,true
202041759349301904,951911219,A,1
202041759349301904,951911219,B,1
202130509349300623,390808497,A,1
202130509349300623,390808497,B,1
202141049349301964,741109633,A,true
202141049349301964,741109633,B,true
202141049349301964,741109633,C,true
202111339349302211,941156599,A,1
202111349349306051,050312747,A,1
202111349349306051,050312747,B,1
202111349349306051,050312747,C,1
202101059349301325,410693968,A,0
202101059349301325,410693968,B,0
202141189349300049,341018992,IRS990ScheduleK1,A,true
202141189349300049,341018992,IRS990ScheduleK1,B,true
202141189349300049,341018992,IRS990ScheduleK1,C,true
202141189349300049,341018992,IRS990ScheduleK1,D,true
202121379349303067,951890710,A,0
202121379349303067,951890710,B,0
202121379349303067,951890710,C,0
202121379349303067,951890710,D,0
202101339349302520,941156566,A,true
202101339349302675,470377991,A,1
202101339349302675,470377991,B,1
202101339349302675,470377991,C,1
202011539349301706,910565006,R000011,A,1
202011539349301706,910565006,R000011,B,1
202011539349301706,910565006,R000011,C,1
202011539349300701,350868202,A,true
202011539349300701,350868202,B,true
202101339349305170,041958460,A,1
202101339349305170,041958460,B,1
202101339349305170,041958460,C,1
202121379349301537,560530003,A,true
202121379349301537,560530003,B,true
202023209349301767,410956618,A,1
202023209349301767,410956618,B,1
202023209349301767,410956618,C,1
202101349349302860,250965600,A,false
202101349349302860,250965600,B,false
202101349349302860,250965600,C,false
202121379349301712,041843040,A,true
202013359349300306,020223955,A,0
202013359349300306,020223955,B,0
202013359349300306,020223955,C,0
202013359349300306,020223955,D,0
202131209349301773,314379584,A,true
202031959349301603,042103634,IRS990ScheduleK1,A,true
202031959349301603,042103634,IRS990ScheduleK1,B,true
202031959349301603,042103634,IRS990ScheduleK1,C,true
202031959349301603,042103634,IRS990ScheduleK1,D,true
202031959349302378,210650678,RetDoc1053100001,A,1
202031959349302378,210650678,RetDoc1053100001,B,1
202031959349302378,210650678,RetDoc1053100001,C,1
202031959349302378,210650678,RetDoc1053100001,D,1
202031959349301818,160743088,A,0
202031959349301818,160743088,B,0
202031959349301818,160743088,C,0
202031959349301818,160743088,D,0
202031959349302508,042105777,A,1
202100699349301140,132981115,A,1
202140679349300514,510109178,A,1
202120969349300742,560529982,RetDoc1053100001,A,0
202120969349300742,560529982,RetDoc1053100001,B,0
202120969349300742,560529982,RetDoc1053100001,C,0
202120969349300742,560529982,RetDoc1053100001,D,0
202111259349300541,010271210,RetDoc1053100001,A,1
202111259349300541,010271210,RetDoc1053100001,B,1
202111259349300541,010271210,RetDoc1053100001,C,1
202111259349300541,010271210,RetDoc1053100001,D,1
202121339349302462,132676570,A,true
202121339349302462,132676570,B,true
202121339349302462,132676570,C,true
202121339349302462,132676570,D,true
202131329349301028,111630822,A,true
202131329349301028,111630822,B,true
202031349349300523,141338587,A,1
202031349349300523,141338587,B,1
202031349349300523,141338587,C,1
202141059349301674,420680412,A,1
202141059349301674,420680412,B,1
202141059349301674,420680412,C,1
202111389349300806,590624440,IRS990ScheduleK.1,A,true
202111389349300806,590624440,IRS990ScheduleK.1,B,true
202111389349300806,590624440,IRS990ScheduleK.1,C,true
202111389349300806,590624440,IRS990ScheduleK.1,D,true
202121329349301312,480543728,A,false
202141189349301339,956151774,A,1
202121379349306227,540946734,A,false
202110719349301116,930386972,A,1
202110719349301116,930386972,B,1
202110719349301116,930386972,C,1
202110719349301116,930386972,D,1
202101189349300140,240795460,R000009,A,1
202101189349300140,240795460,R000009,B,1
202101189349300140,240795460,R000009,C,1
202101189349300140,240795460,R000009,D,1
202121379349302547,046130872,A,1
202121379349302547,046130872,B,1
202101339349303185,591157081,A,0
202101339349303185,591157081,B,0
202101279349302660,460224600,A,1
202101329349304515,231353385,A,1
202101329349304515,231353385,B,1
202101379349308285,590624412,A,true
202101379349308285,590624412,B,true
202141379349303894,952261113,A,1
202141379349303894,952261113,B,1
202033219349312913,350892672,A,true
202033219349312913,350892672,B,true
202033219349312913,350892672,C,true
202033219349312913,350892672,D,true
202131339349305438,430652675,A,1
202131339349305438,430652675,B,1
202131339349305438,430652675,C,1
202121329349303672,141338580,A,true
202121329349303672,141338580,B,true
202021709349301722,951644037,IRS990ScheduleK,A,true
202021709349301722,951644037,IRS990ScheduleK,B,true
202021709349301722,951644037,IRS990ScheduleK,C,true
202021709349301722,951644037,IRS990ScheduleK,D,true
202031959349303873,381498763,A,false
202111139349301216,420703280,A,1
202111139349301216,420703280,B,1
202043459349300624,840442429,A,true
202131349349303313,391024723,A,0
202131349349303313,391024723,B,0
202131349349303313,391024723,C,0
202121339349305602,231352213,IRS990ScheduleK,A,true
202121339349305602,231352213,IRS990ScheduleK,B,true
202121339349305602,231352213,IRS990ScheduleK,C,true
202121339349305602,231352213,IRS990ScheduleK,D,true
202011819349300621,042103731,A,1
202011819349300621,042103731,B,1
202011819349300621,042103731,C,1
202130709349300748,952962604,A,1
202013389349300316,480543766,A,true
202111319349302461,950549600,A,1
202111319349302461,950549600,B,1
202121339349302512,200363127,A,true
202121339349302512,200363127,B,true
202101349349301830,133297197,A,true
202101349349301830,133297197,B,true
202101349349301830,133297197,C,true
202101349349301830,133297197,D,true
202140569349300104,520591694,A,1
202120779349300802,710239383,RetDoc1053100001,A,1
202120779349300802,710239383,RetDoc1053100001,B,1
202120779349300802,710239383,RetDoc1053100001,C,1
202120779349300802,710239383,RetDoc1053100001,D,1
202111059349301031,362722198,A,true
202111059349301031,362722198,B,true
202110729349300401,381945965,A,0
202110729349300401,381945965,B,0
202110729349300401,381945965,C,0
202110729349300401,381945965,D,0
202121379349303462,930386908,A,1
202121379349303462,930386908,B,1
202121379349306162,860294012,A,1
202140849349300709,250965430,A,1
202140849349300709,250965430,B,1
202101119349301210,580566143,A,1
202101119349301210,580566143,B,1
202101119349301210,580566143,C,1
202111379349304576,390806325,A,1
202111379349304576,390806325,B,1
202111379349302351,390806261,IRS990ScheduleK,A,true
202111379349302351,390806261,IRS990ScheduleK,B,true
202111379349302351,390806261,IRS990ScheduleK,C,true
202111379349302351,390806261,IRS990ScheduleK,D,true
202011369349305601,990272261,A,0
202001499349300815,381381271,RetDoc1053100001,A,0
202001499349300815,381381271,RetDoc1053100001,B,0
202001499349300815,381381271,RetDoc1053100001,C,0
202001499349300815,381381271,RetDoc1053100001,D,0
202023529349300907,390806297,A,1
202023529349300907,390806297,B,1
202141349349302024,362170866,A,true
202101379349304965,952786163,A,1
202141379349303449,310537177,A,1
202141339349301539,237227990,A,1
202002589349300730,350715530,A,true
202002589349300730,350715530,B,true
202131379349300668,952798775,A,0
202101139349300420,952415066,A,1
202111209349301481,041591060,A,1
202121239349300917,620516509,A,false
202121239349300917,620516509,B,false
202121239349300917,620516509,C,false
202121239349301617,540505906,R000010,A,0
202121239349301617,540505906,R000010,B,0
202121239349301617,540505906,R000010,C,0
202121239349301617,540505906,R000010,D,0
202121309349301457,010211781,R000011,A,1
202121309349301457,010211781,R000011,B,1
202121309349301457,010211781,R000011,C,1
202121309349301457,010211781,R000011,D,1
202121329349304912,132584273,A,0
202101349349302445,362593545,A,true
202101349349302995,430654854,A,0
202021559349300217,111635105,A,true
202033189349313093,131624135,IRS990ScheduleK,A,true
202033189349313093,131624135,IRS990ScheduleK,B,true
202033189349313093,131624135,IRS990ScheduleK,C,true
202111119349301236,470378777,A,0
202111119349301236,470378777,B,0
202101309349300040,041286950,RetDoc1053100001,A,1
202101309349300040,041286950,RetDoc1053100001,B,1
202101309349300040,041286950,RetDoc1053100001,C,1
202101309349300040,041286950,RetDoc1053100001,D,1
202101339349300225,231352665,A,true
202101339349300225,231352665,B,true
202101379349302420,570314422,RetDoc1053100001,A,1
202101379349302420,570314422,RetDoc1053100001,B,1
202101379349302420,570314422,RetDoc1053100001,C,1
202101379349302420,570314422,RetDoc1053100001,D,1
202131319349302913,590624364,A,1
202131319349302913,590624364,B,1
202131319349302913,590624364,C,1
202011359349303716,941156610,A,0
202011359349303556,231352626,A,1
202121209349300422,382015048,A,1
202121209349300422,382015048,B,1
202121209349301452,314379459,RetDoc1053100001,A,0
202121209349301452,314379459,RetDoc1053100001,B,0
202121209349301452,314379459,RetDoc1053100001,C,0
202121209349301452,314379459,RetDoc1053100001,D,0
202121209349301902,730579298,IRS990ScheduleK,A,true
202121209349301902,730579298,IRS990ScheduleK,B,true
202121209349301902,730579298,IRS990ScheduleK,C,true
202121209349301902,730579298,IRS990ScheduleK,D,true
202141349349302049,060646587,A,true
202141349349302049,060646587,B,true
202141349349302049,060646587,C,true
202141349349302049,060646587,D,true
202033529349300218,042104451,A,1
202140479349301719,420681046,A,1
202140479349301719,420681046,B,1
202111339349301461,250967480,A,1
202111339349303411,251114320,A,1
202111339349303411,251114320,B,1
202131209349301758,042103585,RetDoc1053100001,A,1
202131209349301758,042103585,RetDoc1053100001,B,1
202131209349301758,042103585,RetDoc1053100001,C,1
202131209349301758,042103585,RetDoc1053100001,D,1
202111339349304541,231177930,RetDoc1053100001,A,1
202111339349304541,231177930,RetDoc1053100001,B,1
202111339349304541,231177930,RetDoc1053100001,C,1
202111339349304541,231177930,RetDoc1053100001,D,1
202111339349304836,231352632,A,true
202111339349304836,231352632,B,true
202111339349304836,231352632,C,true
202101379349304255,990113930,A,1
202101379349304255,990113930,B,1
202141379349302149,310970262,A,0
202003259349300920,420680323,A,1
202003259349300920,420680323,B,1
202003259349300920,420680323,C,1
202003259349300920,420680323,D,1
202121139349300137,580566212,RetDoc1053100001,A,1
202121139349300137,580566212,RetDoc1053100001,B,1
202121139349300137,580566212,RetDoc1053100001,C,1
202121139349300137,580566212,RetDoc1053100001,D,1
202131319349304033,840402510,RetDoc1053100001,A,0
202131319349304033,840402510,RetDoc1053100001,B,0
202131319349304033,840402510,RetDoc1053100001,C,0
202131319349304033,840402510,RetDoc1053100001,D,0
202011359349302671,132584273,A,0
202011359349302756,950549600,A,true
202011359349302756,950549600,B,true
202140969349301604,520705392,A,false
202013439349300421,370706154,A,0
202013439349300421,370706154,B,0
202013439349300421,370706154,C,0
202013439349300421,370706154,D,0
202101199349301485,390806202,A,1
202121309349301937,581845423,A,0
202121379349304637,390806251,A,true
202121379349304637,390806251,B,true
202121379349304637,390806251,C,true
202121379349304637,390806251,D,true
202121379349304922,350868107,IRS990ScheduleK1,A,true
202121379349304922,350868107,IRS990ScheduleK1,B,true
202121379349304922,350868107,IRS990ScheduleK1,C,true
202121379349304922,350868107,IRS990ScheduleK1,D,true
202140859349300714,237032625,A,false
202140859349300714,237032625,B,false
202101309349301485,042225850,A,1
202141269349301349,231365954,RetDoc1053100001,A,1
202141269349301349,231365954,RetDoc1053100001,B,1
202141269349301349,231365954,RetDoc1053100001,C,1
202141269349301349,231365954,RetDoc1053100001,D,1
202131339349303353,231355135,A,1
202131339349303608,410518750,A,0
202121339349302112,141442493,IRS990ScheduleK,A,true
202121339349302112,141442493,IRS990ScheduleK,B,true
202121339349302112,141442493,IRS990ScheduleK,C,true
202121339349302112,141442493,IRS990ScheduleK,D,true
202101349349303945,111797182,A,1
202101349349303945,111797182,B,1
202101349349303945,111797182,C,1
202101349349304345,430654872,IRS990ScheduleK,A,true
202101349349304345,430654872,IRS990ScheduleK,B,true
202101349349304345,430654872,IRS990ScheduleK,C,true
202101349349304345,430654872,IRS990ScheduleK,D,true
202101349349304385,470376525,A,true
202101349349303530,310538525,A,true
202101349349303530,310538525,B,true
202013219349311446,710236856,A,true
202013219349311446,710236856,B,true
202013219349311446,710236856,C,true
202023209349302157,416011702,RetDoc1053100001,A,1
202023209349302157,416011702,RetDoc1053100001,B,1
202023209349302157,416011702,RetDoc1053100001,C,1
202023209349302157,416011702,RetDoc1053100001,D,1
202141369349300039,592961536,A,1
202141369349302404,314379585,A,1
202141289349300409,930401259,A,0
202141339349305849,951246140,A,1
202141339349305849,951246140,B,1
202141349349303214,341226547,A,false
202141349349303219,111733439,A,true
202101379349309235,630400608,A,true
202101379349309235,630400608,B,true
202101379349309235,630400608,C,true
202141209349301224,550357039,A,0
202141209349301224,550357039,B,0
202141209349301224,550357039,C,0
202141209349301224,550357039,D,0
202121379349305047,741613878,A,true
202121379349305047,741613878,B,true
202121379349305047,741613878,C,true
202011359349303466,150532081,IRS990ScheduleK,A,true
202011359349303466,150532081,IRS990ScheduleK,B,true
202011359349303466,150532081,IRS990ScheduleK,C,true
202011359349303466,150532081,IRS990ScheduleK,D,true
202021559349301312,540505941,A,1
202021559349301312,540505941,B,1
202031369349302833,030220266,A,true
202130939349300408,390806154,A,1
202130939349300408,390806154,B,1
202110979349301576,580633971,A,false
202110979349301576,580633971,B,false
202110979349301576,580633971,C,false
202110989349300701,240795506,A,1
202110989349300701,240795506,B,1
202110989349300701,240795506,C,1
202013209349301061,550643304,990K:1,A,true
202131269349300708,221500483,A,1
202131269349300708,221500483,B,1
202131269349300708,221500483,C,1
202131269349301983,050259080,A,1
202131269349301983,050259080,B,1
202131139349301108,440545813,A,1
202131139349301108,440545813,B,1
202131139349301108,440545813,C,1
202041769349301109,430817015,A,true
202110779349300316,426081293,A,1
202110779349300316,426081293,B,1
202121339349302667,382410852,A,1
202131329349304803,050258932,A,true
202131329349304803,050258932,B,true
202131329349304803,050258932,C,true
202131329349304803,050258932,D,true
202130989349300818,951641455,A,1
202110429349301671,910564993,A,1
202110709349300911,591237047,A,false
202120709349300137,440589787,A,true
202120709349300137,440589787,B,true
202120999349301502,410969244,A,true
202120999349301502,410969244,B,true
202120999349301502,410969244,C,true
202141329349302334,410711610,A,1
202121099349300537,620497990,A,1
202101339349302020,540505940,A,0
202101339349302020,540505940,B,0
202013459349300311,910570848,A,0
202121259349300242,010212542,A,1
202121259349300242,010212542,B,1
202121259349300242,010212542,C,1
202121259349300407,240804602,A,1
202121259349300407,240804602,B,1
202111349349305701,381359083,A,1
202111349349305701,381359083,B,1
202041059349301249,520591623,A,true
202041059349301249,520591623,B,true
202041059349301249,520591623,C,true
202041059349301249,520591623,D,true
202101039349300015,231352621,IRS990ScheduleK,A,true
202101039349300015,231352621,IRS990ScheduleK,B,true
202101039349300015,231352621,IRS990ScheduleK,C,true
202101039349300015,231352621,IRS990ScheduleK,D,true
202131059349301608,560529999,A,0
202131059349301608,560529999,B,0
202131059349301608,560529999,C,0
202121339349301122,250965591,A,1
202121339349301122,250965591,B,1
202121339349301122,250965591,C,1
202110919349300921,750800691,A,false
202130889349300528,410693979,A,1
202130889349300528,410693979,B,1
202130889349300528,410693979,C,1
202110999349300621,951716809,A,1
202110559349300326,042111203,R000010,A,1
202110559349300326,042111203,R000010,B,1
202110559349300326,042111203,R000010,C,1
202110559349300326,042111203,R000010,D,1
202121169349301242,410693970,IRS990ScheduleK1,A,true
202121169349301242,410693970,IRS990ScheduleK1,B,true
202121169349301242,410693970,IRS990ScheduleK1,C,true
202121169349301242,410693970,IRS990ScheduleK1,D,true
202141339349302589,042103567,A,1
202141339349302589,042103567,B,1
202141339349302589,042103567,C,1
202141339349302589,042103567,D,1
202111329349304371,362177139,IRS990ScheduleK1,A,true
202111329349304371,362177139,IRS990ScheduleK1,B,true
202111329349304371,362177139,IRS990ScheduleK1,C,true
202111329349304371,362177139,IRS990ScheduleK1,D,true
202120719349301117,951744369,A,1
202120719349301117,951744369,B,1
202121029349300852,620535755,A,1
202121029349300852,620535755,B,1
202141329349303149,340714334,A,1
202141349349301619,610444695,A,1
202121209349301117,951921340,A,1
202131279349300133,250496976,R000009,A,1
202131279349300133,250496976,R000009,B,1
202131279349300133,250496976,R000009,C,1
202131279349300133,250496976,R000009,D,1
202041429349300149,480543772,A,1
202041429349300149,480543772,B,1
202041429349300509,340868798,A,1
202043189349306254,111631796,A,true
202130409349301268,430356250,A,true
202130409349301268,430356250,B,true
202130569349301313,410695527,A,1
202130569349301313,410695527,B,1
202130569349301313,410695527,C,1
202141379349302079,330413730,A,true
202101339349302700,042133255,A,1
202101339349302700,042133255,B,1
202101339349302700,042133255,C,1
202101339349302740,340714629,A,0
202101339349303090,133508093,A,true
202101339349303090,133508093,B,true
202101379349311410,042104700,A,1
202101379349311410,042104700,B,1
202101379349310500,952544535,A,1
202101379349310500,952544535,B,1
202101379349310500,952544535,C,1
202111349349302956,042103731,A,1
202111349349302956,042103731,B,1
202111349349302956,042103731,C,1
202111349349302991,042271070,A,1
202111349349302991,042271070,B,1
202111349349302991,042271070,C,0
202130639349301303,460283336,A,1
202101329349301005,240772407,A,true
202101329349301005,240772407,B,true
202101329349301005,240772407,C,true
202141109349300604,240795686,RetDoc1053100001,A,1
202141109349300604,240795686,RetDoc1053100001,B,1
202141109349300604,240795686,RetDoc1053100001,C,1
202141109349300604,240795686,RetDoc1053100001,D,1
202033219349305813,221487307,A,1
202041359349302699,231639911,A,1
202041359349304604,952786163,A,1
202131049349301803,750800689,RetDoc10,A,true
202131049349301803,750800689,RetDoc10,B,true
202131049349301803,750800689,RetDoc10,C,true
202131049349301803,750800689,RetDoc10,D,true
202121039349301287,111630830,IRS990ScheduleK,A,true
202121039349301287,111630830,IRS990ScheduleK,B,true
202121039349301287,111630830,IRS990ScheduleK,C,true
202121039349301287,111630830,IRS990ScheduleK,D,true
202100899349300820,480777079,A,true
202100899349300820,480777079,B,true
202100899349300820,480777079,C,true
202100899349300820,480777079,D,true
202023439349301402,590624459,A,true
202023439349301402,590624459,B,true
202023439349301402,590624459,C,true
202111329349304296,540505977,A,true
202111329349304296,540505977,B,true
202111329349304296,540505977,C,true
202100259349300840,420680466,A,1
202100259349300840,420680466,B,1
202111059349301621,042300472,A,true
202111059349301621,042300472,B,true
202111319349303191,042104258,A,1
202041349349301639,131628206,A,true
202021349349300542,540506457,A,1
202111039349300031,250965212,A,1
202111039349300031,250965212,B,1
202100279349300910,450273403,A,1
202111379349310101,570314395,A,1
202111379349310101,570314395,B,1
202111379349310101,570314395,C,1
202101349349304945,050258809,IRS990ScheduleK,A,true
202101349349304945,050258809,IRS990ScheduleK,B,true
202101349349304945,050258809,IRS990ScheduleK,C,true
202101349349304945,050258809,IRS990ScheduleK,D,true
202101349349304970,131624225,A,true
202101349349304970,131624225,B,true
202121379349309257,580566199,A,0
202111379349301111,010263385,A,1
202111379349301111,010263385,B,1
202111379349301111,010263385,C,1
202111379349301111,010263385,D,1
202121049349300612,741193459,RetDoc1053100001,A,0
202121049349300612,741193459,RetDoc1053100001,B,0
202121049349300612,741193459,RetDoc1053100001,C,0
202121049349300612,741193459,RetDoc1053100001,D,0
202141309349301729,131740451,IRS990ScheduleK,A,true
202141309349301729,131740451,IRS990ScheduleK,B,true
202141309349301729,131740451,IRS990ScheduleK,C,true
202141309349301729,131740451,IRS990ScheduleK,D,true
202101169349301465,911036794,A,0
202101169349301465,911036794,B,0
202131309349301143,231352683,IRS990ScheduleK,A,true
202131309349301143,231352683,IRS990ScheduleK,B,true
202131309349301143,231352683,IRS990ScheduleK,C,true
202131309349301143,231352683,IRS990ScheduleK,D,true
202121039349301027,941156628,A,true
202121039349301027,941156628,B,true
202121039349301027,941156628,C,true
202121039349301027,941156628,D,true
202131309349300443,741109620,A,true
202111329349302206,520591658,RetDoc1053100001,A,1
202111329349302206,520591658,RetDoc1053100001,B,1
202111329349302206,520591658,RetDoc1053100001,C,1
202111329349302206,520591658,RetDoc1053100001,D,1
202011269349300021,060646587,A,true
202011269349300021,060646587,B,true
202011269349300021,060646587,C,true
202011269349300021,060646587,D,true
202031279349300443,520591608,A,1
202131329349302853,910567740,A,1
202131329349302853,910567740,B,1
202131329349302853,910567740,C,1
202101349349305050,620475697,R000009,A,1
202101349349305050,620475697,R000009,B,1
202101349349305050,620475697,R000009,C,1
202101349349305050,620475697,R000009,D,1
202120539349300342,350868086,A,true
202141349349301639,520591672,A,1
202141349349301639,520591672,B,1
202141349349302944,020222182,A,1
202141349349302944,020222182,B,1
202141349349302944,020222182,C,1
202111379349307831,042103542,IRS990ScheduleK,A,true
202111379349307831,042103542,IRS990ScheduleK,B,true
202111379349307831,042103542,IRS990ScheduleK,C,true
202111379349307831,042103542,IRS990ScheduleK,D,true
202111379349307636,421315493,A,true
202141379349301414,362167725,A,true
202110919349300121,741109641,IRS990ScheduleK,A,true
202110919349300121,741109641,IRS990ScheduleK,B,true
202110919349300121,741109641,IRS990ScheduleK,C,true
202130889349300418,620475691,A,1
202130889349300418,620475691,B,1
202130889349300418,620475691,C,1
202131379349311003,860186050,A,1
202110679349300531,231365953,A,1
202110679349300531,231365953,B,1
202110679349300531,231365953,C,1
202141329349301919,540525605,R000011,A,1
202141329349301919,540525605,R000011,B,1
202141329349301919,540525605,R000011,C,1
202141329349301919,540525605,R000011,D,1
202131339349302228,133838740,A,true
202131049349301323,750827465,IRS990ScheduleK1,A,true
202131049349301323,750827465,IRS990ScheduleK1,B,true
202131049349301323,750827465,IRS990ScheduleK1,C,true
202131049349301323,750827465,IRS990ScheduleK1,D,true
202140899349300904,730587210,A,0
202111379349301616,020274509,A,true
202111379349301616,020274509,B,true
202111379349301616,020274509,C,true
202111379349301616,020274509,D,true
202141349349307609,042134818,A,1
202131309349301518,362167855,A,0
202131309349301518,362167855,B,0
202131309349301518,362167855,C,1
202131059349300518,362515868,A,1
202131059349300528,042104149,A,1
202131059349300528,042104149,B,1
202131059349300528,042104149,C,1
202110919349300006,741159753,A,true
202110919349300006,741159753,B,true
202110919349300006,741159753,C,true
202110919349300931,250965376,A,0
202110929349300501,251120678,RetDoc1053100001,A,1
202110929349300501,251120678,RetDoc1053100001,B,1
202110929349300501,251120678,RetDoc1053100001,C,1
202110929349300501,251120678,RetDoc1053100001,D,1
202120399349300002,370673506,A,0
202120399349300002,370673506,B,0
202121309349303057,381498763,A,false
202013189349306366,136171197,A,true
202013189349306366,136171197,B,true
202013189349306726,136192377,A,false
202021349349301942,550357039,A,0
202021349349301942,550357039,B,0
202021349349301942,550357039,C,0
202021349349301942,550357039,D,0
202001979349302065,362167817,A,true
202001979349302065,362167817,B,true
202001979349302065,362167817,C,true
202121059349302042,610482955,A,false
202121059349302042,610482955,B,false
202121059349302042,610482955,C,false
202121059349302102,131628149,R000011,A,0
202121059349302102,131628149,R000011,B,0
202121059349302102,131628149,R000011,C,0
202121059349302102,131628149,R000011,D,0
202141349349304219,042103629,RetDoc1053100001,A,1
202141349349304219,042103629,RetDoc1053100001,B,1
202141349349304219,042103629,RetDoc1053100001,C,1
202141349349304219,042103629,RetDoc1053100001,D,1
202141349349304474,231484178,A,0
202141349349304474,231484178,B,0
202141349349304474,231484178,C,0
202141349349304474,231484178,D,0
202141379349304104,060646973,IRS990ScheduleK1,A,true
202141379349304104,060646973,IRS990ScheduleK1,B,true
202141379349304104,060646973,IRS990ScheduleK1,C,true
202141379349304104,060646973,IRS990ScheduleK1,D,true
202101379349301725,251125048,A,1
202101379349301725,251125048,B,1
202101379349301725,251125048,C,1
202101359349301715,951911219,A,1
202130639349301038,042620216,A,1
202130899349300208,410693962,A,1
202130899349300208,410693962,B,1
202130899349300208,410693962,C,1
202130899349300208,410693962,D,1
202141379349304349,050258810,A,true
202141379349304349,050258810,B,true
202141379349304349,050258810,C,true
202121349349300922,250965601,A,1
202141349349305189,314379532,A,true
202141349349305189,314379532,B,true
202141349349305189,314379532,C,true
202111379349307216,131967321,A,1
202111379349307216,131967321,B,1
202111379349307216,131967321,C,1
202043469349300719,620485733,A,1
202043469349300719,620485733,B,0
202043469349300719,620485733,C,0
202140329349301534,610444825,R000008,A,1
202140329349301534,610444825,R000008,B,1
202140329349301534,610444825,R000008,C,1
202140329349301534,610444825,R000008,D,1
202141179349301104,570314380,A,1
202140469349300529,020222120,A,0
202100419349301800,951644593,A,0
202121049349300712,590637903,A,1
202121049349300712,590637903,B,1
202121049349300712,590637903,C,1
202121049349300712,590637903,D,1
202121049349300922,231352688,A,true
202121049349300922,231352688,B,true
202121049349300922,231352688,C,true
202121049349300922,231352688,D,true
202013219349321876,840166760,IRS990ScheduleK,A,true
202013219349321876,840166760,IRS990ScheduleK,B,true
202013219349321876,840166760,IRS990ScheduleK,C,true
202013219349321876,840166760,IRS990ScheduleK,D,true
202100499349301705,391399196,A,0
202100499349301705,391399196,B,0
202100499349301705,391399196,C,0
202043219349313929,586001901,A,0
202130919349301013,560556753,A,1
202130919349301013,560556753,B,1
202101379349301780,150532081,A,true
202101379349301780,150532081,B,true
202101379349301780,150532081,C,true
202101379349301780,150532081,D,true
202141349349302514,590859121,A,true
202141349349302534,050306206,A,1
202141349349302534,050306206,B,1
202141349349302534,050306206,C,1
202141349349302534,050306206,D,1
202141349349304119,530196603,IRS990ScheduleK,A,true
202141349349304119,530196603,IRS990ScheduleK,B,true
202141349349304119,530196603,IRS990ScheduleK,C,true
202141349349304119,530196603,IRS990ScheduleK,D,true
202141349349304944,042105769,A,true
202131029349301318,362167770,A,true
202131029349301318,362167770,B,true
202131029349301318,362167770,C,true
202131349349300323,580593438,A,false
202131349349302513,344428207,A,false
202131349349302513,344428207,B,false
202110649349300541,362170136,A,true
202110649349300541,362170136,B,true
202110649349300541,362170136,C,true
202141119349301514,150532204,A,true
202141119349301514,150532204,B,true
202141119349301514,150532204,C,true
202141119349301514,150532204,D,true
202130299349300108,350868095,A,false
202130299349300108,350868095,B,false
202131339349302713,042103580,IRS990ScheduleK1,A,true
202131339349302713,042103580,IRS990ScheduleK1,B,true
202131339349302713,042103580,IRS990ScheduleK1,C,true
202131339349302713,042103580,IRS990ScheduleK1,D,true
202100859349300205,470376551,A,1
202100859349300205,470376551,B,1
202111039349300626,730579264,A,1
202111039349300626,730579264,B,1
202120569349300747,131624158,RetDoc1053100001,A,1
202120569349300747,131624158,RetDoc1053100001,B,1
202120569349300747,131624158,RetDoc1053100001,C,1
202120569349300747,131624158,RetDoc1053100001,D,1
202141349349305754,060646927,A,true
202141349349305754,060646927,B,true
202141349349305754,060646927,C,true
202141349349305754,060646927,D,true
202141349349305809,150532200,A,1
202141349349305809,150532200,B,1
202141349349305809,150532200,C,1
202101259349302465,363108821,A,false
202141249349302214,050277222,R000009,A,1
202141249349302214,050277222,R000009,B,1
202141249349302214,050277222,R000009,C,1
202141249349302214,050277222,R000009,D,1
202121059349300347,141338562,A,0
202121059349300347,141338562,B,0
202121059349300347,141338562,C,0
202121059349300347,141338562,D,0
202140139349301024,570474291,A,1
202140139349301024,570474291,B,1
202141379349304144,510197108,A,true
202141349349305804,570324915,A,1
202111369349300016,160805158,A,1
202111369349300016,160805158,B,1
202111349349304376,370661496,A,1
202111349349304376,370661496,B,1
202101029349300235,741109748,A,0
202101029349300235,741109748,B,0
202101029349300235,741109748,C,0
202101029349300875,141338498,A,true
202101309349302520,050258956,A,1
202101309349302520,050258956,B,1
202101309349302520,050258956,C,1
202101309349302520,050258956,D,1
202131379349305923,440546278,A,true
202100919349300005,390477970,A,1
202120859349301017,231657958,A,1
202120859349301017,231657958,B,1
202130119349300418,131916574,A,1
202121259349302907,042121659,IRS990ScheduleK,A,true
202121259349302907,042121659,IRS990ScheduleK,B,true
202121259349302907,042121659,IRS990ScheduleK,C,true
202121259349302907,042121659,IRS990ScheduleK,D,true
202023499349301557,580685908,A,1
202101059349301235,042103545,IRS990ScheduleK,A,true
202101059349301235,042103545,IRS990ScheduleK,B,true
202101059349301235,042103545,IRS990ScheduleK,C,true
202101059349301235,042103545,IRS990ScheduleK,D,true
202101059349300530,560529953,A,0
202111029349300306,590624401,A,1
202111029349300306,590624401,B,1
202130689349301133,231352698,A,1
202130689349301133,231352698,B,1
202130689349301133,231352698,C,1
202130689349301133,231352698,D,1
202121059349301507,420680408,A,1
202013219349304316,470385129,A,1
202013219349304316,470385129,B,1
202013219349304316,470385129,C,1
202130689349300738,560532296,A,true
202130689349300738,560532296,B,true
202130689349300738,560532296,C,true
202141249349300344,141338587,A,1
202141249349300344,141338587,B,1
202141249349300344,141338587,C,1
202101209349300445,381366958,RetDoc1053100001,A,1
202101209349300445,381366958,RetDoc1053100001,B,1
202101209349300445,381366958,RetDoc1053100001,C,1
202101209349300445,381366958,RetDoc1053100001,D,1
202101379349302350,480543729,A,true
202141349349307354,410698301,RetDoc1053100001,A,1
202141349349307354,410698301,RetDoc1053100001,B,1
202141349349307354,410698301,RetDoc1053100001,C,1
202141349349307354,410698301,RetDoc1053100001,D,1
202140439349302219,250965603,RetDoc1053100001,A,1
202140439349302219,250965603,RetDoc1053100001,B,1
202140439349302219,250965603,RetDoc1053100001,C,1
202140439349302219,250965603,RetDoc1053100001,D,1
202110439349300041,222586208,R000009,A,1
202110439349300041,222586208,R000009,B,1
202110439349300041,222586208,R000009,C,1
202110439349300041,222586208,R000009,D,1
202110439349302161,350868181,A,0
202110439349302161,350868181,B,0
202110439349302161,350868181,C,0
202110439349302161,350868181,D,0
202111029349300931,560529940,A,true
202111029349300931,560529940,B,true
202131349349306708,750859668,A,1
202131349349306708,750859668,B,1
202131349349306708,750859668,C,1
202131379349306978,250965438,A,1
202131379349306978,250965438,B,1
202141349349303919,135645885,RetDoc1053100001,A,1
202141349349303919,135645885,RetDoc1053100001,B,1
202141349349303919,135645885,RetDoc1053100001,C,1
202141349349303919,135645885,RetDoc1053100001,D,1
202141349349305504,231352651,IRS990ScheduleK,A,true
202141349349305504,231352651,IRS990ScheduleK,B,true
202141349349305504,231352651,IRS990ScheduleK,C,true
202141349349305504,231352651,IRS990ScheduleK,D,true
202001349349300005,520591421,A,1
202001349349300005,520591421,B,1
202120859349301317,231522643,A,1
202120859349301317,231522643,B,1
202120859349301342,951643992,A,true
202120859349301342,951643992,B,true
202120859349301342,951643992,C,true
202043219349317209,160960470,RetDoc1053100001,A,1
202043219349317209,160960470,RetDoc1053100001,B,1
202043219349317209,160960470,RetDoc1053100001,C,1
202043219349317209,160960470,RetDoc1053100001,D,1
202111309349300906,042108376,A,true
202111309349300906,042108376,B,true
202111309349300906,042108376,C,true
202130979349301583,141468399,A,false
202130979349301583,141468399,B,false
202130979349301583,141468399,C,false
202111029349300521,020263136,A,1
202140539349300109,741143128,A,false
202140539349300109,741143128,B,false
202140539349300109,741143128,C,false
202023209349300647,550525724,A,true
202023209349300647,550525724,B,true
202023209349300647,550525724,C,true
202141359349302184,141338309,A,1
202003599349300405,410695509,A,1
202131349349306003,231352635,A,1
202131349349306003,231352635,B,1
202131349349306003,231352635,C,1
202131349349305293,060776644,A,1
202131349349305293,060776644,B,1
202141369349300444,810235407,A,0
202141369349300444,810235407,B,0
202001329349300900,720467515,A,0
202001329349300900,720467515,B,0
202021339349301532,420680387,A,1
202021339349301532,420680387,B,1
202021339349301532,420680387,C,1
202130549349300848,362166964,A,true
202130549349300848,362166964,B,true
202130989349300548,750926755,A,false
202101319349302330,362387148,A,true
202111099349301261,240795445,A,true
202111099349301261,240795445,B,true
202111099349301261,240795445,C,true
202111099349301261,240795445,D,true
202110089349300206,350868101,A,false
202110719349300331,240795406,A,1
202110719349300331,240795406,B,1
202111049349301466,231639911,A,1
202111049349301761,951684793,A,1
202111049349301846,420680351,A,1
202111049349302101,430662529,A,true
202111049349302101,430662529,B,true
202111059349300906,042199867,A,true
202111059349300906,042199867,B,true
202111059349300906,042199867,C,true
202111059349300906,042199867,D,true
202120909349300717,990272261,A,0
202120629349300717,410693977,A,1
202121269349302507,150532082,IRS990ScheduleK,A,true
202121269349302507,150532082,IRS990ScheduleK,B,true
202121269349302507,150532082,IRS990ScheduleK,C,true
202121269349302507,150532082,IRS990ScheduleK,D,true
202101379349306360,430652617,A,0
202101379349306360,430652617,B,0
202101379349304775,231352256,A,1
202131349349306348,370661219,A,1
202131349349306348,370661219,B,1
202101339349304540,231352626,A,1
202121379349300942,540505941,A,1
202121379349300942,540505941,B,1
202101379349304520,430670936,A,1
202130719349300243,381358014,A,1
202130999349301753,910565571,A,1
202130999349301753,910565571,B,1
202001059349300045,420680351,A,1
202141309349301104,470376583,A,1
202141309349301104,470376583,B,1
202141309349301104,470376583,C,1
202141049349301704,480547702,A,true
202003189349307045,370661223,A,1
202020789349301212,710239383,RetDoc1053100001,A,1
202020789349301212,710239383,RetDoc1053100001,B,1
202020789349301212,710239383,RetDoc1053100001,C,1
202020789349301212,710239383,RetDoc1053100001,D,1
202131339349302018,237225104,A,1
202131339349302018,237225104,B,1
202131339349300608,361557840,A,0
202131339349300608,361557840,B,0
202012559349301521,741180155,A,1
202012559349301521,741180155,B,1
202012559349301521,741180155,C,1
202012559349301521,741180155,D,1
202110719349301221,741400699,A,0
202000979349300510,160743989,A,1
202000979349300510,160743989,B,1
202101269349300810,061519057,A,1
202101269349300810,061519057,B,1
202101269349300810,061519057,C,1
202043219349309774,430471057,A,true
202043219349309774,430471057,B,true
202041339349301014,390806325,A,1
202041339349301014,390806325,B,1
202041339349301139,340714654,A,0
202041339349301139,340714654,B,0
202041339349301139,340714654,C,0
202041339349301139,340714654,D,0
202140649349300604,340714626,A,0
202120689349300527,420680460,A,1
202120689349300527,420680460,B,1
202120689349300527,420680460,C,1
202041049349300909,231352668,A,true
202041049349300909,231352668,B,true
202041049349300909,231352668,C,true
202011029349300011,952501387,A,true
202011029349300011,952501387,B,true
202131169349300503,231365966,A,1
202121329349301897,231653718,RetDoc1053100001,A,1
202121329349301897,231653718,RetDoc1053100001,B,1
202121329349301897,231653718,RetDoc1053100001,C,1
202121329349301897,231653718,RetDoc1053100001,D,1
202131029349301403,590624458,A,1
202131029349301403,590624458,B,1
202131029349301403,590624458,C,1
202131029349301403,590624458,D,1
202111259349302936,042103865,A,1
202110569349302206,420686467,A,1
202141029349301504,952501387,A,1
202141029349301504,952501387,B,1
202111049349300041,420680389,A,1
202111049349300406,620465076,A,false
202111049349300406,620465076,B,false
202121349349304857,370661228,A,1
202121349349304857,370661228,B,1
202140569349301144,251900793,A,false
202140569349301144,251900793,B,false
202140569349301144,251900793,C,false
202140569349301144,251900793,D,false
202110479349301356,460280847,A,0
202110479349301356,460280847,B,0
202141379349308434,390806263,A,1
202141379349307979,131740468,A,1
202022899349301562,410696906,A,1
202020789349300907,480777079,IRS990ScheduleK,A,true
202020789349300907,480777079,IRS990ScheduleK,B,true
202020789349300907,480777079,IRS990ScheduleK,C,true
202020789349300907,480777079,IRS990ScheduleK,D,true
202031069349300608,420680389,A,1
202021069349300517,440567385,A,true
202021069349300547,141423161,A,1
202021069349300547,141423161,B,1
202121329349301942,060761704,A,true
202121329349301942,060761704,B,true
202121329349302767,042103634,IRS990ScheduleK1,A,true
202121329349302767,042103634,IRS990ScheduleK1,B,true
202121329349302767,042103634,IRS990ScheduleK1,C,true
202121329349302767,042103634,IRS990ScheduleK1,D,true
202121329349303862,042321292,A,0
202041359349301314,041286950,IRS990ScheduleK,A,true
202041359349301314,041286950,IRS990ScheduleK,B,true
202041359349301314,041286950,IRS990ScheduleK,C,true
202041359349301314,041286950,IRS990ScheduleK,D,true
202120119349300012,410694721,RetDoc1053100001,A,1
202120119349300012,410694721,RetDoc1053100001,B,1
202120119349300012,410694721,RetDoc1053100001,C,1
202120119349300012,410694721,RetDoc1053100001,D,1
202001049349300870,730579298,IRS990ScheduleK,A,true
202001049349300870,730579298,IRS990ScheduleK,B,true
202001049349300870,730579298,IRS990ScheduleK,C,true
202001049349300870,730579298,IRS990ScheduleK,D,true
202041139349301224,541031437,A,1
202101349349306700,010215213,A,true
202101349349306700,010215213,B,true
202101349349306700,010215213,C,true
202041059349300024,141338562,A,0
202041059349300024,141338562,B,0
202041059349300024,141338562,C,0
202041059349300024,141338562,D,0
202111339349300236,251801532,A,1
202111339349300236,251801532,B,1
202141379349306009,231352630,RetDoc1053100001,A,1
202141379349306009,231352630,RetDoc1053100001,B,1
202141379349306009,231352630,RetDoc1053100001,C,1
202141379349306009,231352630,RetDoc1053100001,D,1
202141379349309774,630288878,A,false
202100829349300800,050470320,A,0
202100829349300800,050470320,B,0
202100889349300775,751081109,A,true
202131049349300713,630288841,A,0
202041059349301119,370661211,A,0
202041059349301119,370661211,B,0
202041059349301829,042104149,A,1
202041059349301829,042104149,B,1
202041059349301829,042104149,C,1
202021079349301102,750800653,A,1
202021079349301102,750800653,B,1
202013199349301026,150533577,A,1
202100899349300710,340714818,A,1
202001059349301225,560529953,A,0
202110789349301101,236002304,A,1
202110789349301101,236002304,B,1
202110789349301101,236002304,C,1
202120839349300512,390821861,A,1
202111339349303986,560657294,A,0
202111339349303986,560657294,B,0
202042869349301824,596605703,A,1
202131259349302058,042104229,RetDoc1053100001,A,1
202131259349302058,042104229,RetDoc1053100001,B,1
202131259349302058,042104229,RetDoc1053100001,C,1
202131259349302058,042104229,RetDoc1053100001,D,1
202131379349302903,580566243,A,1
202131379349302903,580566243,B,1
202131379349302903,580566243,C,1
202131379349304143,221508627,A
202131379349304143,221508627,B,true
202131379349304143,221508627,C,true
202021479349301327,060776644,A,1
202021479349301327,060776644,B,1
202121319349302812,381367080,A,false
202131379349307783,741180151,A,0
202131379349307783,741180151,B,0
202001269349301960,042104229,RetDoc1053100001,A,1
202001269349301960,042104229,RetDoc1053100001,B,1
202001269349301960,042104229,RetDoc1053100001,C,1
202001269349301960,042104229,RetDoc1053100001,D,1
202100889349300615,340714687,A,true
202100889349300615,340714687,B,true
202100419349301305,540505945,A,0
202001369349304135,042104847,IRS990ScheduleK1,A,true
202001369349304135,042104847,IRS990ScheduleK1,B,true
202001369349304135,042104847,IRS990ScheduleK1,C,true
202001369349304135,042104847,IRS990ScheduleK1,D,true
202140159349300234,660177776,A,1
202140159349300234,660177776,B,1
202140159349300234,660177776,C,1
202130849349301653,350868096,A,true
202130849349301653,350868096,B,true
202021979349300347,750800691,A,false
202021979349300347,750800691,B,false
202030609349300108,231352698,IRS990ScheduleK,A,true
202030609349300108,231352698,IRS990ScheduleK,B,true
202030609349300108,231352698,IRS990ScheduleK,C,true
202030609349300108,231352698,IRS990ScheduleK,D,true
