object_id,ein,Dsc,BkVlAmt
201923169349301547,340714585,OTHER ASSETS,209586611
201923169349301547,340714585,PERPETUAL & BENEFICIAL TRUSTS,42425011
201923169349301547,340714585,INVESTMENT IN AFFILIATES,228762964
201923169349301547,340714585,DUE FROM AFFILIATES,502452414
201903199349311455,111635088,INSURANCE CLAIMS RECEIVABLE,57660058
201903199349311455,111635088,DUE FROM RELATED PARTIES,8979000
201903199349311455,111635088,OTHER RECEIVABLES - CURRENT,2599871
201903199349311455,111635088,457B FUNDS,81211
201933199349313523,953797687,GEM COLLECTIONS,32865218
201933199349313523,953797687,INVESTMENTS IN SUBSIDIARIES,26937773
201933199349313523,953797687,OTHER ASSETS,625508
201933199349307538,710236856,INVESTMENT UNCONSOL SUBS,2604541
201933199349307538,710236856,OTHER ASSETS,6115287
201933199349307538,710236856,ADVANCE TO AFFILIATES,281332705
201933199349307538,710236856,INVESTMENT IN AFFILIATES,972434
201933199349307538,710236856,INTERNALLY DESIGNATED FUNDS,6051565
201933199349307538,710236856,INDENTURED FUNDS,24596827
201933199349307538,710236856,INTEREST IN AFFILIATE,1437291
201933199349307538,710236856,CAPITAL IMPROVEMENT INVESTMENT,337483099
201943199349302004,160743102,ASSETS LIMITED AS TO USE,41575911
201943199349302004,160743102,OTHER ASSETS,5610176
201943169349302724,541547408,DUE FROM AFFILIATES,4545580
201943169349302724,541547408,INVESTMENT IN AFFILIATES,98288467
201912889349300246,344429091,CHARITABLE REMAINDER TRUSTS,1197139
201912889349300246,344429091,INTEREST IN PERPETUAL TRUSTS,15294521
201912889349300246,344429091,INTEREST IN REMAINDER TRUSTS,3156008
201912889349300246,344429091,OTHER RECEIVABLES,1885448
201912889349300246,344429091,"CASH, RESTRICTED ASSETS",5292008
201912889349300246,344429091,LAND HELD FOR SALE,61245
201912889349300246,344429091,CASH SURRENDER VALUE,868642
201913519349300816,750827421,Perpetual trusts held by others,515290
201923439349300977,660380485,PRBC FOUNDATION USA,77726
202020319349300222,620485733,LIFE INSURANCE POLICIES,2165608
202020319349300222,620485733,CASH FROM BOND PROCEEDS RESTRICTED FOR CAPITAL PROJECTS,37766193
202020319349300222,620485733,OPERATING LEASE RIGHT-OF-USE ASSETS,9377414
202020319349300222,620485733,FINANCE LEASE RIGHT-OF-USE ASSETS,32651176
201943189349303504,131624135,INSURANCE CLAIMS RECEIVABLE,75879768
201943189349303504,131624135,"INT IN HSS FUND, INC.-FASB 136",60604181
201943189349303504,131624135,DUE FROM AFFILIATES -MRKT SEC.,20184175
201943189349303504,131624135,457B DEFERRED COMP PLAN ASSETS,11390243
201943189349303504,131624135,DUE FROM AFFILIATES - NET,8902822
201943189349303504,131624135,INT - HSS FLORIDA PHYSICIA LLC,5485620
201943189349303504,131624135,INVESTMENT IN PALM BEACH ASC,1619535
201943189349303504,131624135,TI RECEIVABLE WESTCHESTER - LT,1406250
201943189349303504,131624135,INVESTMENT IN SUTTON HOUSE,820000
201943189349303504,131624135,INVESTMENT IN HS2,92198
201943189349303504,131624135,"GPA HOLDINGS, LLC",46169
201943189349303504,131624135,INT - HSS WESTSIDE ASC LLC,-107062
201943189349303504,131624135,INT - HSS ASC OF MANHATTAN LLC,-542187
202041419349301659,951699394,Beneficial Interest in Perpetual Trusts,4129182
202041419349301659,951699394,Interest in Investments of Financially Interrelated Entity,17879393
202041419349301659,951699394,Interest in Net Assets of Financially Interrelated Entity,30099223
201923189349309482,113350641,SECURITY DEPOSITS,118541
202031369349300313,560623936,BENEFICIAL INTEREST IN PERPETUAL TRUSTS,7483439
202031369349300313,560623936,CASH VALUE OF LIFE INSURANCE,360581
202031369349300313,560623936,OTHER ASSETS,1046681
201913199349319751,541954969,DUE FROM MAVI,274462
201913199349319751,541954969,OTHER ASSETS,40482
202021409349300347,362181973,DUE FROM RELATED ORGANIZATION,21561731
202021409349300347,362181973,ASSETS HELD IN TRUST,12821683
201933199349313713,660258919,CASH-RESTRICTED,4105284
201933199349313713,660258919,ESTIMATED THIRD-PARTY PAYOR SETTLEME,1654577
201933199349313713,660258919,DUE FROM RELATED ORGANIZATIONS,308035
201943199349301934,210634484,ORGANIZATIONS,90934923
201943199349301934,210634484,RECEIVABLE,11668830
201943199349301934,210634484,OTHER RECEIVABLES,2962623
201943199349301934,210634484,OTHER ASSETS,153037
202020599349301402,956001907,Future interest in split agreement,3546242
202020599349301402,956001907,Asset held for sale,396500
202020599349301402,956001907,Asset held for investment,3217961
202041979349301799,510067938,EBRIGHT,132241
202041979349301799,510067938,EQUITY IN BEEBE PHYS. NETWORK,4665281
202041979349301799,510067938,INT IN FDN. UNRESTR NET ASSETS,4020708
202041979349301799,510067938,INT IN FDN. RESTRICT NET ASSET,33529282
202041979349301799,510067938,TEMPORARILY RESTRICTED FUNDS,681250
202041979349301799,510067938,PERMANENTLY RESTRICTED FUNDS,326784
202041979349301799,510067938,WORK COMP & MALP INSURANCE,4663403
202041979349301799,510067938,LAND HELD FOR FUTURE SALE,1838339
202041979349301799,510067938,PREMIER + DUES FROM FOUNDATION,5063208
201943179349302574,390830664,DUE FROM AFFILIATES,345569248
201943199349310439,840166760,TAMMEN TRUST,41279296
201943199349310439,840166760,MISC. RECEIVABLES,25430392
201943199349310439,840166760,SELF INSURANCE TRUST LT REC.,7425000
201943199349310439,840166760,INTERCOMPANY OTHER AFFILIATES,7323118
201943199349310439,840166760,457 ASSETS,6226653
201943199349310439,840166760,OTHER NON CURRENT ASSETS,4391508
201943199349310439,840166760,ENTERO TRACK NOTE RECEIVABLE,1556383
202010419349301021,581126894,SECURITY DEPOSITS,103147
202010419349301021,581126894,LOANS TO OFFICERS
202040639349300924,841337452,SECURITY DEPOSIT,6250
201903189349302870,454620000,INTANGIBLES,15883104
201903189349302870,454620000,DUE FROM RELATED PARTY,407
202011269349302156,480547702,CASH VALUE OF LIFE INSURANCE,269359
202011269349302156,480547702,ART,750
202011269349302156,480547702,OTHER ASSETS,202858
202011269349302156,480547702,INTEREST IN PERPETUAL TRUST,6732236
202011269349302156,480547702,MINERAL INTERESTS,243203
202021619349300027,710240352,MISCELLANEOUS RECEIVABLES,51589
202021619349300027,710240352,EXCHANGE ACCOUNT,949808
202021619349300027,710240352,LAND FOR FUTURE DEVELOPMENT,5242921
202021619349300027,710240352,INVESTMENT IN FORT SMITH EMS,1227613
202021619349300027,710240352,INVESTMENT IN SATELLITE,22595552
202021619349300027,710240352,NON CURRENT DEFERRED EXPENSE,33000
202021619349300027,710240352,DUE FROM AFFILIATES,12608292
202021619349300027,710240352,RENTAL SPACE,2930
202031699349301613,390806428,CONTRIBUTION RECEIVABLE FROM REMAINDER TRUSTS,714201
202031699349301613,390806428,BENEFICIAL INTEREST IN PERPETUAL TRUST,2386254
202031699349301613,390806428,DEPOSITS HELD BY TRUSTEE,29497
202031699349301613,390806428,SPLIT INTEREST AGREEMENTS,895205
202040849349300734,410695524,Construction in Progress,41230588
202040849349300734,410695524,Other Receivables,390294
202040849349300734,410695524,Endowment Investment Sale Receivable,366239
202031479349300958,050258956,INVESTMENT IN AFFILIATE,5200000
202031479349300958,050258956,PLANNED GIVING,1630062
202031479349300958,050258956,OTHER INVESTMENTS,1166468
202031479349300958,050258956,FUNDS HELD IN TRUST,44873063
202010209349300716,750851900,INSURANCE RECEIVABLE,2098333
202010209349300716,750851900,MINERAL INTERESTS,42214482
202010209349300716,750851900,OTHER INVESTMENTS,5777111
202010209349300716,750851900,ASSETS HELD BY EXTERNAL TRUSTEES,2636041
202001969349303715,440556862,BENEFICIAL INTEREST IN TRUSTS,160619670
202001969349303715,440556862,LIFE INSURANCE,196893
202002189349301325,030179299,CAPITAL IMPROVEMENT ESCROW,607367
202002189349301325,030179299,DEBT ISSUANCE COSTS,456820
202002189349301325,030179299,KILLINGTON CIP
202002189349301325,030179299,PRESSURE RELIEF VALVE PHASE 1
202002189349301325,030179299,Rounding,2
202030099349300123,344428207,REAL ESTATE,1559738
202030099349300123,344428207,CASH VALUE OF LIFE INSURANCE,454735
202030099349300123,344428207,BENEFICIAL INTEREST IN TRUSTS,5261150
202030569349300228,316064854,BENEFICIAL INTEREST IN TRUSTS,197207
201913199349311456,752765566,LT DUE FROM AFFILIATES,101720261
201913199349311456,752765566,OTHER RECEIVABLES,1141365
201913199349311456,752765566,ASSETS HELD IN TRUST,347723
202011839349300836,520591667,DUE FROM AFFILIATES,0
202011839349300836,520591667,SELF INSURANCE TRUST,11214103
202011839349300836,520591667,CONSTRUCTION FUNDS,1931000
202011839349300836,520591667,OTHER ASSETS,8178164
202011839349300836,520591667,COLLATERALIZED DEBT INV POOL,1720723
202011839349300836,520591667,OTHER ACCOUNT RECEIVABLES,2835020
202011839349300836,520591667,DONOR RESTRICTED FUNDS,530685
202011839349300836,520591667,OTHER ASSETS OF LIMITED USE,497496
202011839349300836,520591667,DEFERRED FINANCING COSTS,148227
202031989349301508,550561496,ACCOUNTS RECEIVABLE - RELATED PARTY,943572
202031989349301508,550561496,ACCOUNTS RECEIVABLE - NONCURRENT,308347
202031989349301508,550561496,RESTRICTED CASH,84408
202011969349301346,030179419,ACCRUED INTEREST,36078
202011969349301346,030179419,OTHER RECEIVABLE,300723
202030879349300438,430653369,DEPOSITS HELD WITH TRUSTEES,15939824
202041009349300524,231352652,BOND ISSUANCE COSTS,571423
202041009349300524,231352652,CASH SURRENDER VALUE OF LIFE INSURANCE,5803769
202041009349300524,231352652,FUNDS HELD IN TRUSTS BY OTHERS,4101054
202041009349300524,231352652,COLLECTIONS,1656432
202011069349301111,231352615,ASSETS HELD IN TRUST BY OTHERS,11570492
202011069349301111,231352615,OTHER RECEIVABLES,345498
202011069349301111,231352615,OTHER ASSETS,50749
202011069349301111,231352615,DUE FROM ALBRIGHT COLLEGE COSTA RICA,160751
202011069349301111,231352615,DEPOSITS HELD BY BOND TRUSTEES,2788084
201913519349300021,510205293,DEPOSITS,552
201913519349300021,510205293,INTELLECTUAL PROPERTY,1208580
201913519349300021,510205293,CONSTRUCTION IN PROGRESS,258804
202011369349303136,920158414,DEFERRRED OUTFLOWS (GASB 68 & 75),2344233
202031429349300148,930386892,DEPOSITS WITH BOND TRUSTEE,4650579
202031429349300148,930386892,FUNDS HELD IN TRUST BY OTHERS,24521409
202012249349301701,720535375,CSV OF EXEC/KEY LIFE INSURANCE,469795
202012249349301701,720535375,DUE FROM RELATED PARTY,358130023
202021439349300927,221890880,WORKS OF ART,80337
202021439349300927,221890880,GOODWILL,16107
202020519349301127,231409675,Beneficial interest in perpetual trusts,1005213
202020519349301127,231409675,Due from Collegiate Housing Foundation,631609
202020519349301127,231409675,Beneficial interest in remainder trusts,127479
202020519349301127,231409675,Assets held for sale,9103964
202012279349300726,010238552,AR under reimbursement regulations,91691648
202012279349300726,010238552,Other assets,16017250
202012279349300726,010238552,Due from affiliates,32980361
202012279349300726,010238552,Charitable remainder trust,578000
202012279349300726,010238552,Prepaid capital costs,158564324
202012279349300726,010238552,Escrow of debt service,7455920
202012279349300836,060646844,INTERCOMPANY RECEIVABLES,46470526
202012279349300836,060646844,INVESTMENT IN AFFILIATES,14347079
202012279349300836,060646844,REINSURANCE RECOVERY,12962290
201913179349303056,150532245,GRANT AND TUITION RECEIVABLES,3990017
201913179349303056,150532245,ASSETS WHOSE USE IS LIMITED- BOND FUNDS,1447120
201913179349303056,150532245,INTEREST IN NET ASSETS OF SEMC FOUNDATION,4572884
201913179349303056,150532245,INVESTMENTS RESTRICTED BY DONORS,1460315
201933199349310943,160960470,INTEREST IN NET ASSETS OF CROUSE HEALTH FOUNDATION,28844964
201933199349310943,160960470,ASSETS WHOSE USE IS LIMITED,29110897
201933199349310943,160960470,FUNDS HELD IN TRUST BY OTHERS,1367654
201933199349310943,160960470,BCBS ADVANCE,308077
202041979349304134,570314395,EQUITY INTEREST HOLLINGSWORTH FUNDS,157132900
202041979349304134,570314395,FUNDS HELD IN TRUST BY OTHERS,4820309
202041979349304134,570314395,OTHER ASSETS,2273612
202020329349300002,132619665,DUE FROM AFFILIATE,29651
202022119349300002,222472997,ASSETS WHOSE USE IS LIMITED,61800670
202022119349300002,222472997,INVESTMENT IN JOINT VENTURES,783066
202022119349300002,222472997,SECURITY DEPOSITS,382227
202022119349300002,222472997,MALPRACTICE INSURANCE RESERVES,2393572
202022119349300002,222472997,DUE FROM THIRD PARTY PAYORS,8552886
202040769349300514,250979377,WORKERS COMP REV TRUST,757427
202030729349300008,660537875,Utility deposits,15500
202020459349300222,430652667,Other,217137
202020459349300222,430652667,Beneficial interests in trusts held by others,27837710
202020459349300222,430652667,Perpetual trusts held by third party trustees,9475012
202020459349300222,430652667,Equity interest in foreign support foundation,42705904
202020459349300222,430652667,Lease receivable,2101400
202012279349300331,237135915,CD'S MATURITIES OF MORE THAN 1YR,9686216
202012279349300331,237135915,CAPITAL CREDITS RECEIVABLE,1192304
202041819349301034,610447250,INTEREST IN PERPETUAL TRUST,694848
202012309349300816,381948285,INTERFUND,1364553
202012309349300816,381948285,OTHER ASSETS,30650
202040639349300814,746066216,Radio Broadcast Licenses,722054
202011279349301306,042103852,LIFE INSURANCE - CASH VALUE,2027446
202011279349301306,042103852,MISC. RECEIVABLES,6207
202011279349301306,042103852,SECURITY DEPOSITS,23167
202011279349301306,042103852,INSOLVENCY FUND,100000
202011279349301306,042103852,INTRA-GROUP RECEIVABLE,15413699
202032239349301418,330499514,OTHER RECEIVABLES,63247
202032239349301418,330499514,Related Party Receivable,1195035
202032239349301418,330499514,SECURITY DEPOSITS,30000
202002139349301310,650000627,OFFICER LIFE INSURANCE CONTRACTS- NET CVS,84880
202002139349301310,650000627,DEPOSITS,165054
202002139349301310,650000627,"GOODWILL, NET OF AMORTIZATION",1032464
201933189349310983,741180155,DUE FROM AFFILIATES,856906615
201933189349310983,741180155,CONSTRUCTION IN PROGRESS,175723028
201933189349310983,741180155,DEPOSITS AND MISCELLANEOUS RECEIVABLES,6182791
201943199349304464,112626155,OTHER LONG TERM ASSET,15130352
201943199349304464,112626155,HEALTHFIRST RETAINED PAYMENTS,17638561
201943199349304464,112626155,SECURITY DEPOSITS,444760
202010919349300816,860561847,RESTRICTED CASH,3296318
202010919349300816,860561847,DUE FROM RELATED PARTIES,2054707
202010919349300816,860561847,DEPOSITS,45318
202020919349300502,231352641,FUNDS HELD IN TRUST BY OTHERS,36286907
201933189349305173,112673595,INTEREST IN NWH FOUNDATION,83987745
201933189349305173,112673595,INSURANCE CLAIMS RECEIVABLE,356676
201933189349305173,112673595,OTHER,300000
201933189349305173,112673595,DUE FROM AFFILIATE,1552785
201933179349302913,141338428,INTEREST IN NET ASSETS OF FOUNDATION,13945923
201933179349302913,141338428,MISCELLANEOUS RECEIVABLES,3226702
201933179349302913,141338428,THIRD PARTY REIMBURSEMENT,1153347
201933179349302913,141338428,DEFERRED TAX ASSET,1036000
202040439349300519,650807808,LIBRARY COLLECTION,409514
201933139349300513,135564934,SECURITY DEPOSIT RECEIVABLE,249318
201933139349300513,135564934,SELF INSURANCE TRUST,11122596
201933139349300513,135564934,REINSURANCE RECEIVABLES,230626000
201933139349300513,135564934,OTHER ASSETS,5848322
201933139349300513,135564934,FUNDED DEPRECIATION,25475406
201923169349300502,550526150,Interest in Net Assets - CAMC Foundation,44399162
201923169349300502,550526150,Bond Debt Reserve Fund,12818191
201923169349300502,550526150,Bond Collateral,11460000
201923169349300502,550526150,Trustee Funds,6910053
201923169349300502,550526150,Affiliate Receivable- CAMC Foundation,235060
201923169349300502,550526150,Affiliate Receivable- CHERI,358103
201923169349300502,550526150,Derivative Asset Value,5093850
202030579349300323,541911091,Charitable Remainder Unitrust,529406
202011679349300931,510192025,INVESTMENTS IN SUBSIDIARIES,1392177
202011679349300931,510192025,CONTRACT ADVANCE,23058
202011679349300931,510192025,OTHER ASSETS,1642333
202001339349301990,952462737,"Prepaid Expenses, Long-Term",0
202001339349301990,952462737,197 Security Deposits,4393
202001339349301990,952462737,199 Other Student AR,268629
202001339349301990,952462737,108 Restricted Cash,0
202011819349301651,060646520,CHARITABLE UNITRUSTS,33667
202011819349301651,060646520,CONSTRUCTION IN PROGRESS,6233906
202041979349303804,610444671,FUNDS HELD IN TRUST BY OTHERS,30783825
202041979349303804,610444671,BONDS HELD BY TRUSTEE,26215503
202041979349303804,610444671,OTHER RECEIVABLES,65222
202021299349300407,581845423,UNBILLED PROJECT COSTS,10177220
202021299349300407,581845423,DEFERRED LOSS ON DEBT REFUNDING,2372913
202021299349300407,581845423,DEFERRED LOSS ON LEASE,5564243
202011209349301021,570314408,TRUST FUND ASSETS,5111146
202011209349301021,570314408,CONTRIBUTIONS RECEIVABLE FROM TRUSTS,886517
202011209349301021,570314408,OTHER ASSETS,472161
202011209349301021,570314408,COLLECTIONS,3763878
201933189349310603,221487307,ASSETS HELD BY RELATED ORGANIZATION,58771699
201933189349310603,221487307,DEFERRED FINANCING COSTS AND OTHER ASSETS,112971982
201933189349310603,221487307,PENSION BENEFIT,22083376
202000579349300635,382080820,DEFERRED COMPENSATION PLAN,630467
202001969349305740,943185612,SECURITY DEPOSITS,328182
201943199349300539,200180768,HEBREW SCROLL,85800
202021279349301017,381358036,DUE FROM PURCHASER,361221
202020349349301102,362662739,INTEREST RECEIVABLE,5883
202020349349301102,362662739,OTHER ASSETS,210256
202020349349301102,362662739,ARTWORK COLLECTION,3716668
202020349349301102,362662739,GUARANTEE ON SWAP AGREEMENT,1140181
202020349349301102,362662739,FACILITY LEASE ESCROW,50000
202020349349301102,362662739,DUE FROM AFFILIATE,213229
202020349349301102,362662739,INVESTMENT IN VENUE SIX10,1000
202011969349301326,200536531,PAYROLL DEPOSITS,9309
202011969349301326,200536531,SECURITY DEPOSITS,3035
202030839349300418,420707120,BENEFICIAL INTEREST IN PERTETUAL TRU,6862514
202030839349300418,420707120,COLLECTIBLES,3043375
202030839349300418,420707120,DEBT SERVICE FUND,2546819
202030839349300418,420707120,REMAINDER INTEREST TRUSTS,1299636
202030839349300418,420707120,LIBRARY BOOKS,654025
202030839349300418,420707120,CONSTRUCTION IN PROGRESS,475935
202030839349300418,420707120,LOAN INTEREST RECEIVABLE,449693
202041069349300704,900394713,Due from Affiliates,16910963
202041069349300704,900394713,Deposits,149052
202001789349300340,370673513,BENEFICIAL INTEREST IN PERPETUAL INTEREST,15433933
202001789349300340,370673513,STUDENT LOANS RECEIVABLE,3192178
202021969349303432,430743910,Life estate,976000
202041339349303079,231365351,Inter-Company Receivable from Affiliates,178692
202041339349303079,231365351,Assets Held in Trust - EH Foundation,28163346
202041339349303079,231365351,Health Partners Investment,1843613
202041339349303079,231365351,Investment in Affiliated Companies,777450
201923169349305097,942881684,DEPOSITS,25000
202022389349300047,410682405,Intercompany Receivables,124554288
202022389349300047,410682405,"Film and Video Costs, net",100737
202022389349300047,410682405,CSV Life Insurance,264474
202022389349300047,410682405,Collections,793414
202022389349300047,410682405,Split Interest Agreements,1401966
202022389349300047,410682405,Operating Lease Right to Use,6238026
202022389349300047,410682405,"Curriculum Costs, Net",698598
201943189349306189,160743032,DUE FROM AND INVESTMENTS IN AFFILIATES,24891634
201943189349306189,160743032,DEFERRED COMPENSATION ASSET,4628935
201943189349306189,160743032,LIMITED USE ASSETS,1014807
201943189349306189,160743032,"PENSION ASSET, NET",336137
201941339349302289,231352202,DUE FROM AFFILIATES,33390008
201941339349302289,231352202,GOODWILL,46619695
201941339349302289,231352202,SERP INVESTMENT,114375
201941339349302289,231352202,DEFERRED COMP INSURANCE,788861
202011299349300021,381367080,CASH VALUE OF LIFE INSURANCE,24487
202011299349300021,381367080,STUDENT LOANS RECEIVABLE,115061
202011299349300021,381367080,BENEFICIAL INTEREST IN TRUSTS,10066365
202010249349300116,470376524,ASSETS HELD BY BOND TRUSTEE,1628930
202010249349300116,470376524,BENEF INTEREST IN PERPETUAL TRUSTS,4204159
202010249349300116,470376524,CHARITABLE REMAINDER TRUSTS HELD BY OTHERS,1704800
202010249349300116,470376524,CHARITABLE REMAINDER TRUSTS,107812
202001829349301750,420681067,CSV OF LIFE INSURANCE,450000
202041349349301004,231355135,CAPTIVE RETO PREMIUMS,17913328
202041349349301004,231355135,DUE FROM FOUNDATION,431219
202041349349301004,231355135,DEPOSITS AND DEFERRED FINANCIN,319648
202041349349301004,231355135,PATENTS,14388
202010459349301421,440589787,ASSETS HELD IN TRUST,9689359
202010459349301421,440589787,OTHER RECEIVABLES,42632
202010459349301421,440589787,EST AMT DUE FROM 3RD PARTY,15105
202010459349301421,440589787,CSV OF LIFE INSURANCE,347726
202001899349300520,381358000,BENEFICIAL INTERESTS IN PERPETUAL TR,7615264
202001899349300520,381358000,STUDENT LOAN INTEREST RECEIVABLE,28186
201913199349318161,111661359,EQUITY INTEREST IN THE CSH FDN,13623655
201913199349318161,111661359,estimated due from third party,1260483
201913199349318161,111661359,DUE FROM RELATED PARTIES,118700
201913199349318161,111661359,OTHER,827776
202040979349300804,250965376,CASH SURRENDER VALUE OF LIFE INSURANCE,500103
202040979349300804,250965376,PERPETUAL TRUSTS HELD BY THIRD PARTIES,3865015
202040979349300804,250965376,OTHER ASSETS,1101197
202031409349300113,133838740,SECURITY DEPOSITS,83872
202031409349300113,133838740,BOND ESCROW,1895946
202031409349300113,133838740,OTHER RECEIVABLES,978366
202031409349300113,133838740,DUE FROM AFFILIATES,21749544
202041959349303384,560530005,SPLIT INTEREST AGREEMENTS,937945
202041959349303384,560530005,CASH SURRENDER VALUE OF LIFE INSURANCE,950747
202041959349303384,560530005,INTEREST IN OIL WELL,50389
202041959349303384,560530005,BENEFICIAL INTEREST IN PERPETUAL TRUSTS,7358259
202041959349303384,560530005,ASSETS HELD FOR SALE,26524
202031229349300323,370661491,BENEFICIAL INTEREST IN PERPETUAL TRUSTS,3490690
202031229349300323,370661491,FARMLAND HELD FOR SALE,854243
202031749349300813,043403049,SECURITY DEPOSIT,64703
202001899349300710,150533561,SPLIT INTEREST AGREEMENTS,16842726
202022219349300507,010211534,A/R Workers Compensation Insurance,1041815
202022219349300507,010211534,Assets whose use is limited,159098
202022219349300507,010211534,Beneficial Interest in Perpetual Trusts,911135
202022219349300507,010211534,Board designated funds-Other,10149
202022219349300507,010211534,Investment in Net Assets held @ EMHSF,14340003
202022219349300507,010211534,Self Insurance & Pension Plans,4330655
202022219349300507,010211534,Temporarily Donor Restricted Funds,152781
201903199349313670,132689918,RENTER SECURITY DEPOSIT,214500
202001539349301720,223431049,MISCELLANEOUS RECEIVABLES,1164366
202001539349301720,223431049,INTERCOMPANY OTHER LONG-TERM ASSETS,6371640
202001539349301720,223431049,INTERCOMPANY ACCOUNTS RECEIVABLE,27940280
202000649349301125,231526668,DEPOSITS WITH BOND TRUSTEE,11497411
202000649349301125,231526668,BOOKSTORE PREPAID CARDS,21250
202000649349301125,231526668,CASH ESCROW DEPOSIT,60000
202000649349301125,231526668,LINCOLN STD PLAN PREFUND,5339
202000649349301125,231526668,HEALTH EQUITY RESERVE PREFUND,15640
202030629349301653,381393841,ARTWORK,1529263
202030629349301653,381393841,ART HELD FOR RESALE,323900
202030629349301653,381393841,CHARITABLE REMAINDER UNITRUST INTEREST,327183
201943169349305954,561212691,ENDOWMENTS FUNDS,10050
202002309349302210,721025017,UNAMORTIZED BOND ISSUE COSTS,3773602
202002309349302210,721025017,"DUE FROM PARENT COMPANY, GENERAL HEALTH SYSTEM",46423810
202002309349302210,721025017,GOODWILL,4705977
201923189349304152,580633977,DEPOSIT FSA FUNDING,15000
201923189349304152,580633977,DEPOSIT-VISION FINANCIAL GROUP
201923189349304152,580633977,INVESTMENT ACCT IPHC,1578315
201923189349304152,580633977,LEGAL FEE DEPOSIT
201923189349304152,580633977,LIFE INS CONTRACTS,60789
201923189349304152,580633977,LOAN CLOSING COSTS,140060
201923189349304152,580633977,MEMBERSHIP INITIATION FEE,31020
201923189349304152,580633977,Rounding,1
202001919349301885,314379507,CONSTRUCTION IN PROGRESS,40299672
202001919349301885,314379507,INTEREST IN CHAR.TRUSTS,2675970
202001919349301885,314379507,OTHER ASSETS,4383861
202031889349300823,470384159,BENEFICIAL INTEREST IN LAND,703133
202031889349300823,470384159,PRE-ACCRUED LIQUIDATION COSTS,226397
201913179349300621,462931956,AMTS DUE FROM AFFILIATES,2832297
201913179349300621,462931956,ESTIMATED INSURANCE CLAIMS REC,30481000
202011399349300836,391097032,LIBRARY HOLDINGS,1507382
202011399349300836,391097032,NET CAPITALIZED CLOSING COSTS
202020839349300562,640303086,REAL ESTATE - LAND,16794202
202020839349300562,640303086,REAL ESTATE - TIMBER,3189749
202020839349300562,640303086,COLLECTIONS,1507582
202020839349300562,640303086,HEALTH INSURANCE CLAIMS ACCOUNT,1278906
202020839349300562,640303086,OTHER,243732
201901309349303455,381358036,LIBOR SETTLEMENT RECEIVABLE,812529
201923169349303642,952158727,CHARITABLE REMAINDER TRUSTS,780815
201923169349303642,952158727,PERPETUAL INCOME INTEREST,3635458
201923169349303642,952158727,ASSETS HELD IN CRT,9152565
202042269349302299,060646715,Security Deposits,9000
202042269349302299,060646715,Insurance Receivable,13650146
202042269349302299,060646715,Other Non Current Assets,386553
202042269349302299,060646715,Due from Affiliates,20706305
202041929349301624,470757164,Assets Held for Future Expansion,5043556
202041929349301624,470757164,Intercompany Receivables,330783778
201931349349305608,430743910,Life estate,976000
202011969349305016,951690977,Hospital Fee Program Receivable,174724928
202011969349305016,951690977,Capital Accumulation Account,5667427
202011969349305016,951690977,Goldman Sach-Swap Collateral,8000000
202011969349305016,951690977,Receivables Under Government Program,10565774
202011969349305016,951690977,Other,3042547
202041959349303514,541744931,LT NON-CASH INV - HPL/GL,10617762
202041959349303514,541744931,MEDICARE/MEDICAID SETTLEMENTS,4629665
202041959349303514,541744931,MISC A/R,2899356
202041959349303514,541744931,RIGHT OF USE ASSET,13391155
202021619349301217,465138928,RENT RECEIVABLE,106700
202021619349301217,465138928,MISCELLANEOUS OTHER RECEIVABLES,1371208
202021619349301217,465138928,CONSTRUCTION IN PROGRESS,20055439
202041979349304744,510305893,DEFERRED OUT FLOWS RELATED TO PENSION,13200846
202041979349304744,510305893,DEFERRED OUT FLOWS RELARED TO LOSS ON REFUNDING,603853
202041979349304744,510305893,DEFERRED OUT FLOWS RELATED TO OPEB,5897391
202041979349307674,942822559,MUTUAL FUNDS,248179
202011749349300931,421264647,OTHER ASSETS,1610290
202011749349300931,421264647,MISC ACCOUNTS RECEIVABLE,4229046
202011749349300931,421264647,457B PLAN ASSETS,13094098
202030919349300118,470376551,CASH SURRENDER VALUE OF LIFE INSURANCE POLICIES,324814
202030919349300118,470376551,BENEFICIAL INTEREST IN TRUST,4369541
202030919349300118,470376551,ACCRUED INTEREST & OTHER ASSETS,117472
202021919349302017,560529933,LAND HELD FOR RESALE,1327699
202021919349302017,560529933,BOND PROCEEDS HELD IN TRUST,5723559
202021919349302017,560529933,PERPETUAL TRUSTS HELD BY OTHERS,718267
202042039349300854,480554341,CASH TEMPORARILY RESTRICTED,198378
202042039349300854,480554341,UNCONDITIONAL PROMISES TO GIVE,418180
202042039349300854,480554341,BENEFICIAL INTEREST IN ASSETS HELD BY OTHERS,95829
202042039349300854,480554341,BENEFICIAL INTEREST IN ASSETS HELD IN TRUST,273365
201903199349302265,561684241,DEPOSIT - LEASE,200000
202040129349300004,630771624,CASH - DEFERRED COMPENSATION,71831
202040129349300004,630771624,CASH - SCHOLARSHIP FUND,200360
202041369349301804,132676570,"DUE FROM/TO AFFILIATES, NET",47346035
202041369349301804,132676570,ESCROW DEPOSIT MTI BONDS,9396156
202041369349301804,132676570,ARTWORK,455063
202041369349301804,132676570,OTHER LONG TERM ASSETS,395600
202041369349301804,132676570,ADVANCES,47939
202031939349300723,231352689,Interest in beneficial trust,10604296
202002309349302630,042767880,DUE FROM AFFILIATES,11251613
202002309349302630,042767880,OTHER ASSETS,9829354
202002309349302630,042767880,FEDERAL STUDENT LOANS,576804
202040539349300719,420686467,ACCRUED INTEREST RECEIVABLE,707159
202040539349300719,420686467,ARTWORK,14660483
202040539349300719,420686467,CASH VALUE OF LIFE INSURANCE,1061405
202040539349300719,420686467,"REAL EST, LAND & MNRL RIGHTS",1675002
202040539349300719,420686467,TRUST AGREEMENTS,9605774
201943059349300819,750959996,ENDOWMENT ASSETS,1430988
202021349349300332,230973290,ASSETS HELD IN TRUST BY AFFILIATE,14854792
202021349349300332,230973290,CONTRIBUTION RECEIVABLE,2181928
202020199349300152,134025667,Security Deposit,3325
202031909349300538,340733165,FUNDS HELD IN TRUST,24470135
202031209349300228,231543518,BENEFICIAL INTEREST IN PERPETUAL TRUST - THE GARRISON FOUNDATION,2217882
202031209349300228,231543518,DUE FROM AFFILIATE,2552
202021839349301407,520610538,ASSETS OF RELATED ORGANIZATION,79326288
202021839349301407,520610538,ASSETS WHOSE USE IS LIMITED,5881659
202021839349301407,520610538,MALPRACTICE REINSURANCE,27748123
202021839349301407,520610538,TERRAPIN REINSURANCE,8764399
202021839349301407,520610538,OTHER RECEIVABLES,4188451
202021839349301407,520610538,DUE FROM AFFILIATES,10553066
202021839349301407,520610538,Investment in subsidiaries,1852089
202021839349301407,520610538,Construction funds,25987000
202021839349301407,520610538,Investments held for collateral,4091333
202021839349301407,520610538,Escrow,1272916
202000569349300235,231352692,ASSETS HELD IN TRUST UNDER SPLIT INTEREST AGREEMENTS,11121932
202020239349300412,231608264,BENEFICIAL INTEREST IN PERPETUAL TRUST,1046210
202020239349300412,231608264,CASH SURRENDER VALUE OF LIFE INSURANCE POLICY,50266
202021279349302122,231352202,DUE FROM AFFILIATES,28702510
202021279349302122,231352202,GOODWILL,46619695
202021279349302122,231352202,SERP INVESTMENT,206719
202021279349302122,231352202,DEFERRED COMP INSURANCE,778722
202021359349302647,952798775,INTEREST IN NET ASSETS OF CONCORDIA UNIVERSITY FOUNDATION,6770023
202021359349302647,952798775,BENEFICIAL INTEREST IN PERPETUAL FUNDS,1031943
202021359349302647,952798775,BENEFICIAL INTEREST IN SPLIT INT AGREEMENTS,946168
202021359349302647,952798775,CASH SURRENDER VALUE OF LIFE INSURANCE,561000
201913199349319301,770495439,Deposit,1142300
201913199349319301,770495439,Deposit-Rent,554323
201913199349319301,770495439,Interest Receivable,99982
201913199349319301,770495439,Other Receivables,410000
201913199349319301,770495439,Rounding,5
202031979349305363,200940772,FRS DEFERRED OUTFLOW,1165124
202031979349305363,200940772,HIS DEFERRED OUTFLOW,229685
202031979349305363,200940772,OPEB DEFERRED OUTFLOW,13732
202001359349300800,560543261,DUE FROM FOUNDATION,3162280
202001329349302555,231178880,INTEREST IN CHARITABLE REMAINDER TRUSTS,1529650
202001329349302555,231178880,INTEREST IN PERPETUAL TRUST,7716609
202001329349302555,231178880,PROPERTY HELD FOR SALE,1750000
202011059349300821,741109633,FUNDS HELD IN TRUST BY OTHERS,375260038
202011059349300821,741109633,INTERCOMPANY RECEIVABLES - DUE FROM TRINITY TIGERS INVESTMENT CORPORATION,35175000
202041209349301154,231930438,SECURITY DEPOSITS,72500
202041209349301154,231930438,BENEFICIAL INTEREST IN ASSETS HELD BY COMMUNITY FOUNDATION,22211
202041209349301154,231930438,DUE FROM AFFILIATE,97701
202040429349300919,750950119,Annuity Funds,529084
202040429349300919,750950119,Endowment Funds,21120876
202040429349300919,750950119,Life Income Funds,1165897
202040429349300919,750950119,Restricted Funds Long Term Purposes,795530
202040429349300919,750950119,Unamortized Loan Costs,1543117
202011969349300806,560767736,BENEFICIAL INTEREST IN REMAINDER TRUSTS,5774271
202011969349300806,560767736,OTHER ASSETS,47228
202021399349301552,381374230,ACCRUED INTEREST RECEIVABLE,632146
202021399349301552,381374230,BENEFICIAL INTERESTS IN TRUSTS,98962433
202041359349300629,580566199,SURRENDER VALUE LIFE INSURANCE,35055
202041359349300629,580566199,BENEFICIAL INTEREST IN PERPETUAL TRUSTS,2298615
202041359349300629,580566199,REMAINDER INTEREST TRUSTS,67962
202041359349300629,580566199,DUE FROM RELATED PARTY,1370781
202041359349300629,580566199,HELD FOR SALE,765000
202041359349300629,580566199,INVESTMENT IN LLC,12537500
202011709349301401,440545280,Unamortized Bond Issuance,606012
202011709349301401,440545280,BENEFICIAL INTEREST IN CRUTS,13363351
202011709349301401,440545280,CSV LIFE INSURANCE,11146
202011709349301401,440545280,Intercompany Receivable,1523031
202011709349301401,440545280,457(B) DEFERRED COMP PLAN,973736
202031979349302288,530196640,ACCRUED INVESTMENT INCOME,172270
202031979349302288,530196640,FUNDS HELD IN TRUST BY OTHERS,11983867
202011359349304156,200363127,DUE TO / FROM TOURO UNIVERSITY,1951943
202011359349304156,200363127,DUE TO / FROM TOURO COLLEGE,22181316
202011359349304156,200363127,ARTWORK INVENTORY,22000
202011359349304156,200363127,SECURITY DEPOSITS,6515
202011359349304156,200363127,BOND ESCROW,11384736
202011699349300536,620730291,VARIABLE ANNUITY,536818
201923189349303787,112868878,OTHER RECEIVABLES,2513790
201923189349303787,112868878,DEPOSITS,59475
201923189349303787,112868878,INSURANCE RECEIVABLE,50282587
201923189349303787,112868878,INVESTMENT IN HEALTHFIRST,13194753
201923189349303787,112868878,INVESTMENT IN VERIZON,10143
201923189349303787,112868878,DUE FROM AFFILIATE,27144108
202001909349300440,952544535,ALTERNATIVE ASSET PARTNERSHIPS - DISTRESSED/DEBT RELATED,10072025
202001909349300440,952544535,ALTERNATIVE ASSET PARTNERSHIPS - ENERGY/RESOURCES,16705062
202001909349300440,952544535,ALTERNATIVE ASSET PARTNERSHIPS - INTERNATIONAL PRIVATE EQUITY,8020582
202001909349300440,952544535,ALTERNATIVE ASSET PARTNERSHIPS - REAL ESTATE,13239907
202001909349300440,952544535,ALTERNATIVE ASSET PARTNERSHIPS - U.S. PRIVATE EQUITY,18812282
202001909349300440,952544535,ALTERNATIVE ASSET PARTNERSHIPS - VENTURE CAPITAL,25252344
202001909349300440,952544535,MARKETABLE ALTERNATIVES - DISTRESSED,6000000
202001909349300440,952544535,MARKETABLE ALTERNATIVES - DIVERSIFIED ARBITRAGE,23400000
202001909349300440,952544535,MARKETABLE ALTERNATIVES - DIVERSIFIERS,21500000
202001909349300440,952544535,MARKETABLE ALTERNATIVES - EVENT DRIVEN,15600000
202001909349300440,952544535,MARKETABLE ALTERNATIVES - GLOBAL LONG/SHORT,35300000
202001909349300440,952544535,MARKETABLE ALTERNATIVES - OPPORTUNISTIC,8200000
202001909349300440,952544535,WEST COAST CONFERENCE,500530
202001909349300440,952544535,OTHER ASSETS,351147
202001909349300440,952544535,ALTERNATIVE ASSET PARTNERSHIPS - DIVERSIFIERS,613780
202040229349300729,930726917,Long Term Promissory Notes,625000
202040229349300729,930726917,Student Loans Receivable,69004
202042409349301469,210634484,ORGANIZATIONS,74062957
202042409349301469,210634484,RECEIVABLE,19260184
202042409349301469,210634484,OTHER RECEIVABLES,1975188
202042409349301469,210634484,LEASING ARRANGEMENTS,6496692
202042409349301469,210634484,PENSION ASSET,4035269
202042409349301469,210634484,OTHER ASSETS,1007432
202041069349300219,042108346,WALLACE FARM SECURITY DEPOSIT,10000
202041069349300219,042108346,OTHER ASSETS,15551
202041069349300219,042108346,ASSETS UNDER CAPITAL LEASING ARRANGEMENTS,3200599
202041069349300219,042108346,ICE RINK SECURITY DEPOSIT,240000
202021049349300752,350868096,INSURANCE,200452
202021049349300752,350868096,PERPETUAL TRUSTS,10891156
202021049349300752,350868096,REMAINDER TRUST,1108692
202011369349304416,362167842,BENEFICIAL INTEREST IN TRUST,13219055
202011369349304416,362167842,IRREVOCABLE TRUST RECEIVABLE,608921
202021479349300707,620479189,BENEFICIAL INTEREST IN TRUST,6522186
202021479349300707,620479189,PROPERTY HELD FOR RESALE/INVESTMENT,1889231
202041069349300829,341018992,Funds Held By Others,298189006
202041069349300829,341018992,Health Education Campus,59889646
202011959349302841,250967480,DUE FROM AFFILIATES,27308844
202011959349302841,250967480,OTHER ASSETS,80185
201923169349300302,550753754,"Affiliate Receivable - Charleston Area Medical Center, Inc.",2973114
201923169349300302,550753754,"Affiliate Receivable - CAMC Foundation, Inc.",258146
201923169349300302,550753754,"Interest in Net Assets - CAMC Foundation, Inc.",3598689
202011369349301941,350868073,Interest in charitable trusts,1684190
202011369349301941,350868073,Due from related organization,203230026
202031369349303793,510143399,TUITION RECEIVABLE-LONG TERM,51065
202031369349303793,510143399,INTEREST RECEIVABLE-DEF'D TUITION,12257
202031369349303793,510143399,LEASE SECURITY DEPOSIT,5000
202031369349303793,510143399,WORKER COMP DEPOSIT,384
202031369349303793,510143399,RESERVE FOR UNCOLLECTIBLE TUITION,-31310
202032279349301638,640306253,ASSETS WHOSE USE IS LIMITED,21108776
202032279349301638,640306253,DEFERRED COMPENSATION FUND,12055602
202032279349301638,640306253,CONSTRUCTION IN PROCESS,2245827
202032279349301638,640306253,INTEREST RATE SWAP RECEIVABLE,304803
202032279349301638,640306253,ABOVE MARKET LEASE ASSET,1140068
202032279349301638,640306253,DUE FROM AFFILIATES,32898
202032279349301638,640306253,OTHER ASSETS,257567
202001359349303465,560529988,CONTRIBUTIONS RECEIVABLE,236984
202001359349303465,560529988,BENEFICIAL INTEREST,4569266
202001359349303465,560529988,OTHER,483461
202001359349303465,560529988,DUE FROM PEACE COLL OF RALEIGH,-1115271
202031979349302188,131624225,457B PLAN ASSETS,12490851
202031979349302188,131624225,INVESTMENTS HELD FOR AECOM INC,39961553
202031979349302188,131624225,DONOR RELATED ASSETS,11644218
202031979349302188,131624225,OTHER ASSETS,13287660
202001959349300610,231352651,DUE FROM AFFILIATES,1657437342
202001959349300610,231352651,OTHER RECEIVABLES,2165000
202001959349300610,231352651,OTHER ASSETS,5792210
201923189349314107,262037695,INVESTMENT IN HSOC,1455243
201923189349314107,262037695,SOFTWARE LICENSING,267164
201923189349314107,262037695,OTHER RECEIVABLES,26344055
201923189349314107,262037695,PERMANENT ENDOWMENTS,20353781
201923189349314107,262037695,GOODWILL,147065
201923189349314107,262037695,NMTC NOTES RECEIVABLE,37024247
201923189349314107,262037695,INVESTMENT IN NMTC,56307746
202010949349300021,750983821,Beneficial interest - perpetual trust,251677
202030439349301143,430610813,ASSETS HELD IN TRUST BY OTHERS,3738156
202031069349301408,951643334,ASSETS LIMITED BY BOND INDENT.,89452103
202031069349301408,951643334,RIGHT OF USE ASSETS,23558104
201913199349301856,210662542,DUE FROM AFFILIATES,4631058
201913199349301856,210662542,OTHER ASSETS,3187000
201913199349301856,210662542,OTHER RECEIVABLES,1081108
202040239349301019,233069199,DUE FROM RELATED PARTIES,849857
201913199349302206,221487322,DUE FROM AFFILIATES,29573627
201913199349302206,221487322,OTHER RECEIVABLES,14861864
201913199349302206,221487322,OTHER ASSETS,17970536
202000559349301750,314379584,REMAINDER INTEREST IN LIFE INCOME TRUST,624672
202000559349301750,314379584,BENEFICIAL INTEREST IN PERPETUAL TRUST,16499815
202000559349301750,314379584,PREPAID BOND COSTS
202040499349301414,910473310,BENEFICIAL INTEREST IN ASSETS HELD BY OTHERS,21701496
202040499349301414,910473310,DEPOSITS HELD BY TRUSTEE,2903437
202040499349301414,910473310,OTHER ASSETS - COSTA RICA LAND,1000000
202000459349301110,390988997,Assets held under split-interest agreements,1297191
202001979349303335,630288870,Bond issuance cost,746127
202021619349300317,750957351,Real estate/other,1196260
201913299349300926,386080947,LONG-TERM RECEIVABLE-CELL TOWER,200000
202000519349300035,231365953,ASSETS HELD IN CHARITABLE REMAINDER,5095000
202000519349300035,231365953,BENEFICIAL INTEREST IN REMAINDER TRUST,6174183
202010349349300346,750855633,BENEFICIAL INTEREST,31284340
201933199349305448,351148835,"Contribution Receivable-Leasehold Interest, Net of Amortization",29233333
201923199349301622,560554230,DUE FROM AFFILIATES,1222043594
201903179349308575,160743134,DUE FROM AFFILIATES,105575674
201903179349308575,160743134,BENEFICIAL INT IN RGHF ASSETS,65795261
201903179349308575,160743134,OTHER ASSETS,375550
201903179349308575,160743134,ESTIMATED THIRD PARTY REC,109130838
201903179349308575,160743134,SELF-INSURANCE ASSET,93352785
201923199349304052,470724387,OTHER ASSETS,5766635
201923199349304052,470724387,BENEFICIAL INTEREST IN THE NET ASSETS OF THE FOUNDATION,10790329
201923199349304052,470724387,CONSTRUCTION IN PROGRESS,6367
201923109349301637,550357056,INTEREST IN PERPETUAL TRUSTS,11271884
201923109349301637,550357056,DEPOSIT HELD BY TRUSTEE,207157
202020739349300307,480547846,RESTR. FUNDS HELD BY TRUSTEE,169932
202020739349300307,480547846,DEFERRED BONDS,184376
202020739349300307,480547846,BENEFICIAL INT-PERPETUAL TRUST,5779444
202001979349306785,860186050,ONLINE CURRICULUM,2730750
202001979349306785,860186050,UNAMORTIZED BOND EXPENSE,390665
201903199349301620,416011702,DUE FROM AFFILIATES,412890387
201903199349301620,416011702,INVESTMENTS IN SUBSIDIARIES,533459979
201903199349301620,416011702,CONTRIBUTED ASSETS PENDING DISPOSAL,85694164
201903199349301620,416011702,ART,3167394
201903199349301620,416011702,TRUSTS,78756134
201903199349301620,416011702,DEFERRED INCOME TAX ASSET,28067664
201903119349301670,470394397,Beneficial interest in trusts held by others,0
201903119349301670,470394397,Bequest receivable,135402
201903189349301735,133916822,SECURITY DEPOSITS,64561
201943179349309024,111631796,OTHER ASSETS,8347171
201943179349309024,111631796,DEPOSITS ON EQUIPMENT,3354411
201943179349309024,111631796,DUE FROM RELATED PROF. CORPS.,243306511
201943179349309024,111631796,INVESTS. HELD BY CAPTIVE INS.,214448447
201943179349309024,111631796,PARTNERSHIP JV INVESTMENT,783044
201943179349309024,111631796,PROF LIABILITY INS. RECOVERIES,7798190
202012269349300246,060646652,INVESTMENT IN RELATED ORGS / OTHER,71409389
202012269349300246,060646652,PROFESSIONAL LIABILITIES INS. RECOVERIES,97710000
202012269349300246,060646652,DEFERRED EMPLOYEE BENEFITS,80411679
201943199349311464,131740127,OTHER RECEIVABLES,7726037
201943199349311464,131740127,BOARD DESIGNATED FUND,127058
201943199349311464,131740127,MEDICAL MALPRACTICE FUND,56331
201943199349311464,131740127,OTHER LIMITED USE ASSETS,556184
201943199349311464,131740127,DEBT SERVICE RESERVE FUND,221927
201943199349311464,131740127,LETTER OF CREDIT/WORKERS COMPENSATION INSURANCE,42000
201943199349311464,131740127,DUE FROM AFFILIATES,43066
201933179349304493,131740126,DUE FROM THIRD PARTY PAYORS,10695568
201933179349304493,131740126,OTHER NON-CURRENT ASSETS,5620579
201933179349304493,131740126,OTHER RECEIVABLES,2817586
201933179349304493,131740126,PROFESSIONAL INSURANCE - RCVBL,4798563
202040789349300904,420680332,BENEFICIAL INTEREST IN PERPETUAL TRU,6161581
202040789349300904,420680332,SAVINGS ACCTS & CDS,2484643
202040789349300904,420680332,DEBT SERVICE RESERVE FUND,1246423
202040789349300904,420680332,COLLECTIONS,704794
202040789349300904,420680332,PROPERTY HELD FOR SALE,360000
202040789349300904,420680332,MINERAL RIGHTS,310000
202040789349300904,420680332,CASH SURRENDER VALUE OF LIFE INS,188804
202040789349300904,420680332,REFUNDABLE GOVT LOAN PROGRAM,97684
201913199349302586,362167792,Investments in land and buildings,540840
201913199349302586,362167792,Investments other,3430391
201913199349302586,362167792,Other,515154
201913199349302586,362167792,Trust Holdings,149196895
202001969349305490,362167921,BENEFICIAL INTEREST IN IRREVOCABLE TRUST,4183468
202022269349301412,060646554,OTHER RECEIVABLES,2058220
202022269349301412,060646554,"INTEREST IN BRIDGEPORT HOSPITAL FOUNDATION,INC.",93773327
202022269349301412,060646554,INTEREST IN BRIDGEPORT HOSPITAL AUXILIARY,498580
202022269349301412,060646554,INTEREST IN CENTURY FINANCIAL SERVICES,776226
202022269349301412,060646554,THIRD PARTY RECEIVABLES,2626336
202022269349301412,060646554,PROFESSIONAL LIABILITIES INSURANCE RECOVERIES RECEIVABLES,25470000
201903179349304825,160743905,Workers Comp Short Term Investment,1118118
201903179349304825,160743905,457 Plan Investment Funds,6747701
201903179349304825,160743905,A/R Workers Comp Excess Insurance,247262
201903179349304825,160743905,Bond Payment Fund,1802316
201903179349304825,160743905,Subsidiary Investment,4616049
201903179349304825,160743905,Due from Affiliated Companies,7979925
201903179349304825,160743905,Interest-Net Assets of Foundation,23168344
202041919349300929,630288850,Interests in perpetual trusts,7010671
202041919349300929,630288850,Real estate investments,780881
202041919349300929,630288850,Other assets,206764
202041919349300929,630288850,Estates receivable,10000
201932819349300503,020344073,BENEFICIAL INTEREST IN TRUST,1169619
201932819349300503,020344073,PROPERTY TAXES HELD IN ESCROW,12602
202001209349300120,390806202,BENEFICIAL INTEREST IN PRIVATE FOUNDATION,13488733
202001209349300120,390806202,INVESTMENT IN JOINT VENTURE,136449
201923179349303092,060647016,BENEFICIAL INTEREST IN PERPETUAL TRUSTS,9862428
201923179349303092,060647016,SPLIT-INTEREST AGREEMENTS,40891
201913509349300331,660277396,BENEFICIAL INTEREST IN PERPEPTUAL TRUST,3473728
201913509349300331,660277396,OTHER ASSETS,56825
201903529349301410,231352001,BENEFICIAL INTEREST IN TRUSTS,8053157
201933179349304138,341726619,Interest in net assets of Foundation,1764979
201933189349306258,586001901,"DUE FROM UNIVERSITY HEALTH SERVICES, INC",144573283
202011129349301016,521106842,DEPOSITS,1800
202011129349301016,521106842,TORAHS,149203
202011129349301016,521106842,CONSTRUCTION IN PROGRESS,141808
202011129349301016,521106842,OTHER CURRENT ASSETS,250
201943089349302289,611124267,Beneficial Interest in Foundation Assets,49490975
201943089349302289,611124267,Accounts Receivable- Foundation LOC
201943089349302289,611124267,Interest Receivable
201943089349302289,611124267,Other Assets,9279
202011359349301341,020223339,Funds held under Bond Agreement,19581771
202000989349300110,480543728,BEQUEST RECEIVABLE,7786314
202000989349300110,480543728,RESTRICTED CASH FOR PROPERTY & EQUIP,3113350
202000989349300110,480543728,LOANS RECEIVABLE FROM STUDENTS,744516
202000989349300110,480543728,RESTRICTED CASH FOR BOND RESERVE,424940
202012269349302321,060646597,457B ASSET,282756
202012269349302321,060646597,BOND ESCROW FUND,14
202012269349302321,060646597,BOND ISSUANCE COST,909392
202012269349302321,060646597,BULK ACCOUNTS NET OF RESERVE,232128
202012269349302321,060646597,CSV ON OFFICER'S LIFE POLICY,1520509
202012269349302321,060646597,DANBURY SURGICAL CENTER,1862602
202012269349302321,060646597,DUE FROM RELATED PARTIES,4670812
202012269349302321,060646597,INTEREST IN DH/NMH FOUNDATION,115298136
202012269349302321,060646597,INVESTMENT IN SONIC LAB,3684047
202012269349302321,060646597,MALPRACTICE RECEIVABLE,1345000
202012269349302321,060646597,MORRISON DEPOSIT,96418
202012269349302321,060646597,OTHER RECEIVABLES,6956059
202012269349302321,060646597,CONSTRUCTION FUND,27418497
202012269349302321,060646597,E.I.CLAIMS RECOVERY RECEIVABLE,43167000
202012269349302321,060646597,UNDEWRITERS DICOUNTS,997542
202012269349302321,060646597,W. CT ORTH. SURG. CENTER,9091919
202022309349300637,610444716,SELF INSURANCE FUNDS,185200
202022309349300637,610444716,TRUSTEED FUNDS,1317
202022309349300637,610444716,DUE FROM RELATED PARTIES,179476237
202022309349300637,610444716,OTHER RECEIVABLES,1201063
202022309349301017,050259026,OTHER ASSETS,461815
202022309349301017,050259026,MALPRACTICE INSURANCE RECEIVABLE,3383682
201913199349306311,440545297,INVESTMENT IN AFFILIATES,7782396
201913199349306311,440545297,RECEIVABLE FROM AFFILIATES,7623322
201913199349306311,440545297,OTHER ASSETS,3610834
201913199349306311,440545297,BENEFICIAL INTEREST IN ASSETS OF FOUNDATION,168158073
202041929349300239,232810852,GOODWILL,24887819
202041929349300239,232810852,BOND FINANCING COSTS,662849
202041929349300239,232810852,MERGER FINANCING COSTS,1473467
202041929349300239,232810852,OTHER NON-CURRENT ASSETS,19429051
202040659349300404,751081109,DEPOSITS,16997
202040659349300404,751081109,CASH VALUE OF LIFE INSURANCE,6808
202040659349300404,751081109,MINERAL RIGHTS,200
202040659349300404,751081109,INVESTMENTS HELD IN TRUSTS,987816
202040659349300404,751081109,INTEREST IN AWS FDN ASSETS,1625363
202040659349300404,751081109,INTEREST IN LETU FDN ASSETS,20645103
201943199349311284,112705352,RECOVERABLE DEPOSITS,307182
201943199349311284,112705352,FINE ARTS,11176569
201943199349311284,112705352,LIBRARY BOOKS,383661
202032279349300738,060646813,INTERCOMPANY ACCOUNTS RECEIVABLE,403236834
202032279349300738,060646813,MISCELLANEOUS RECEIVABLES,5842372
202032279349300738,060646813,INVESTMENT IN AFFILIATES,13718442
202032279349300738,060646813,INTERCOMPANY OTHER ASSETS,10951361
202032279349300738,060646813,REINSURANCE RECOVERY,17531221
202032279349300738,060646813,OTHER LONG TERM ASSETS,2883933
201943199349321164,222325405,Beneficial Interest in Assets of Foundation,6188437
201943199349321164,222325405,Insurance Receivable,2786655
201943199349321164,222325405,Equity in Related Parties,4937015
201943199349321164,222325405,Other Assets,1531275
202031929349301818,951916051,Trust and Annuity Assets,1615159
202031929349301818,951916051,Assets Held for Sale,1600500
202040999349300609,542052107,DUE FROM RELATED PARTIES,15166372
202001969349302655,231352118,DEFERRED COMPENSATION PLAN ASSETS,2034058
202001969349302655,231352118,DUE FROM AFFILIATE,2558862
202001969349302655,231352118,INVESTMENT IN AFFILIATE,-256997
202032319349300013,272361792,SECURITY DEPOSITS/ PREPAID EXPENSES,25350
202032309349303183,381948285,INTERFUND,1364553
202032309349303183,381948285,OTHER ASSETS,30650
202000149349301415,476025325,LIBRARY INVENTORY,301377
202001219349301515,132553815,DUE FROM RELATED PARTIES,314570
202001979349308065,570387838,CONSTRUCTION IN PROGRESS,1161896
202001009349300900,240795441,BENEFICIAL INTEREST IN PERPETUAL TRUSTS,2078805
201943189349309864,381357020,INVESTMENTS IN PARTNERSHIP,19229741
201943189349309864,381357020,INVESTMENTS IN JOINT VENTURES,12918321
201943189349309864,381357020,OTHER,893493
201943189349309864,381357020,DEFERRED COMPENSATION,115841218
202040919349300614,620483210,OTHER ASSETS,144821
202040919349300614,620483210,BENEFICIAL INTEREST IN ASSETS HELD BY OTHERS,2015990
201933229349300443,480548361,PREPAID LONG-TERM LEASE,944592
201933229349300443,480548361,INSURANCE DEPOSITS,1267182
201933229349300443,480548361,TRUSTS & LIFE INCOME PLANS,193225
201933229349300443,480548361,BENEFICIAL INTEREST IN ASSETS HELD BY OTHERS,207635
202041979349307824,271906132,Property and Equipment,1037258
202041979349307824,271906132,Security Deposit,270000
202031339349300113,133281910,OTHER RECEIVABLES,227662
202031339349300113,133281910,RESTRICTED CASH-LETTER OF CREDIT,611282
202031369349301838,610470593,ASSETS HELD IN TRUST BY OTHERS,13693558
202031369349301838,610470593,OTHER ASSETS,1455906
202031369349301838,610470593,ASSETS LIMITED AS TO USE,688691
202031369349301838,610470593,REAL ESTATE,24288101
202002269349302950,060646768,Due from Affiliates,37363320
202002269349302950,060646768,Long Term Malpractice Rec,15719309
202002269349302950,060646768,Short Term Malpratice,5147994
202002269349302950,060646768,Other Non Currect Assets,3532
202002269349302950,060646768,SERP Asset,5298072
202002269349302950,060646768,Patient Refunds,147838
201922849349302012,941748275,Prepaid expenses/work in progress,588616
201922849349302012,941748275,Right of Use asset,350755
202000399349300710,150543962,ASSET HELD BY AFFILIATE FOR LIFE INCOME TRUSTS,1182897
202000399349300710,150543962,INVESTMENT PROPERTY,26600
201943229349300319,860197576,"ARCHIVES, ART OBJECTS, AND DRAWING LIBRARY COLLECTION",2859567
202010649349300911,580593438,SHORT-TERM INVESTMENTS,3581718
202010649349300911,580593438,BENEFICIAL INTEREST IN TRUST,822284
202010649349300911,580593438,NOTES RECEIVABLE,510578
202010649349300911,580593438,CASH SURRENDER VALUE OF LIFE INS,338211
202010649349300911,580593438,ISSUANCE COSTS,99476
202010649349300911,580593438,CONSTRUCTION IN PROGRESS,68529
202001359349302845,560594591,ASSETS HELD FOR SALE,6126000
202011479349300971,480543729,INTEREST IN PERPETUAL TRUSTS,13254732
202011479349300971,480543729,Other Asset,53043
202031339349303223,208825983,DEPOSITS,2000000
202011329349301101,240804602,BENEFICIAL INTEREST IN PERPETUAL TRUSTS,6802517
202011329349301101,240804602,DEFERRED FINANCING COSTS,598583
202011329349301101,240804602,RELATED PARTY RECEIVABLE,3326400
202011329349301101,240804602,INVESTMENT IN SBM LLC,5220281
202032249349301328,043348440,RESTRICTED DEPOSITS,3569437
202032249349301328,043348440,OTHER RECEIVABLES,3677029
